profile,algorithm,frameIndex,timeSeconds,cameraName,cameraX,cameraY,cameraZ,heightMapWidth,heightMapHeight,vertexCount,indexCount,buildWallMilliseconds,experimentSchemaVersion,terrainSize,heightScale,maxDepth,screenSpaceSplitThresholdPixels,screenSpaceMergeThresholdPixels,triangleBudget,dodParallelSplitEnabled,localConstraintsEnabled,topologyValidationEnabled,passEvidenceEnabled,topologyPairEvidenceEnabled,mergeScoreAction,splitScoreAction,mergeTopologyAction,splitTopologyAction,meshEmitAction,cpuUploadAction,mergeScoreWorkerLimit,splitScoreWorkerLimit,mergeTopologyWorkerLimit,splitTopologyWorkerLimit,meshEmitWorkerLimit,splitTopologyMinParallelCandidateCount,mergeTopologyMinParallelCandidateCount,parallelTopologyTargetBuild,parallelTopologyPhase,buildSequence,replayInputHash,topologyHash,activeLeafHash,meshHash,normalizedMeshHash,evidenceTriangleBudget,budgetViolationCount,queueInvariantViolationCount,resourceValidationFailureCount,resultValidationEvaluated,resultValidationPassed,resultValidationFailureMask,referenceComparisonEvaluated,referenceComparisonPassed,referenceComparisonDifferenceMask,passEvidenceMilliseconds,activeTriangleCount,activeNodeCount,originalTriangleCount,subdividedTriangleCount,rebuiltTriangleCount,activeSplitCount,splitCount,forcedSplitCount,mergeCount,crackRiskCount,constraintPassCount,candidatePeakCount,persistentSplitQueueSize,persistentMergeQueueSize,queueCrossoverCount,queueMembershipUpdateCount,cpuMeshFullRebuildCount,cpuMeshUpdatedTriangleCount,cpuMeshReusedTriangleCount,cpuMeshDirtyRangeCount,rejectedSplitCount,budgetRejectedSplitCount,rejectedMergeCount,tjunctionCount,invalidNeighborCount,invalidTopologyCount,cpuGpuUploadBytes,cpuGpuReadbackBytes,cpuWorkerCount,topologyCommitMinCandidateCount,splitTopologyCommitMinCandidateCount,mergeTopologyCommitMinCandidateCount,splitTopologyCandidateCount,splitTopologyNonEmptyChunkCount,splitTopologyCommitWorkerCount,parallelSplitCommitCount,mergeTopologyCandidateCount,mergeTopologyNonEmptyChunkCount,mergeTopologyCommitWorkerCount,parallelMergeCommitCount,interiorSplitCandidateCount,boundarySplitCandidateCount,interiorMergeCandidateCount,boundaryMergeCandidateCount,cpuUpdateMilliseconds,cpuUtilizationPercent,cpuPrepareMilliseconds,cpuMergeCandidateMarkMilliseconds,cpuMergeTopologyMilliseconds,cpuSplitTopologyChunkBuildMilliseconds,cpuSplitTopologyQueueInvalidationMilliseconds,cpuSplitTopologyParallelCommitMilliseconds,cpuSplitTopologyResultMergeMilliseconds,cpuSplitTopologyIndexQueueRefreshMilliseconds,cpuSplitTopologySerialConvergenceMilliseconds,cpuMergeTopologyChunkBuildMilliseconds,cpuMergeTopologyQueueInvalidationMilliseconds,cpuMergeTopologyParallelCommitMilliseconds,cpuMergeTopologyResultMergeMilliseconds,cpuMergeTopologyIndexQueueRefreshMilliseconds,cpuMergeTopologySerialConvergenceMilliseconds,cpuBudgetLeafCollectMilliseconds,cpuErrorEvalMilliseconds,cpuSplitCandidateMarkMilliseconds,cpuSplitTopologyMilliseconds,cpuFinalLeafCollectMilliseconds,cpuMeshEmitMilliseconds,cpuFinalizeMilliseconds,cpuUploadMilliseconds,algorithmRenderMilliseconds,splitMilliseconds,mergeMilliseconds,emitMilliseconds,validateMilliseconds,maxActiveDepth,mergeTopologyPairEvaluated,mergeTopologyPairEquivalent,mergeTopologyPairFrozenCandidateHash,mergeTopologyPairFrozenCandidateCount,mergeTopologyPairCandidateSnapshotMs,mergeTopologyPairEvidenceMs,mergeTopologyPairSerialAction,mergeTopologyPairSerialTopologyHash,mergeTopologyPairSerialActiveLeafHash,mergeTopologyPairSerialQueueMembershipHash,mergeTopologyPairSerialMeshEditHash,mergeTopologyPairSerialActiveTriangleCount,mergeTopologyPairSerialInteriorCandidateCount,mergeTopologyPairSerialBoundaryCandidateCount,mergeTopologyPairSerialEffectiveWorkerCount,mergeTopologyPairSerialEarlyCommitCount,mergeTopologyPairSerialBudgetViolationCount,mergeTopologyPairSerialQueueInvariantViolationCount,mergeTopologyPairSerialTjunctionCount,mergeTopologyPairSerialInvalidNeighborCount,mergeTopologyPairSerialInvalidTopologyCount,mergeTopologyPairSerialStateCloneMs,mergeTopologyPairSerialChunkBuildMs,mergeTopologyPairSerialQueueInvalidationMs,mergeTopologyPairSerialCommitMs,mergeTopologyPairSerialResultMergeMs,mergeTopologyPairSerialIndexQueueRefreshMs,mergeTopologyPairSerialSerialConvergenceMs,mergeTopologyPairSerialWallMs,mergeTopologyPairParallelAction,mergeTopologyPairParallelTopologyHash,mergeTopologyPairParallelActiveLeafHash,mergeTopologyPairParallelQueueMembershipHash,mergeTopologyPairParallelMeshEditHash,mergeTopologyPairParallelActiveTriangleCount,mergeTopologyPairParallelInteriorCandidateCount,mergeTopologyPairParallelBoundaryCandidateCount,mergeTopologyPairParallelEffectiveWorkerCount,mergeTopologyPairParallelEarlyCommitCount,mergeTopologyPairParallelBudgetViolationCount,mergeTopologyPairParallelQueueInvariantViolationCount,mergeTopologyPairParallelTjunctionCount,mergeTopologyPairParallelInvalidNeighborCount,mergeTopologyPairParallelInvalidTopologyCount,mergeTopologyPairParallelStateCloneMs,mergeTopologyPairParallelChunkBuildMs,mergeTopologyPairParallelQueueInvalidationMs,mergeTopologyPairParallelCommitMs,mergeTopologyPairParallelResultMergeMs,mergeTopologyPairParallelIndexQueueRefreshMs,mergeTopologyPairParallelSerialConvergenceMs,mergeTopologyPairParallelWallMs,splitTopologyPairEvaluated,splitTopologyPairEquivalent,splitTopologyPairFrozenCandidateHash,splitTopologyPairFrozenCandidateCount,splitTopologyPairCandidateSnapshotMs,splitTopologyPairEvidenceMs,splitTopologyPairSerialAction,splitTopologyPairSerialTopologyHash,splitTopologyPairSerialActiveLeafHash,splitTopologyPairSerialQueueMembershipHash,splitTopologyPairSerialMeshEditHash,splitTopologyPairSerialActiveTriangleCount,splitTopologyPairSerialInteriorCandidateCount,splitTopologyPairSerialBoundaryCandidateCount,splitTopologyPairSerialEffectiveWorkerCount,splitTopologyPairSerialEarlyCommitCount,splitTopologyPairSerialBudgetViolationCount,splitTopologyPairSerialQueueInvariantViolationCount,splitTopologyPairSerialTjunctionCount,splitTopologyPairSerialInvalidNeighborCount,splitTopologyPairSerialInvalidTopologyCount,splitTopologyPairSerialStateCloneMs,splitTopologyPairSerialChunkBuildMs,splitTopologyPairSerialQueueInvalidationMs,splitTopologyPairSerialCommitMs,splitTopologyPairSerialResultMergeMs,splitTopologyPairSerialIndexQueueRefreshMs,splitTopologyPairSerialSerialConvergenceMs,splitTopologyPairSerialWallMs,splitTopologyPairParallelAction,splitTopologyPairParallelTopologyHash,splitTopologyPairParallelActiveLeafHash,splitTopologyPairParallelQueueMembershipHash,splitTopologyPairParallelMeshEditHash,splitTopologyPairParallelActiveTriangleCount,splitTopologyPairParallelInteriorCandidateCount,splitTopologyPairParallelBoundaryCandidateCount,splitTopologyPairParallelEffectiveWorkerCount,splitTopologyPairParallelEarlyCommitCount,splitTopologyPairParallelBudgetViolationCount,splitTopologyPairParallelQueueInvariantViolationCount,splitTopologyPairParallelTjunctionCount,splitTopologyPairParallelInvalidNeighborCount,splitTopologyPairParallelInvalidTopologyCount,splitTopologyPairParallelStateCloneMs,splitTopologyPairParallelChunkBuildMs,splitTopologyPairParallelQueueInvalidationMs,splitTopologyPairParallelCommitMs,splitTopologyPairParallelResultMergeMs,splitTopologyPairParallelIndexQueueRefreshMs,splitTopologyPairParallelSerialConvergenceMs,splitTopologyPairParallelWallMs,pass_mergeScoreRequestedAction,pass_mergeScoreEffectiveAction,pass_mergeScoreFallbackReason,pass_mergeScoreMembershipUpdate,pass_mergeScorePriorityRefresh,pass_mergeScoreDataUpdate,pass_mergeScoreRequestedWorkerCount,pass_mergeScoreEffectiveWorkerCount,pass_mergeScoreCandidateCount,pass_mergeScoreDirtyItemCount,pass_mergeScoreScoreMs,pass_mergeScoreHeapifyMs,pass_mergeScoreCandidateSnapshotMs,pass_mergeScoreMembershipUpdateCount,pass_mergeScoreMembershipUpdateMs,pass_mergeScoreWallMs,pass_splitScoreRequestedAction,pass_splitScoreEffectiveAction,pass_splitScoreFallbackReason,pass_splitScoreMembershipUpdate,pass_splitScorePriorityRefresh,pass_splitScoreDataUpdate,pass_splitScoreRequestedWorkerCount,pass_splitScoreEffectiveWorkerCount,pass_splitScoreCandidateCount,pass_splitScoreDirtyItemCount,pass_splitScoreScoreMs,pass_splitScoreHeapifyMs,pass_splitScoreCandidateSnapshotMs,pass_splitScoreMembershipUpdateCount,pass_splitScoreMembershipUpdateMs,pass_splitScoreWallMs,pass_mergeTopologyRequestedAction,pass_mergeTopologyEffectiveAction,pass_mergeTopologyFallbackReason,pass_mergeTopologyMembershipUpdate,pass_mergeTopologyPriorityRefresh,pass_mergeTopologyDataUpdate,pass_mergeTopologyRequestedWorkerCount,pass_mergeTopologyEffectiveWorkerCount,pass_mergeTopologyCandidateCount,pass_mergeTopologyDirtyItemCount,pass_mergeTopologyScoreMs,pass_mergeTopologyHeapifyMs,pass_mergeTopologyCandidateSnapshotMs,pass_mergeTopologyMembershipUpdateCount,pass_mergeTopologyMembershipUpdateMs,pass_mergeTopologyWallMs,pass_splitTopologyRequestedAction,pass_splitTopologyEffectiveAction,pass_splitTopologyFallbackReason,pass_splitTopologyMembershipUpdate,pass_splitTopologyPriorityRefresh,pass_splitTopologyDataUpdate,pass_splitTopologyRequestedWorkerCount,pass_splitTopologyEffectiveWorkerCount,pass_splitTopologyCandidateCount,pass_splitTopologyDirtyItemCount,pass_splitTopologyScoreMs,pass_splitTopologyHeapifyMs,pass_splitTopologyCandidateSnapshotMs,pass_splitTopologyMembershipUpdateCount,pass_splitTopologyMembershipUpdateMs,pass_splitTopologyWallMs,pass_meshEmitRequestedAction,pass_meshEmitEffectiveAction,pass_meshEmitFallbackReason,pass_meshEmitMembershipUpdate,pass_meshEmitPriorityRefresh,pass_meshEmitDataUpdate,pass_meshEmitRequestedWorkerCount,pass_meshEmitEffectiveWorkerCount,pass_meshEmitCandidateCount,pass_meshEmitDirtyItemCount,pass_meshEmitScoreMs,pass_meshEmitHeapifyMs,pass_meshEmitCandidateSnapshotMs,pass_meshEmitMembershipUpdateCount,pass_meshEmitMembershipUpdateMs,pass_meshEmitWallMs,pass_cpuUploadRequestedAction,pass_cpuUploadEffectiveAction,pass_cpuUploadFallbackReason,pass_cpuUploadMembershipUpdate,pass_cpuUploadPriorityRefresh,pass_cpuUploadDataUpdate,pass_cpuUploadRequestedWorkerCount,pass_cpuUploadEffectiveWorkerCount,pass_cpuUploadCandidateCount,pass_cpuUploadDirtyItemCount,pass_cpuUploadScoreMs,pass_cpuUploadHeapifyMs,pass_cpuUploadCandidateSnapshotMs,pass_cpuUploadMembershipUpdateCount,pass_cpuUploadMembershipUpdateMs,pass_cpuUploadWallMs,passed
classic-dod-contract,classic_cpu_roam,0,0,far,0,14,28,129,129,15858,15858,19.014,3,30,4,14,4,2,20000,true,true,true,true,false,automatic,automatic,automatic,automatic,automatic,automatic,0,0,0,0,0,32,160,0,both,1,6692688724509534682,3290870560055724850,14831305610407540912,6372751161259606031,16990902349635293387,20000,0,0,0,1,1,0,1,1,0,1.7109,5286,10570,0,0,5286,5284,5284,2621,0,0,2621,6207,5286,921,0,38339,1,5286,0,1,0,0,0,0,0,0,0,0,1,0,0,0,0,0,0,0,0,0,0,0,0,0,0,0,17.2853,82.2355,1.5195,0,0,0,0,0,0,0,9.042,0,0,0,0,0,0,0,0,0.0004,9.042,0,2.7024,0.4354,0,0,9.0424,0,2.7024,3.5847,13,false,false,0,0,0,0,notRun,0,0,0,0,0,0,0,0,0,0,0,0,0,0,0,0,0,0,0,0,0,0,notRun,0,0,0,0,0,0,0,0,0,0,0,0,0,0,0,0,0,0,0,0,0,0,false,false,0,0,0,0,notRun,0,0,0,0,0,0,0,0,0,0,0,0,0,0,0,0,0,0,0,0,0,0,notRun,0,0,0,0,0,0,0,0,0,0,0,0,0,0,0,0,0,0,0,0,0,0,automatic,serialFullRefresh,noWork,incremental,fullAllCurrentEntries,notApplicable,1,0,0,0,0,0,0,22485,0.753412,0,automatic,serialFullRefresh,none,incremental,fullAllCurrentEntries,notApplicable,1,1,2,0,0.0002,0.0002,0,15854,1.95505,0.0004,automatic,serialImmediate,noWork,incremental,notApplicable,incremental,1,0,0,0,0,0,0,0,0,0,automatic,serialImmediate,none,incremental,notApplicable,incremental,1,1,2,0,0,0,0,0,0,9.042,automatic,serialDirty,none,notApplicable,notApplicable,full,1,1,0,5286,0,0,0,0,0,2.7024,notRun,notRun,none,notApplicable,notApplicable,notApplicable,0,0,0,0,0,0,0,0,0,0,1
classic-dod-contract,classic_cpu_roam,1,1,center,0,4,0,129,129,1584,1584,6.9932,3,30,4,14,4,2,20000,true,true,true,true,false,automatic,automatic,automatic,automatic,automatic,automatic,0,0,0,0,0,32,160,0,both,2,16613856838735461489,12284691576663289020,13145843594356838718,3556291172255450394,8123965070139444953,20000,0,0,0,1,1,0,1,1,0,0.1623,528,11154,0,15,513,526,307,172,5065,0,172,6204,528,74,0,23305,0,528,0,1,0,0,0,0,0,0,0,0,1,0,0,0,0,0,0,0,0,0,0,0,0,0,0,0,6.8222,223.671,0.0435,0.1037,3.83009,0,0,0,0,0,0.537506,0,0,0,0,0,0,0,0,0.3744,0.537506,0,1.4321,0.0775,0,0,0.911906,3.93379,1.4321,0.4228,14,false,false,0,0,0,0,notRun,0,0,0,0,0,0,0,0,0,0,0,0,0,0,0,0,0,0,0,0,0,0,notRun,0,0,0,0,0,0,0,0,0,0,0,0,0,0,0,0,0,0,0,0,0,0,false,false,0,0,0,0,notRun,0,0,0,0,0,0,0,0,0,0,0,0,0,0,0,0,0,0,0,0,0,0,notRun,0,0,0,0,0,0,0,0,0,0,0,0,0,0,0,0,0,0,0,0,0,0,automatic,serialFullRefresh,none,incremental,fullAllCurrentEntries,notApplicable,1,1,921,0,0.0991,0.0046,0,7189,0.601491,0.1037,automatic,serialFullRefresh,none,incremental,fullAllCurrentEntries,notApplicable,1,1,5286,0,0.3182,0.0562,0,16116,0.625687,0.3744,automatic,serialImmediate,none,incremental,notApplicable,incremental,1,1,921,0,0,0,0,0,0,3.83009,automatic,serialImmediate,none,incremental,notApplicable,incremental,1,1,5286,0,0,0,0,0,0,0.537506,automatic,serialDirty,none,notApplicable,notApplicable,incremental,1,1,0,528,0,0,0,0,0,1.4321,notRun,notRun,none,notApplicable,notApplicable,notApplicable,0,0,0,0,0,0,0,0,0,0,1
classic-dod-contract,classic_cpu_roam,2,2,away,0,4,0,129,129,108,108,0.6311,3,30,4,14,4,2,20000,true,true,true,true,false,automatic,automatic,automatic,automatic,automatic,automatic,0,0,0,0,0,32,160,0,both,3,6364355211521644740,3276995553317821495,7964929943695650529,1858895939735683044,12105522749531069528,20000,0,0,0,1,1,0,1,1,0,0.0112,36,11154,0,0,36,34,0,0,492,0,0,599,36,3,0,2201,0,36,0,1,0,0,0,0,0,0,0,0,1,0,0,0,0,0,0,0,0,0,0,0,0,0,0,0,0.6157,0,0.007,0.0073,0.3795,0,0,0,0,0,0.00679988,0,0,0,0,0,0,0,0,0.0196,0.00679988,0,0.1117,0.0057,0,0,0.0263999,0.3868,0.1117,0.0778,6,false,false,0,0,0,0,notRun,0,0,0,0,0,0,0,0,0,0,0,0,0,0,0,0,0,0,0,0,0,0,notRun,0,0,0,0,0,0,0,0,0,0,0,0,0,0,0,0,0,0,0,0,0,0,false,false,0,0,0,0,notRun,0,0,0,0,0,0,0,0,0,0,0,0,0,0,0,0,0,0,0,0,0,0,notRun,0,0,0,0,0,0,0,0,0,0,0,0,0,0,0,0,0,0,0,0,0,0,automatic,serialFullRefresh,none,incremental,fullAllCurrentEntries,notApplicable,1,1,74,0,0.0069,0.0004,0,725,0.0569003,0.0073,automatic,serialFullRefresh,none,incremental,fullAllCurrentEntries,notApplicable,1,1,528,0,0.0143,0.0053,0,1476,0.0500003,0.0196,automatic,serialImmediate,none,incremental,notApplicable,incremental,1,1,74,0,0,0,0,0,0,0.3795,automatic,serialImmediate,none,incremental,notApplicable,incremental,1,1,528,0,0,0,0,0,0,0.00679988,automatic,serialDirty,none,notApplicable,notApplicable,incremental,1,1,0,36,0,0,0,0,0,0.1117,notRun,notRun,none,notApplicable,notApplicable,notApplicable,0,0,0,0,0,0,0,0,0,0,1
classic-dod-contract,classic_cpu_roam,3,3,near-corner,-13,2.5,-13,129,129,40296,40296,43.4218,3,30,4,14,4,2,20000,true,true,true,true,false,automatic,automatic,automatic,automatic,automatic,automatic,0,0,0,0,0,32,160,0,both,4,6365742068290443845,12524807577237453790,8412537804463082256,12911641642559578147,2592196602051530047,20000,0,0,0,1,1,0,1,1,0,4.6031,13432,30274,0,0,13432,13430,13396,6809,0,0,6809,15985,13432,2553,0,94918,0,13432,0,1,0,0,0,0,0,0,0,0,1,0,0,0,0,0,0,0,0,0,0,0,0,0,0,0,38.8038,107.984,0.0004,0.0006,0,0,0,0,0,0,20.6822,0,0,0,0,0,0,0,0,0.0039,20.6822,0,6.6875,1.4413,0,0,20.6861,0.0006,6.6875,9.9873,14,false,false,0,0,0,0,notRun,0,0,0,0,0,0,0,0,0,0,0,0,0,0,0,0,0,0,0,0,0,0,notRun,0,0,0,0,0,0,0,0,0,0,0,0,0,0,0,0,0,0,0,0,0,0,false,false,0,0,0,0,notRun,0,0,0,0,0,0,0,0,0,0,0,0,0,0,0,0,0,0,0,0,0,0,notRun,0,0,0,0,0,0,0,0,0,0,0,0,0,0,0,0,0,0,0,0,0,0,automatic,serialFullRefresh,none,incremental,fullAllCurrentEntries,notApplicable,1,1,3,0,0.0006,0,0,54730,1.9192,0.0006,automatic,serialFullRefresh,none,incremental,fullAllCurrentEntries,notApplicable,1,1,36,0,0.0036,0.0003,0,40188,4.30653,0.0039,automatic,serialImmediate,none,incremental,notApplicable,incremental,1,1,3,0,0,0,0,0,0,0,automatic,serialImmediate,none,incremental,notApplicable,incremental,1,1,36,0,0,0,0,0,0,20.6822,automatic,serialDirty,none,notApplicable,notApplicable,incremental,1,1,0,13432,0,0,0,0,0,6.6875,notRun,notRun,none,notApplicable,notApplicable,notApplicable,0,0,0,0,0,0,0,0,0,0,1
classic-dod-contract,classic_cpu_roam,4,4,far-return,0,60,120,129,129,2973,2973,19.8293,3,30,4,14,4,2,20000,true,true,true,true,false,automatic,automatic,automatic,automatic,automatic,automatic,0,0,0,0,0,32,160,0,both,5,1157307314905137652,11441879988000250485,14426144526354771534,14947095923627075292,15107872859526859913,20000,0,0,0,1,1,0,1,1,0,0.3056,991,30274,0,36,955,989,0,0,12441,0,0,15982,991,222,0,62886,0,991,0,1,0,0,0,0,0,0,0,0,1,0,0,0,0,0,0,0,0,0,0,0,0,0,0,0,19.5114,78.8381,0.1386,0.5757,12.9116,0,0,0,0,0,0.158395,0,0,0,0,0,0,0,0,0.8435,0.158395,0,3.5627,0.415,0,0,1.00189,13.4873,3.5627,0.9052,10,false,false,0,0,0,0,notRun,0,0,0,0,0,0,0,0,0,0,0,0,0,0,0,0,0,0,0,0,0,0,notRun,0,0,0,0,0,0,0,0,0,0,0,0,0,0,0,0,0,0,0,0,0,0,false,false,0,0,0,0,notRun,0,0,0,0,0,0,0,0,0,0,0,0,0,0,0,0,0,0,0,0,0,0,notRun,0,0,0,0,0,0,0,0,0,0,0,0,0,0,0,0,0,0,0,0,0,0,automatic,serialFullRefresh,none,incremental,fullAllCurrentEntries,notApplicable,1,1,2553,0,0.5606,0.0151,0,25563,3.20005,0.5757,automatic,serialFullRefresh,none,incremental,fullAllCurrentEntries,notApplicable,1,1,13432,0,0.7288,0.1147,0,37323,1.2584,0.8435,automatic,serialImmediate,none,incremental,notApplicable,incremental,1,1,2553,0,0,0,0,0,0,12.9116,automatic,serialImmediate,none,incremental,notApplicable,incremental,1,1,13432,0,0,0,0,0,0,0.158395,automatic,serialDirty,none,notApplicable,notApplicable,incremental,1,1,0,991,0,0,0,0,0,3.5627,notRun,notRun,none,notApplicable,notApplicable,notApplicable,0,0,0,0,0,0,0,0,0,0,1
classic-dod-contract,classic_cpu_roam,5,5,center-return,0,4,0,129,129,1584,1584,2.549,3,30,4,14,4,2,20000,true,true,true,true,false,automatic,automatic,automatic,automatic,automatic,automatic,0,0,0,0,0,32,160,0,both,6,16613856838735461489,12284691576663289020,13145843594356838718,14527154189182617785,8123965070139444953,20000,0,0,0,1,1,0,1,1,0,0.1655,528,30274,0,5,523,526,422,252,885,0,252,1211,528,74,0,7349,0,528,0,1,0,0,0,0,0,0,0,0,1,0,0,0,0,0,0,0,0,0,0,0,0,0,0,0,2.378,0,0.0122,0.0308,0.719301,0,0,0,0,0,0.618199,0,0,0,0,0,0,0,0,0.0648,0.618199,0,0.3991,0.0293,0,0,0.682999,0.7501,0.3991,0.5037,14,false,false,0,0,0,0,notRun,0,0,0,0,0,0,0,0,0,0,0,0,0,0,0,0,0,0,0,0,0,0,notRun,0,0,0,0,0,0,0,0,0,0,0,0,0,0,0,0,0,0,0,0,0,0,false,false,0,0,0,0,notRun,0,0,0,0,0,0,0,0,0,0,0,0,0,0,0,0,0,0,0,0,0,0,notRun,0,0,0,0,0,0,0,0,0,0,0,0,0,0,0,0,0,0,0,0,0,0,automatic,serialFullRefresh,none,incremental,fullAllCurrentEntries,notApplicable,1,1,222,0,0.0284,0.0024,0,3428,0.189602,0.0308,automatic,serialFullRefresh,none,incremental,fullAllCurrentEntries,notApplicable,1,1,991,0,0.0587,0.0061,0,3921,0.188103,0.0648,automatic,serialImmediate,none,incremental,notApplicable,incremental,1,1,222,0,0,0,0,0,0,0.719301,automatic,serialImmediate,none,incremental,notApplicable,incremental,1,1,991,0,0,0,0,0,0,0.618199,automatic,serialDirty,none,notApplicable,notApplicable,incremental,1,1,0,528,0,0,0,0,0,0.3991,notRun,notRun,none,notApplicable,notApplicable,notApplicable,0,0,0,0,0,0,0,0,0,0,1
classic-dod-contract,data_oriented_cpu_roam,0,0,far,0,14,28,129,129,15858,15858,14.5703,3,30,4,14,4,2,20000,true,true,true,true,false,automatic,automatic,automatic,automatic,automatic,automatic,0,0,0,0,0,32,160,0,both,1,6692688724509534682,3290870560055724850,14831305610407540912,11168766160131254887,16990902349635293387,20000,0,0,0,1,1,0,1,1,0,1.737,5286,10570,0,0,5286,5284,5284,2621,0,0,2621,6207,5286,921,0,38337,1,5286,0,1,0,0,0,0,0,0,0,0,8,32,32,160,0,0,1,0,0,0,1,0,0,2,0,0,12.817,107.33,1.5781,0.0001,0.0096,0.003,0,0,0,0,6.7382,0.0016,0,0,0,0,0.0003,0,0,0.0003,6.7479,0,1.3201,0.4319,0,0,6.7482,0.0097,1.3201,2.7287,13,false,false,0,0,0,0,notRun,0,0,0,0,0,0,0,0,0,0,0,0,0,0,0,0,0,0,0,0,0,0,notRun,0,0,0,0,0,0,0,0,0,0,0,0,0,0,0,0,0,0,0,0,0,0,false,false,0,0,0,0,notRun,0,0,0,0,0,0,0,0,0,0,0,0,0,0,0,0,0,0,0,0,0,0,notRun,0,0,0,0,0,0,0,0,0,0,0,0,0,0,0,0,0,0,0,0,0,0,automatic,serialFullRefresh,noWork,incremental,fullAllCurrentEntries,notApplicable,0,0,0,0,0,0.0001,0,22485,0.6799,0.0001,automatic,serialFullRefresh,belowParallelThreshold,incremental,fullAllCurrentEntries,notApplicable,0,1,2,0,0.0003,0,0,15852,1.82224,0.0003,automatic,serialImmediate,noWork,incremental,notApplicable,incremental,0,1,0,0,0,0,0.0001,0,0,0.002,automatic,serialImmediate,belowParallelThreshold,incremental,notApplicable,incremental,0,1,2,0,0,0,0.0003,0,0,6.7415,automatic,parallelDirty,none,notApplicable,notApplicable,full,0,8,0,5286,0,0,0,0,0,1.3201,notRun,notRun,none,notApplicable,notApplicable,notApplicable,0,0,0,0,0,0,0,0,0,0,1
classic-dod-contract,data_oriented_cpu_roam,1,1,center,0,4,0,129,129,1584,1584,6.2834,3,30,4,14,4,2,20000,true,true,true,true,false,automatic,automatic,automatic,automatic,automatic,automatic,0,0,0,0,0,32,160,0,both,2,16613856838735461489,12284691576663289020,13145843594356838718,5372593562675670442,8123965070139444953,20000,0,0,0,1,1,0,1,1,0,0.1664,528,11154,0,15,513,526,307,172,5065,0,172,5332,528,74,0,23463,0,528,0,1,0,0,0,0,0,0,0,0,8,32,32,160,0,0,1,0,375,61,8,741,0,58,375,533,6.1076,248.976,0.0461,0.1026,4.788,0.0042,0,0,0,0,0.4885,0.0621,0.2867,0.13,0.0055,1.3552,2.8972,0,0,0.0149,0.4971,0,0.1967,0.0778,0,0,0.512,4.8906,0.1967,0.3844,14,false,false,0,0,0,0,notRun,0,0,0,0,0,0,0,0,0,0,0,0,0,0,0,0,0,0,0,0,0,0,notRun,0,0,0,0,0,0,0,0,0,0,0,0,0,0,0,0,0,0,0,0,0,0,false,false,0,0,0,0,notRun,0,0,0,0,0,0,0,0,0,0,0,0,0,0,0,0,0,0,0,0,0,0,notRun,0,0,0,0,0,0,0,0,0,0,0,0,0,0,0,0,0,0,0,0,0,0,automatic,parallelFullRefresh,none,incremental,fullAllCurrentEntries,notApplicable,0,8,921,0,0.0993,0.0033,0,7347,0.626292,0.1026,automatic,serialFullRefresh,belowParallelThreshold,incremental,fullAllCurrentEntries,notApplicable,0,1,221,0,0.0133,0.0016,0,16116,0.671195,0.0149,automatic,parallelAssisted,none,incremental,notApplicable,incremental,0,8,908,0,0,0,0.0032,0,0,4.7399,automatic,serialImmediate,belowParallelThreshold,incremental,notApplicable,incremental,0,1,58,0,0,0,0.0014,0,0,0.4941,automatic,parallelDirty,none,notApplicable,notApplicable,incremental,0,8,0,528,0,0,0,0,0,0.1967,notRun,notRun,none,notApplicable,notApplicable,notApplicable,0,0,0,0,0,0,0,0,0,0,1
classic-dod-contract,data_oriented_cpu_roam,2,2,away,0,4,0,129,129,108,108,0.5331,3,30,4,14,4,2,20000,true,true,true,true,false,automatic,automatic,automatic,automatic,automatic,automatic,0,0,0,0,0,32,160,0,both,3,6364355211521644740,3276995553317821495,7964929943695650529,16415046377984995772,12105522749531069528,20000,0,0,0,1,1,0,1,1,0,0.0114,36,11154,0,0,36,34,0,0,492,0,0,599,36,3,0,2201,0,36,0,1,0,0,0,0,0,0,0,0,1,32,32,160,0,0,1,0,50,4,1,0,0,0,50,24,0.5188,0,0.0076,0.0079,0.3261,0.0009,0,0,0,0,0.0001,0.0039,0,0,0,0,0.3179,0,0,0.0003,0.0025,0,0.0197,0.0061,0,0,0.0028,0.334,0.0197,0.1485,6,false,false,0,0,0,0,notRun,0,0,0,0,0,0,0,0,0,0,0,0,0,0,0,0,0,0,0,0,0,0,notRun,0,0,0,0,0,0,0,0,0,0,0,0,0,0,0,0,0,0,0,0,0,0,false,false,0,0,0,0,notRun,0,0,0,0,0,0,0,0,0,0,0,0,0,0,0,0,0,0,0,0,0,0,notRun,0,0,0,0,0,0,0,0,0,0,0,0,0,0,0,0,0,0,0,0,0,0,automatic,serialFullRefresh,belowParallelThreshold,incremental,fullAllCurrentEntries,notApplicable,0,1,74,0,0.0077,0.0002,0,725,0.0558002,0.0079,automatic,serialFullRefresh,belowParallelThreshold,incremental,fullAllCurrentEntries,notApplicable,0,1,36,0,0.0002,0.0001,0,1476,0.0444002,0.0003,automatic,serialImmediate,belowParallelThreshold,incremental,notApplicable,incremental,0,1,74,0,0,0,0.0006,0,0,0.3224,automatic,serialImmediate,noWork,incremental,notApplicable,incremental,0,1,0,0,0,0,0.0003,0,0,0.0013,automatic,serialDirty,belowParallelThreshold,notApplicable,notApplicable,incremental,0,1,0,36,0,0,0,0,0,0.0197,notRun,notRun,none,notApplicable,notApplicable,notApplicable,0,0,0,0,0,0,0,0,0,0,1
classic-dod-contract,data_oriented_cpu_roam,3,3,near-corner,-13,2.5,-13,129,129,40296,40296,30.2739,3,30,4,14,4,2,20000,true,true,true,true,false,automatic,automatic,automatic,automatic,automatic,automatic,0,0,0,0,0,32,160,0,both,4,6365742068290443845,12524807577237453790,8412537804463082256,1465410233806767223,2592196602051530047,20000,0,0,0,1,1,0,1,1,0,4.5591,13432,30274,0,0,13432,13430,13396,6809,0,0,6809,15985,13432,2553,0,94918,0,13432,0,1,0,0,0,0,0,0,0,0,8,32,32,160,0,0,1,0,0,0,1,0,0,36,0,0,25.7045,103.25,0.0006,0.0008,0.0008,0.0017,0,0,0,0,16.3264,0.0003,0,0,0,0,0.0001,0,0,0.0037,16.3293,0,1.3019,1.1116,0,0,16.333,0.0016,1.3019,6.9555,14,false,false,0,0,0,0,notRun,0,0,0,0,0,0,0,0,0,0,0,0,0,0,0,0,0,0,0,0,0,0,notRun,0,0,0,0,0,0,0,0,0,0,0,0,0,0,0,0,0,0,0,0,0,0,false,false,0,0,0,0,notRun,0,0,0,0,0,0,0,0,0,0,0,0,0,0,0,0,0,0,0,0,0,0,notRun,0,0,0,0,0,0,0,0,0,0,0,0,0,0,0,0,0,0,0,0,0,0,automatic,serialFullRefresh,belowParallelThreshold,incremental,fullAllCurrentEntries,notApplicable,0,1,3,0,0.0007,0.0001,0,54730,1.78848,0.0008,automatic,serialFullRefresh,belowParallelThreshold,incremental,fullAllCurrentEntries,notApplicable,0,1,36,0,0.0035,0.0002,0,40188,4.11349,0.0037,automatic,serialImmediate,noWork,incremental,notApplicable,incremental,0,1,0,0,0,0,0.0001,0,0,0.0005,automatic,serialImmediate,belowParallelThreshold,incremental,notApplicable,incremental,0,1,36,0,0,0,0.0002,0,0,16.3283,automatic,parallelDirty,none,notApplicable,notApplicable,incremental,0,8,0,13432,0,0,0,0,0,1.3019,notRun,notRun,none,notApplicable,notApplicable,notApplicable,0,0,0,0,0,0,0,0,0,0,1
classic-dod-contract,data_oriented_cpu_roam,4,4,far-return,0,60,120,129,129,2973,2973,18.139,3,30,4,14,4,2,20000,true,true,true,true,false,automatic,automatic,automatic,automatic,automatic,automatic,0,0,0,0,0,32,160,0,both,5,1157307314905137652,11441879988000250485,14426144526354771534,9601079688089741496,15107872859526859913,20000,0,0,0,1,1,0,1,1,0,0.3157,991,30274,0,36,955,989,0,0,12441,0,0,12103,991,222,0,60334,0,991,0,1,0,0,0,0,0,0,0,0,8,32,32,160,0,0,1,0,1608,63,8,3192,0,0,1608,945,17.815,86.1712,0.1674,0.1624,16.0858,0.0007,0,0,0,0,0.0002,0.1413,1.3094,0.3941,0.0118,5.9708,8.0558,0,0,0.0161,0.0073,0,0.297,0.2197,0,0,0.0234,16.2482,0.297,0.8591,10,false,false,0,0,0,0,notRun,0,0,0,0,0,0,0,0,0,0,0,0,0,0,0,0,0,0,0,0,0,0,notRun,0,0,0,0,0,0,0,0,0,0,0,0,0,0,0,0,0,0,0,0,0,0,false,false,0,0,0,0,notRun,0,0,0,0,0,0,0,0,0,0,0,0,0,0,0,0,0,0,0,0,0,0,notRun,0,0,0,0,0,0,0,0,0,0,0,0,0,0,0,0,0,0,0,0,0,0,automatic,parallelFullRefresh,none,incremental,fullAllCurrentEntries,notApplicable,0,8,2553,0,0.1434,0.019,0,23011,2.90469,0.1624,automatic,parallelFullRefresh,none,incremental,fullAllCurrentEntries,notApplicable,0,8,991,0,0.0143,0.0018,0,37323,1.51853,0.0161,automatic,parallelAssisted,none,incremental,notApplicable,incremental,0,8,2553,0,0,0,0.013,0,0,15.8962,automatic,serialImmediate,noWork,incremental,notApplicable,incremental,0,1,0,0,0,0,0.0023,0,0,0.0032,automatic,parallelDirty,none,notApplicable,notApplicable,incremental,0,8,0,991,0,0,0,0,0,0.297,notRun,notRun,none,notApplicable,notApplicable,notApplicable,0,0,0,0,0,0,0,0,0,0,1
classic-dod-contract,data_oriented_cpu_roam,5,5,center-return,0,4,0,129,129,1584,1584,2.094,3,30,4,14,4,2,20000,true,true,true,true,false,automatic,automatic,automatic,automatic,automatic,automatic,0,0,0,0,0,32,160,0,both,6,16613856838735461489,12284691576663289020,13145843594356838718,17090139534174106181,8123965070139444953,20000,0,0,0,1,1,0,1,1,0,0.1576,528,30274,0,5,523,526,422,252,885,0,252,1198,528,74,0,7349,0,528,0,1,0,0,0,0,0,0,0,0,8,32,32,160,0,0,1,0,6,6,1,0,0,20,6,209,1.9316,0,0.0148,0.0272,0.6394,0.0012,0,0,0,0,0.4651,0.0067,0,0,0,0,0.6232,0,0,0.0039,0.4687,0,0.1102,0.0314,0,0,0.4726,0.6666,0.1102,0.6358,14,false,false,0,0,0,0,notRun,0,0,0,0,0,0,0,0,0,0,0,0,0,0,0,0,0,0,0,0,0,0,notRun,0,0,0,0,0,0,0,0,0,0,0,0,0,0,0,0,0,0,0,0,0,0,false,false,0,0,0,0,notRun,0,0,0,0,0,0,0,0,0,0,0,0,0,0,0,0,0,0,0,0,0,0,notRun,0,0,0,0,0,0,0,0,0,0,0,0,0,0,0,0,0,0,0,0,0,0,automatic,serialFullRefresh,belowParallelThreshold,incremental,fullAllCurrentEntries,notApplicable,0,1,222,0,0.0257,0.0015,0,3428,0.196402,0.0272,automatic,serialFullRefresh,belowParallelThreshold,incremental,fullAllCurrentEntries,notApplicable,0,1,106,0,0.003,0.0009,0,3921,0.193903,0.0039,automatic,serialImmediate,belowParallelThreshold,incremental,notApplicable,incremental,0,1,215,0,0,0,0.001,0,0,0.6309,automatic,serialImmediate,belowParallelThreshold,incremental,notApplicable,incremental,0,1,20,0,0,0,0.0006,0,0,0.4669,automatic,parallelDirty,none,notApplicable,notApplicable,incremental,0,8,0,528,0,0,0,0,0,0.1102,notRun,notRun,none,notApplicable,notApplicable,notApplicable,0,0,0,0,0,0,0,0,0,0,1
