frame,source,nominalSeconds,event,width,height,fov,near,far,px,py,pz,fx,fy,fz,view00,view01,view02,view03,view10,view11,view12,view13,view20,view21,view22,view23,view30,view31,view32,view33,no00,no01,no02,no03,no10,no11,no12,no13,no20,no21,no22,no23,no30,no31,no32,no33,zo00,zo01,zo02,zo03,zo10,zo11,zo12,zo13,zo20,zo21,zo22,zo23,zo30,zo31,zo32,zo33,poseHash,noHash,zoHash
0,0,0,reveal,1280,720,60,0.10000000149011612,800,0,50.389419555664062,72,0,-0.35521775484085083,-0.93478357791900635,0.99999994039535522,0,-0,0,-0,0.93478351831436157,0.35521775484085083,0,0,-0.35521772503852844,0.93478357791900635,0,-0,-21.527523040771484,-85.203636169433594,1,0.97427862882614136,0,0,0,0,1.732050895690918,0,0,0,0,-1.000249981880188,-1,0,0,-0.20002499222755432,0,0.97427862882614136,0,0,0,0,1.732050895690918,0,0,0,0,-1.0001249313354492,-1,0,0,-0.10001249611377716,0,10556526114892932750,11757157781803020719,15310660121906759531
1,1,0.033333333333333333,reveal,1280,720,60,0.10000000149011612,800,0,50.389419555664062,72,0.036889772862195969,-0.35521775484085083,-0.93405544757843018,0.99922102689743042,0.014018112793564796,-0.036889772862195969,0,-0,0.93478363752365112,0.35521775484085083,0,0.039463434368371964,-0.35494104027748108,0.93405544757843018,0,-2.841367244720459,-21.547451019287109,-85.151206970214844,1,0.97427862882614136,0,0,0,0,1.732050895690918,0,0,0,0,-1.000249981880188,-1,0,0,-0.20002499222755432,0,0.97427862882614136,0,0,0,0,1.732050895690918,0,0,0,0,-1.0001249313354492,-1,0,0,-0.10001249611377716,0,4693242674872321505,5813215438154598576,9878761044094778064
2,2,0.066666666666666666,reveal,1280,720,60,0.10000000149011612,800,0,50.389419555664062,72,0.073722079396247864,-0.35521775484085083,-0.93187201023101807,0.99688524007797241,0.028014387935400009,-0.073722079396247864,0,-0,0.93478357791900635,0.35521775484085083,0,0.078865393996238708,-0.35411134362220764,0.93187201023101807,0,-5.6783084869384766,-21.607185363769531,-84.994003295898438,1,0.97427862882614136,0,0,0,0,1.732050895690918,0,0,0,0,-1.000249981880188,-1,0,0,-0.20002499222755432,0,0.97427862882614136,0,0,0,0,1.732050895690918,0,0,0,0,-1.0001249313354492,-1,0,0,-0.10001249611377716,0,9615969980420470247,11292600435939687374,8189118447325186074
3,3,0.10000000000000001,reveal,1280,720,60,0.10000000149011612,800,0,50.389419555664062,72,0.11043950915336609,-0.35521775484085083,-0.92823672294616699,0.99299633502960205,0.041967008262872696,-0.11043950915336609,0,-0,0.9347834587097168,0.35521775484085083,0,0.11814446002244949,-0.3527299165725708,0.92823672294616699,0,-8.5064010620117188,-21.706642150878906,-84.732261657714844,1,0.97427862882614136,0,0,0,0,1.732050895690918,0,0,0,0,-1.000249981880188,-1,0,0,-0.20002499222755432,0,0.97427862882614136,0,0,0,0,1.732050895690918,0,0,0,0,-1.0001249313354492,-1,0,0,-0.10001249611377716,0,15031009771875877079,9147555568449264382,9242591166820427402
4,4,0.13333333333333333,reveal,1280,720,60,0.10000000149011612,800,0,50.389419555664062,72,0.14698491990566254,-0.35521778464317322,-0.92315536737442017,0.98756051063537598,0.055854272097349167,-0.14698491990566254,0,-0,0.93478357791900635,0.35521778464317322,0,0.15723951160907745,-0.35079905390739441,0.92315536737442017,0,-11.321245193481445,-21.845670700073242,-84.366401672363281,1,0.97427862882614136,0,0,0,0,1.732050895690918,0,0,0,0,-1.000249981880188,-1,0,0,-0.20002499222755432,0,0.97427862882614136,0,0,0,0,1.732050895690918,0,0,0,0,-1.0001249313354492,-1,0,0,-0.10001249611377716,0,2399015591604880748,13045959037879598645,3880316273639834765
5,5,0.16666666666666666,reveal,1280,720,60,0.10000000149011612,800,0,50.389419555664062,72,0.18330127000808716,-0.35521775484085083,-0.91663569211959839,0.98058593273162842,0.069654479622840881,-0.18330127000808716,0,-0,0.93478351831436157,0.35521775484085083,0,0.19608952105045319,-0.34832152724266052,0.91663569211959839,0,-14.11844539642334,-22.024049758911133,-83.896987915039062,1,0.97427862882614136,0,0,0,0,1.732050895690918,0,0,0,0,-1.000249981880188,-1,0,0,-0.20002499222755432,0,0.97427862882614136,0,0,0,0,1.732050895690918,0,0,0,0,-1.0001249313354492,-1,0,0,-0.10001249611377716,0,3454847886990299441,7565834442814924352,4517375548305521824
6,6,0.20000000000000001,reveal,1280,720,60,0.10000000149011612,800,0,50.389419555664062,72,0.21933206915855408,-0.35521775484085083,-0.90868794918060303,0.97208374738693237,0.083346180617809296,-0.21933206915855408,0,-0,0.93478357791900635,0.35521775484085083,0,0.23463405668735504,-0.34530141949653625,0.90868794918060303,0,-16.893651962280273,-22.241500854492188,-83.324745178222656,1,0.97427862882614136,0,0,0,0,1.732050895690918,0,0,0,0,-1.000249981880188,-1,0,0,-0.20002499222755432,0,0.97427862882614136,0,0,0,0,1.732050895690918,0,0,0,0,-1.0001249313354492,-1,0,0,-0.10001249611377716,0,15954416177393024455,1406321379510974318,15597272261902040186
7,7,0.23333333333333334,reveal,1280,720,60,0.10000000149011612,800,0,50.389419555664062,72,0.25502118468284607,-0.35521775484085083,-0.89932447671890259,0.96206700801849365,0.096908040344715118,-0.25502118468284607,0,-0,0.93478351831436157,0.35521775484085083,0,0.27281305193901062,-0.34174329042434692,0.89932447671890259,0,-19.642539978027344,-22.497682571411133,-82.650581359863281,1,0.97427862882614136,0,0,0,0,1.732050895690918,0,0,0,0,-1.000249981880188,-1,0,0,-0.20002499222755432,0,0.97427862882614136,0,0,0,0,1.732050895690918,0,0,0,0,-1.0001249313354492,-1,0,0,-0.10001249611377716,0,12638238036805833733,575470174466062588,15240391583298104180
8,8,0.26666666666666666,reveal,1280,720,60,0.10000000149011612,800,0,50.389419555664062,72,0.2903130054473877,-0.35521778464317322,-0.88855993747711182,0.95055145025253296,0.11031893640756607,-0.2903130054473877,0,-0,0.93478357791900635,0.35521778464317322,0,0.31056705117225647,-0.3376527726650238,0.88855993747711182,0,-22.360828399658203,-22.792203903198242,-81.875534057617188,1,0.97427862882614136,0,0,0,0,1.732050895690918,0,0,0,0,-1.000249981880188,-1,0,0,-0.20002499222755432,0,0.97427862882614136,0,0,0,0,1.732050895690918,0,0,0,0,-1.0001249313354492,-1,0,0,-0.10001249611377716,0,10367293912183709840,3189353660017423313,17710989532840644481
9,9,0.29999999999999999,reveal,1280,720,60,0.10000000149011612,800,0,50.389419555664062,72,0.32515245676040649,-0.35521778464317322,-0.87641102075576782,0.93755495548248291,0.1235579326748848,-0.32515245676040649,0,-0,0.93478357791900635,0.35521778464317322,0,0.34783712029457092,-0.33303618431091309,0.87641102075576782,0,-25.044273376464844,-23.124597549438477,-81.000808715820312,1,0.97427862882614136,0,0,0,0,1.732050895690918,0,0,0,0,-1.000249981880188,-1,0,0,-0.20002499222755432,0,0.97427862882614136,0,0,0,0,1.732050895690918,0,0,0,0,-1.0001249313354492,-1,0,0,-0.10001249611377716,0,15518893680998522637,16357877077362367572,378733574190537068
10,10,0.33333333333333331,reveal,1280,720,60,0.10000000149011612,800,0,50.389419555664062,72,0.35948529839515686,-0.35521775484085083,-0.86289668083190918,0.92309778928756714,0.13660441339015961,-0.35948529839515686,0,-0,0.93478357791900635,0.35521775484085083,0,0.38456526398658752,-0.32790073752403259,0.86289668083190918,0,-27.688699722290039,-23.494350433349609,-80.027778625488281,1,0.97427862882614136,0,0,0,0,1.732050895690918,0,0,0,0,-1.000249981880188,-1,0,0,-0.20002499222755432,0,0.97427862882614136,0,0,0,0,1.732050895690918,0,0,0,0,-1.0001249313354492,-1,0,0,-0.10001249611377716,0,13538793071934460656,6876626992051345009,10092224388411985505
11,11,0.36666666666666664,reveal,1280,720,60,0.10000000149011612,800,0,50.389419555664062,72,0.39325812458992004,-0.35521775484085083,-0.8480379581451416,0.90720242261886597,0.14943808317184448,-0.39325812458992004,0,-0,0.93478351831436157,0.35521775484085083,0,0.42069429159164429,-0.32225441932678223,0.8480379581451416,0,-30.289989471435547,-23.900880813598633,-78.95794677734375,1,0.97427862882614136,0,0,0,0,1.732050895690918,0,0,0,0,-1.000249981880188,-1,0,0,-0.20002499222755432,0,0.97427862882614136,0,0,0,0,1.732050895690918,0,0,0,0,-1.0001249313354492,-1,0,0,-0.10001249611377716,0,2917390377612481757,4700282967077769956,6223378091835916476
12,12,0.40000000000000002,reveal,1280,720,60,0.10000000149011612,800,0,50.389419555664062,72,0.42641830444335938,-0.35521775484085083,-0.83185803890228271,0.88989371061325073,0.16203895211219788,-0.42641830444335938,0,-0,0.93478357791900635,0.35521775484085083,0,0.45616793632507324,-0.31610605120658875,0.83185803890228271,0,-32.844093322753906,-24.34356689453125,-77.792999267578125,1,0.97427862882614136,0,0,0,0,1.732050895690918,0,0,0,0,-1.000249981880188,-1,0,0,-0.20002499222755432,0,0.97427862882614136,0,0,0,0,1.732050895690918,0,0,0,0,-1.0001249313354492,-1,0,0,-0.10001249611377716,0,10798259785586642306,15153612111956308155,13282283761132514319
13,13,0.43333333333333335,reveal,1280,720,60,0.10000000149011612,800,0,50.389419555664062,72,0.45891410112380981,-0.35521775484085083,-0.81438213586807251,0.87119853496551514,0.17438735067844391,-0.45891410112380981,0,-0,0.93478357791900635,0.35521775484085083,0,0.49093082547187805,-0.3094651997089386,0.81438213586807251,0,-35.347019195556641,-24.821708679199219,-76.53472900390625,1,0.97427862882614136,0,0,0,0,1.732050895690918,0,0,0,0,-1.000249981880188,-1,0,0,-0.20002499222755432,0,0.97427862882614136,0,0,0,0,1.732050895690918,0,0,0,0,-1.0001249313354492,-1,0,0,-0.10001249611377716,0,3000977352224942387,16227238932027225682,10073811188057654438
14,14,0.46666666666666667,reveal,1280,720,60,0.10000000149011612,800,0,50.389419555664062,72,0.49069488048553467,-0.35521775484085083,-0.79563742876052856,0.85114610195159912,0.18646405637264252,-0.49069488048553467,0,-0,0.93478363752365112,0.35521775484085083,0,0.52492886781692505,-0.30234220623970032,0.79563742876052856,0,-37.794879913330078,-25.334568023681641,-75.185111999511719,1,0.97427862882614136,0,0,0,0,1.732050895690918,0,0,0,0,-1.000249981880188,-1,0,0,-0.20002499222755432,0,0.97427862882614136,0,0,0,0,1.732050895690918,0,0,0,0,-1.0001249313354492,-1,0,0,-0.10001249611377716,0,13994284078173907538,6806336703296324619,7908167890784437535
15,15,0.5,reveal,1280,720,60,0.10000000149011612,800,0,50.389419555664062,72,0.52171128988265991,-0.35521775484085083,-0.77565306425094604,0.82976752519607544,0.19825027883052826,-0.52171128988265991,0,-0,0.93478357791900635,0.35521775484085083,0,0.55810916423797607,-0.29474815726280212,0.77565306425094604,0,-40.183860778808594,-25.881336212158203,-73.746231079101562,1,0.97427862882614136,0,0,0,0,1.732050895690918,0,0,0,0,-1.000249981880188,-1,0,0,-0.20002499222755432,0,0.97427862882614136,0,0,0,0,1.732050895690918,0,0,0,0,-1.0001249313354492,-1,0,0,-0.10001249611377716,0,6893057659822793239,950733739404493886,5119619529689046730
16,16,0.53333333333333333,reveal,1280,720,60,0.10000000149011612,800,0,50.389419555664062,72,0.55191487073898315,-0.35521772503852844,-0.75446033477783203,0.80709624290466309,0.20972763001918793,-0.55191487073898315,0,-0,0.9347836971282959,0.35521772503852844,0,0.5904199481010437,-0.28669488430023193,0.75446033477783203,0,-42.510234832763672,-26.461174011230469,-72.220359802246094,1,0.97427862882614136,0,0,0,0,1.732050895690918,0,0,0,0,-1.000249981880188,-1,0,0,-0.20002499222755432,0,0.97427862882614136,0,0,0,0,1.732050895690918,0,0,0,0,-1.0001249313354492,-1,0,0,-0.10001249611377716,0,8528574984743068378,3046821661812217507,15636057904990440087
17,17,0.56666666666666665,reveal,1280,720,60,0.10000000149011612,800,0,50.389419555664062,72,0.58125847578048706,-0.35521775484085083,-0.73209220170974731,0.78316754102706909,0.22087821364402771,-0.58125847578048706,0,-0,0.93478357791900635,0.35521775484085083,0,0.62181073427200317,-0.27819502353668213,0.73209220170974731,0,-44.770374298095703,-27.073162078857422,-70.609855651855469,1,0.97427862882614136,0,0,0,0,1.732050895690918,0,0,0,0,-1.000249981880188,-1,0,0,-0.20002499222755432,0,0.97427862882614136,0,0,0,0,1.732050895690918,0,0,0,0,-1.0001249313354492,-1,0,0,-0.10001249611377716,0,7271442348204526286,17439354337829616111,2310241426662086827
18,18,0.59999999999999998,reveal,1280,720,60,0.10000000149011612,800,0,50.389419555664062,72,0.60969656705856323,-0.35521775484085083,-0.70858341455459595,0.75801867246627808,0.23168468475341797,-0.60969656705856323,0,-0,0.93478357791900635,0.35521775484085083,0,0.652232825756073,-0.2692616879940033,0.70858341455459595,0,-46.960762023925781,-27.716361999511719,-68.917221069335938,1,0.97427862882614136,0,0,0,0,1.732050895690918,0,0,0,0,-1.000249981880188,-1,0,0,-0.20002499222755432,0,0.97427862882614136,0,0,0,0,1.732050895690918,0,0,0,0,-1.0001249313354492,-1,0,0,-0.10001249611377716,0,15369780401185101705,103619518943568936,4520512987118420264
19,19,0.6333333333333333,reveal,1280,720,60,0.10000000149011612,800,0,50.389419555664062,72,0.637184739112854,-0.35521775484085083,-0.68397074937820435,0.73168885707855225,0.24213019013404846,-0.637184739112854,0,-0,0.93478357791900635,0.35521775484085083,0,0.68163877725601196,-0.25990888476371765,0.68397074937820435,0,-49.077991485595703,-28.389762878417969,-67.145111083984375,1,0.97427862882614136,0,0,0,0,1.732050895690918,0,0,0,0,-1.000249981880188,-1,0,0,-0.20002499222755432,0,0.97427862882614136,0,0,0,0,1.732050895690918,0,0,0,0,-1.0001249313354492,-1,0,0,-0.10001249611377716,0,550252496349966301,13329761339449564644,14852856464207711164
20,20,0.66666666666666663,reveal,1280,720,60,0.10000000149011612,800,0,50.389419555664062,72,0.66368013620376587,-0.35521775484085083,-0.65829247236251831,0.70421910285949707,0.25219842791557312,-0.66368013620376587,0,-0,0.9347834587097168,0.35521775484085083,0,0.70998263359069824,-0.250151127576828,0.65829247236251831,0,-51.118751525878906,-29.092313766479492,-65.296272277832031,1,0.97427862882614136,0,0,0,0,1.732050895690918,0,0,0,0,-1.000249981880188,-1,0,0,-0.20002499222755432,0,0.97427862882614136,0,0,0,0,1.732050895690918,0,0,0,0,-1.0001249313354492,-1,0,0,-0.10001249611377716,0,10850508082589111509,18065260507704406668,10706758709945563652
21,21,0.69999999999999996,reveal,1280,720,60,0.10000000149011612,800,0,50.389419555664062,72,0.68914169073104858,-0.35521775484085083,-0.63158851861953735,0.67565208673477173,0.26187381148338318,-0.68914169073104858,0,-0,0.93478351831436157,0.35521775484085083,0,0.73722052574157715,-0.24000361561775208,0.63158851861953735,0,-53.079879760742188,-29.822938919067383,-63.373588562011719,1,0.97427862882614136,0,0,0,0,1.732050895690918,0,0,0,0,-1.000249981880188,-1,0,0,-0.20002499222755432,0,0.97427862882614136,0,0,0,0,1.732050895690918,0,0,0,0,-1.0001249313354492,-1,0,0,-0.10001249611377716,0,6850808615853131791,4571237026639079334,10134028107325109234
22,22,0.73333333333333328,reveal,1280,720,60,0.10000000149011612,800,0,50.389419555664062,72,0.71352952718734741,-0.35521775484085083,-0.60390067100524902,0.64603257179260254,0.27114120125770569,-0.71352952718734741,0,-0,0.93478357791900635,0.35521775484085083,0,0.76330983638763428,-0.22948223352432251,0.60390067100524902,0,-54.958309173583984,-30.580482482910156,-61.38006591796875,1,0.97427862882614136,0,0,0,0,1.732050895690918,0,0,0,0,-1.000249981880188,-1,0,0,-0.20002499222755432,0,0.97427862882614136,0,0,0,0,1.732050895690918,0,0,0,0,-1.0001249313354492,-1,0,0,-0.10001249611377716,0,5971178297638258615,4929721855176845342,3990897009803024874
23,23,0.76666666666666672,reveal,1280,720,60,0.10000000149011612,800,0,50.389419555664062,72,0.73680567741394043,-0.35521775484085083,-0.57527190446853638,0.61540651321411133,0.27998614311218262,-0.73680567741394043,0,-0,0.93478357791900635,0.35521775484085083,0,0.78820985555648804,-0.21860331296920776,0.57527190446853638,0,-56.751110076904297,-31.363763809204102,-59.318794250488281,1,0.97427862882614136,0,0,0,0,1.732050895690918,0,0,0,0,-1.000249981880188,-1,0,0,-0.20002499222755432,0,0.97427862882614136,0,0,0,0,1.732050895690918,0,0,0,0,-1.0001249313354492,-1,0,0,-0.10001249611377716,0,3164189735455994745,7968618536228303704,17473650296333815832
24,24,0.80000000000000004,reveal,1280,720,60,0.10000000149011612,800,0,50.389419555664062,72,0.75893396139144897,-0.35521778464317322,-0.54574686288833618,0.58382159471511841,0.28839489817619324,-0.75893396139144897,0,-0,0.93478357791900635,0.35521778464317322,0,0.81188195943832397,-0.20738381147384644,0.54574686288833618,0,-58.455501556396484,-32.17156982421875,-57.1929931640625,1,0.97427862882614136,0,0,0,0,1.732050895690918,0,0,0,0,-1.000249981880188,-1,0,0,-0.20002499222755432,0,0.97427862882614136,0,0,0,0,1.732050895690918,0,0,0,0,-1.0001249313354492,-1,0,0,-0.10001249611377716,0,18003681037313218130,311343751748235275,1413174939236348191
25,25,0.83333333333333337,reveal,1280,720,60,0.10000000149011612,800,0,50.389419555664062,72,0.77987980842590332,-0.35521775484085083,-0.51537162065505981,0.5513271689414978,0.29635432362556458,-0.77987980842590332,0,-0,0.93478363752365112,0.35521775484085083,0,0.83428913354873657,-0.19584119319915771,0.51537162065505981,0,-60.068817138671875,-33.002639770507812,-55.005973815917969,1,0.97427862882614136,0,0,0,0,1.732050895690918,0,0,0,0,-1.000249981880188,-1,0,0,-0.20002499222755432,0,0.97427862882614136,0,0,0,0,1.732050895690918,0,0,0,0,-1.0001249313354492,-1,0,0,-0.10001249611377716,0,5808785075717706732,9945294138956292533,13177863735083357965
26,26,0.8666666666666667,reveal,1280,720,60,0.10000000149011612,800,0,50.389419555664062,72,0.79961055517196655,-0.35521775484085083,-0.48419341444969177,0.51797378063201904,0.30385199189186096,-0.79961055517196655,0,-0,0.9347834587097168,0.35521775484085083,0,0.85539638996124268,-0.18399348855018616,0.48419341444969177,0,-61.588539123535156,-33.855663299560547,-52.761142730712891,1,0.97427862882614136,0,0,0,0,1.732050895690918,0,0,0,0,-1.000249981880188,-1,0,0,-0.20002499222755432,0,0.97427862882614136,0,0,0,0,1.732050895690918,0,0,0,0,-1.0001249313354492,-1,0,0,-0.10001249611377716,0,12526781000918645083,6936614418061664010,16593234327551371390
27,27,0.90000000000000002,reveal,1280,720,60,0.10000000149011612,800,0,50.389419555664062,72,0.8180956244468689,-0.35521778464317322,-0.45226088166236877,0.48381343483924866,0.31087633967399597,-0.8180956244468689,0,-0,0.93478357791900635,0.35521778464317322,0,0.87517112493515015,-0.17185913026332855,0.45226088166236877,0,-63.012321472167969,-34.729347229003906,-50.461997985839844,1,0.97427862882614136,0,0,0,0,1.732050895690918,0,0,0,0,-1.000249981880188,-1,0,0,-0.20002499222755432,0,0.97427862882614136,0,0,0,0,1.732050895690918,0,0,0,0,-1.0001249313354492,-1,0,0,-0.10001249611377716,0,12325571294719421395,13262110130600482738,6925524804905457606
28,28,0.93333333333333335,reveal,1280,720,60,0.10000000149011612,800,0,50.389419555664062,72,0.83530610799789429,-0.35521775484085083,-0.41962370276451111,0.44889929890632629,0.31741628050804138,-0.83530610799789429,0,-0,0.93478351831436157,0.35521775484085083,0,0.89358228445053101,-0.1594569981098175,0.41962370276451111,0,-64.337921142578125,-35.622295379638672,-48.11212158203125,1,0.97427862882614136,0,0,0,0,1.732050895690918,0,0,0,0,-1.000249981880188,-1,0,0,-0.20002499222755432,0,0.97427862882614136,0,0,0,0,1.732050895690918,0,0,0,0,-1.0001249313354492,-1,0,0,-0.10001249611377716,0,5770158834954784195,1723841394857672482,4361949792165364918
29,29,0.96666666666666667,reveal,1280,720,60,0.10000000149011612,800,0,50.389419555664062,72,0.85121524333953857,-0.35521775484085083,-0.38633272051811218,0.41328573226928711,0.32346177101135254,-0.85121524333953857,0,-0,0.93478357791900635,0.35521775484085083,0,0.91060137748718262,-0.14680643379688263,0.38633272051811218,0,-65.563301086425781,-36.533138275146484,-45.715171813964844,1,0.97427862882614136,0,0,0,0,1.732050895690918,0,0,0,0,-1.000249981880188,-1,0,0,-0.20002499222755432,0,0.97427862882614136,0,0,0,0,1.732050895690918,0,0,0,0,-1.0001249313354492,-1,0,0,-0.10001249611377716,0,15820635103057418268,18288399357935728357,6355138934824661821
30,30,1,reveal,1280,720,60,0.10000000149011612,800,0,50.389419555664062,72,0.86579817533493042,-0.35521775484085083,-0.35243993997573853,0.37702837586402893,0.32900327444076538,-0.86579817533493042,0,-0,0.93478357791900635,0.35521775484085083,0,0.92620170116424561,-0.13392716646194458,0.35243993997573853,0,-66.6865234375,-37.46044921875,-43.274890899658203,1,0.97427862882614136,0,0,0,0,1.732050895690918,0,0,0,0,-1.000249981880188,-1,0,0,-0.20002499222755432,0,0.97427862882614136,0,0,0,0,1.732050895690918,0,0,0,0,-1.0001249313354492,-1,0,0,-0.10001249611377716,0,6500109478375346101,9058480131887520172,16954223047357291364
31,31,1.0333333333333334,reveal,1280,720,60,0.10000000149011612,800,0,50.389419555664062,72,0.87903225421905518,-0.35521778464317322,-0.31799796223640442,0.34018349647521973,0.33403226733207703,-0.87903225421905518,0,-0,0.93478357791900635,0.35521778464317322,0,0.94035905599594116,-0.12083923071622849,0.31799796223640442,0,-67.705848693847656,-38.402778625488281,-40.795070648193359,1,0.97427862882614136,0,0,0,0,1.732050895690918,0,0,0,0,-1.000249981880188,-1,0,0,-0.20002499222755432,0,0.97427862882614136,0,0,0,0,1.732050895690918,0,0,0,0,-1.0001249313354492,-1,0,0,-0.10001249611377716,0,11148564068063027692,4232555281927835573,7465124878054901005
32,32,1.0666666666666667,return,1280,720,60,0.10000000149011612,800,0,50.389419555664062,72,0.88314014673233032,-0.35521775484085083,-0.30640479922294617,0.32778152823448181,0.33559322357177734,-0.88314014673233032,0,-0,0.93478357791900635,0.35521775484085083,0,0.94475352764129639,-0.11643382161855698,0.30640479922294617,0,-68.022254943847656,-38.719966888427734,-39.960361480712891,1,0.97427862882614136,0,0,0,0,1.732050895690918,0,0,0,0,-1.000249981880188,-1,0,0,-0.20002499222755432,0,0.97427862882614136,0,0,0,0,1.732050895690918,0,0,0,0,-1.0001249313354492,-1,0,0,-0.10001249611377716,0,3505663087592274429,12434032430447306692,14895340259564061276
33,33,1.1000000000000001,return,1280,720,60,0.10000000149011612,800,0,50.389419555664062,72,0.87036049365997314,-0.35521775484085083,-0.34101760387420654,0.36480912566184998,0.33073696494102478,-0.87036049365997314,0,-0,0.93478357791900635,0.35521775484085083,0,0.93108230829238892,-0.12958668172359467,0.34101760387420654,0,-67.037925720214844,-37.772960662841797,-42.452484130859375,1,0.97427862882614136,0,0,0,0,1.732050895690918,0,0,0,0,-1.000249981880188,-1,0,0,-0.20002499222755432,0,0.97427862882614136,0,0,0,0,1.732050895690918,0,0,0,0,-1.0001249313354492,-1,0,0,-0.10001249611377716,0,18241799605082997346,14390421370856124251,10961201362766913007
34,34,1.1333333333333333,return,1280,720,60,0.10000000149011612,800,0,50.389419555664062,72,0.85622477531433105,-0.35521775484085083,-0.37509945034980774,0.40126875042915344,0.32536539435386658,-0.85622477531433105,0,-0,0.93478363752365112,0.35521775484085083,0,0.91596037149429321,-0.14253778755664825,0.37509945034980774,0,-65.949150085449219,-36.840484619140625,-44.906375885009766,1,0.97427862882614136,0,0,0,0,1.732050895690918,0,0,0,0,-1.000249981880188,-1,0,0,-0.20002499222755432,0,0.97427862882614136,0,0,0,0,1.732050895690918,0,0,0,0,-1.0001249313354492,-1,0,0,-0.10001249611377716,0,17762402575463995972,10934475941836680221,1036023898929392885
35,35,1.1666666666666667,return,1280,720,60,0.10000000149011612,800,0,50.389419555664062,72,0.84075498580932617,-0.35521775484085083,-0.40859678387641907,0.43710306286811829,0.31948685646057129,-0.84075498580932617,0,-0,0.9347834587097168,0.35521775484085083,0,0.89941132068634033,-0.15526676177978516,0.40859678387641907,0,-64.757614135742188,-35.923988342285156,-47.318183898925781,1,0.97427862882614136,0,0,0,0,1.732050895690918,0,0,0,0,-1.000249981880188,-1,0,0,-0.20002499222755432,0,0.97427862882614136,0,0,0,0,1.732050895690918,0,0,0,0,-1.0001249313354492,-1,0,0,-0.10001249611377716,0,1785611108563497098,4848702237647245651,16355147380023744839
36,36,1.2,return,1280,720,60,0.10000000149011612,800,0,50.389419555664062,72,0.82397544384002686,-0.35521775484085083,-0.44145768880844116,0.47225654125213623,0.31311064958572388,-0.82397544384002686,0,-0,0.93478357791900635,0.35521775484085083,0,0.88146114349365234,-0.1677539050579071,0.44145768880844116,0,-63.465202331542969,-35.024921417236328,-49.684169769287109,1,0.97427862882614136,0,0,0,0,1.732050895690918,0,0,0,0,-1.000249981880188,-1,0,0,-0.20002499222755432,0,0.97427862882614136,0,0,0,0,1.732050895690918,0,0,0,0,-1.0001249313354492,-1,0,0,-0.10001249611377716,0,11239393238597459003,17106018590823839530,17116238462999862750
37,37,1.2333333333333334,return,1280,720,60,0.10000000149011612,800,0,50.389419555664062,72,0.80591219663619995,-0.35521775484085083,-0.47363054752349854,0.50667399168014526,0.30624660849571228,-0.80591219663619995,0,-0,0.93478357791900635,0.35521775484085083,0,0.86213767528533936,-0.1799795925617218,0.47363054752349854,0,-62.07391357421875,-34.144672393798828,-52.000614166259766,1,0.97427862882614136,0,0,0,0,1.732050895690918,0,0,0,0,-1.000249981880188,-1,0,0,-0.20002499222755432,0,0.97427862882614136,0,0,0,0,1.732050895690918,0,0,0,0,-1.0001249313354492,-1,0,0,-0.10001249611377716,0,18122384872287167802,9970668149202806979,9048983072912599159
38,38,1.2666666666666666,return,1280,720,60,0.10000000149011612,800,0,50.389419555664062,72,0.78659325838088989,-0.35521778464317322,-0.50506579875946045,0.5403023362159729,0.29890546202659607,-0.78659325838088989,0,-0,0.93478363752365112,0.35521778464317322,0,0.84147095680236816,-0.19192500412464142,0.50506579875946045,0,-60.585906982421875,-33.28460693359375,-54.263954162597656,1,0.97427862882614136,0,0,0,0,1.732050895690918,0,0,0,0,-1.000249981880188,-1,0,0,-0.20002499222755432,0,0.97427862882614136,0,0,0,0,1.732050895690918,0,0,0,0,-1.0001249313354492,-1,0,0,-0.10001249611377716,0,12638859096095043192,6348703064747692905,3531728333289944217
39,39,1.3,return,1280,720,60,0.10000000149011612,800,0,50.389419555664062,72,0.76604896783828735,-0.35521775484085083,-0.53571391105651855,0.57308870553970337,0.29109859466552734,-0.76604896783828735,0,-0,0.93478363752365112,0.35521775484085083,0,0.81949335336685181,-0.20357128977775574,0.53571391105651855,0,-59.003520965576172,-32.446075439453125,-56.470619201660156,1,0.97427862882614136,0,0,0,0,1.732050895690918,0,0,0,0,-1.000249981880188,-1,0,0,-0.20002499222755432,0,0.97427862882614136,0,0,0,0,1.732050895690918,0,0,0,0,-1.0001249313354492,-1,0,0,-0.10001249611377716,0,11895087510956806111,15493357885779335350,8320333045433420034
40,40,1.3333333333333333,return,1280,720,60,0.10000000149011612,800,0,50.389419555664062,72,0.74431103467941284,-0.35521775484085083,-0.56552755832672119,0.60498231649398804,0.28283816576004028,-0.74431103467941284,0,-0,0.93478351831436157,0.35521775484085083,0,0.79623883962631226,-0.21490046381950378,0.56552755832672119,0,-57.329196929931641,-31.630365371704102,-58.617198944091797,1,0.97427862882614136,0,0,0,0,1.732050895690918,0,0,0,0,-1.000249981880188,-1,0,0,-0.20002499222755432,0,0.97427862882614136,0,0,0,0,1.732050895690918,0,0,0,0,-1.0001249313354492,-1,0,0,-0.10001249611377716,0,16926490587318541709,3124359672643008980,16014562687576351724
41,41,1.3666666666666667,return,1280,720,60,0.10000000149011612,800,0,50.389419555664062,72,0.72141361236572266,-0.35521775484085083,-0.594460129737854,0.63593339920043945,0.27413716912269592,-0.72141361236572266,0,-0,0.9347836971282959,0.35521775484085083,0,0.77174395322799683,-0.22589483857154846,0.594460129737854,0,-55.565563201904297,-30.838777542114258,-60.700344085693359,1,0.97427862882614136,0,0,0,0,1.732050895690918,0,0,0,0,-1.000249981880188,-1,0,0,-0.20002499222755432,0,0.97427862882614136,0,0,0,0,1.732050895690918,0,0,0,0,-1.0001249313354492,-1,0,0,-0.10001249611377716,0,1775872836943695829,1949251721483574668,13037493997434283268
42,42,1.3999999999999999,return,1280,720,60,0.10000000149011612,800,0,50.389419555664062,72,0.69739222526550293,-0.35521778464317322,-0.62246650457382202,0.66589367389678955,0.26500904560089111,-0.69739222526550293,0,-0,0.9347836971282959,0.35521778464317322,0,0.74604666233062744,-0.23653727769851685,0.62246650457382202,0,-53.715358734130859,-30.07252311706543,-62.716804504394531,1,0.97427862882614136,0,0,0,0,1.732050895690918,0,0,0,0,-1.000249981880188,-1,0,0,-0.20002499222755432,0,0.97427862882614136,0,0,0,0,1.732050895690918,0,0,0,0,-1.0001249313354492,-1,0,0,-0.10001249611377716,0,1768439071772351839,8905600353669610806,8730806742436129922
43,43,1.4333333333333333,return,1280,720,60,0.10000000149011612,800,0,50.389419555664062,72,0.67228418588638306,-0.35521775484085083,-0.64950317144393921,0.69481658935546875,0.2554679811000824,-0.67228418588638306,0,-0,0.93478357791900635,0.35521775484085083,0,0.71918696165084839,-0.24681119620800018,0.64950317144393921,0,-51.781459808349609,-29.332796096801758,-64.663444519042969,1,0.97427862882614136,0,0,0,0,1.732050895690918,0,0,0,0,-1.000249981880188,-1,0,0,-0.20002499222755432,0,0.97427862882614136,0,0,0,0,1.732050895690918,0,0,0,0,-1.0001249313354492,-1,0,0,-0.10001249611377716,0,16866186809652069889,16370606861634053392,6271252542333625200
44,44,1.4666666666666666,return,1280,720,60,0.10000000149011612,800,0,50.389419555664062,72,0.64612895250320435,-0.35521775484085083,-0.67552775144577026,0.72265678644180298,0.24552899599075317,-0.64612895250320435,0,-0,0.93478357791900635,0.35521775484085083,0,0.69120699167251587,-0.25670051574707031,0.67552775144577026,0,-49.766902923583984,-28.620765686035156,-66.537216186523438,1,0.97427862882614136,0,0,0,0,1.732050895690918,0,0,0,0,-1.000249981880188,-1,0,0,-0.20002499222755432,0,0.97427862882614136,0,0,0,0,1.732050895690918,0,0,0,0,-1.0001249313354492,-1,0,0,-0.10001249611377716,0,1404279109983870499,5834441130950591554,10684979953317461654
45,45,1.5,return,1280,720,60,0.10000000149011612,800,0,50.389419555664062,72,0.61896693706512451,-0.35521775484085083,-0.7005000114440918,0.74937129020690918,0.23520742356777191,-0.61896693706512451,0,-0,0.93478351831436157,0.35521775484085083,0,0.66214996576309204,-0.26618999242782593,0.7005000114440918,0,-47.674797058105469,-27.937519073486328,-68.335220336914062,1,0.97427862882614136,0,0,0,0,1.732050895690918,0,0,0,0,-1.000249981880188,-1,0,0,-0.20002499222755432,0,0.97427862882614136,0,0,0,0,1.732050895690918,0,0,0,0,-1.0001249313354492,-1,0,0,-0.10001249611377716,0,12939320071562794418,13746894097765921579,41317249244791423
46,46,1.5333333333333334,return,1280,720,60,0.10000000149011612,800,0,50.389419555664062,72,0.59084063768386841,-0.35521775484085083,-0.72438091039657593,0.77491825819015503,0.22451944649219513,-0.59084063768386841,0,-0,0.93478357791900635,0.35521775484085083,0,0.6320614218711853,-0.27526471018791199,0.72438091039657593,0,-45.5084228515625,-27.284143447875977,-70.054641723632812,1,0.97427862882614136,0,0,0,0,1.732050895690918,0,0,0,0,-1.000249981880188,-1,0,0,-0.20002499222755432,0,0.97427862882614136,0,0,0,0,1.732050895690918,0,0,0,0,-1.0001249313354492,-1,0,0,-0.10001249611377716,0,5736170712146939902,6070463289792425951,2327696560919511707
47,47,1.5666666666666667,return,1280,720,60,0.10000000149011612,800,0,50.389419555664062,72,0.56179386377334595,-0.35521775484085083,-0.74713319540023804,0.79925787448883057,0.21348166465759277,-0.56179386377334595,0,-0,0.93478357791900635,0.35521775484085083,0,0.60098814964294434,-0.2839106023311615,0.74713319540023804,0,-43.271148681640625,-26.661640167236328,-71.69281005859375,1,0.97427862882614136,0,0,0,0,1.732050895690918,0,0,0,0,-1.000249981880188,-1,0,0,-0.20002499222755432,0,0.97427862882614136,0,0,0,0,1.732050895690918,0,0,0,0,-1.0001249313354492,-1,0,0,-0.10001249611377716,0,13726689477020083677,2413446395497542628,3936541520255689148
48,48,1.6000000000000001,return,1280,720,60,0.10000000149011612,800,0,50.389419555664062,72,0.53187179565429688,-0.35521775484085083,-0.76872152090072632,0.82235234975814819,0.20211125910282135,-0.53187179565429688,0,-0,0.93478357791900635,0.35521775484085083,0,0.56897848844528198,-0.29211416840553284,0.76872152090072632,0,-40.966449737548828,-26.070981979370117,-73.247161865234375,1,0.97427862882614136,0,0,0,0,1.732050895690918,0,0,0,0,-1.000249981880188,-1,0,0,-0.20002499222755432,0,0.97427862882614136,0,0,0,0,1.732050895690918,0,0,0,0,-1.0001249313354492,-1,0,0,-0.10001249611377716,0,2106862884007421062,2719380376197989463,14289999552568374451
49,49,1.6333333333333333,return,1280,720,60,0.10000000149011612,800,0,50.389419555664062,72,0.5011211633682251,-0.35521775484085083,-0.7891121506690979,0.84416556358337402,0.19042602181434631,-0.5011211633682251,0,-0,0.93478357791900635,0.35521775484085083,0,0.53608250617980957,-0.29986259341239929,0.7891121506690979,0,-38.597938537597656,-25.513095855712891,-74.715286254882812,1,0.97427862882614136,0,0,0,0,1.732050895690918,0,0,0,0,-1.000249981880188,-1,0,0,-0.20002499222755432,0,0.97427862882614136,0,0,0,0,1.732050895690918,0,0,0,0,-1.0001249313354492,-1,0,0,-0.10001249611377716,0,823904342213882324,2525078533601498285,14411179226616942149
50,50,1.6666666666666667,return,1280,720,60,0.10000000149011612,800,0,50.389419555664062,72,0.46958950161933899,-0.35521775484085083,-0.8082735538482666,0.86466377973556519,0.17844398319721222,-0.46958950161933899,0,-0,0.93478357791900635,0.35521775484085083,0,0.50235098600387573,-0.3071439266204834,0.8082735538482666,0,-36.169269561767578,-24.988840103149414,-76.09490966796875,1,0.97427862882614136,0,0,0,0,1.732050895690918,0,0,0,0,-1.000249981880188,-1,0,0,-0.20002499222755432,0,0.97427862882614136,0,0,0,0,1.732050895690918,0,0,0,0,-1.0001249313354492,-1,0,0,-0.10001249611377716,0,11064999776389478166,6637821993455186535,6106593594119803267
51,51,1.7,return,1280,720,60,0.10000000149011612,800,0,50.389419555664062,72,0.437326580286026,-0.35521775484085083,-0.82617539167404175,0.88381457328796387,0.16618409752845764,-0.437326580286026,0,-0,0.93478351831436157,0.35521775484085083,0,0.46783724427223206,-0.31394663453102112,0.82617539167404175,0,-33.684280395507812,-24.499040603637695,-77.383842468261719,1,0.97427862882614136,0,0,0,0,1.732050895690918,0,0,0,0,-1.000249981880188,-1,0,0,-0.20002499222755432,0,0.97427862882614136,0,0,0,0,1.732050895690918,0,0,0,0,-1.0001249313354492,-1,0,0,-0.10001249611377716,0,6790656671739377849,12652791323874968984,16874531668976241496
52,52,1.7333333333333334,return,1280,720,60,0.10000000149011612,800,0,50.389419555664062,72,0.40438222885131836,-0.35521775484085083,-0.84279024600982666,0.9015885591506958,0.15366524457931519,-0.40438222885131836,0,-0,0.93478357791900635,0.35521775484085083,0,0.43259447813034058,-0.32026025652885437,0.84279024600982666,0,-31.14680290222168,-24.044464111328125,-78.580108642578125,1,0.97427862882614136,0,0,0,0,1.732050895690918,0,0,0,0,-1.000249981880188,-1,0,0,-0.20002499222755432,0,0.97427862882614136,0,0,0,0,1.732050895690918,0,0,0,0,-1.0001249313354492,-1,0,0,-0.10001249611377716,0,9621115928087607458,13840081515070781851,11968081193703820079
53,53,1.7666666666666666,return,1280,720,60,0.10000000149011612,800,0,50.389419555664062,72,0.37080761790275574,-0.35521775484085083,-0.85809212923049927,0.91795802116394043,0.14090688526630402,-0.37080761790275574,0,-0,0.93478357791900635,0.35521775484085083,0,0.39667749404907227,-0.3260749876499176,0.85809212923049927,0,-28.560779571533203,-23.625802993774414,-79.681854248046875,1,0.97427862882614136,0,0,0,0,1.732050895690918,0,0,0,0,-1.000249981880188,-1,0,0,-0.20002499222755432,0,0.97427862882614136,0,0,0,0,1.732050895690918,0,0,0,0,-1.0001249313354492,-1,0,0,-0.10001249611377716,0,16577242416781845179,1302780575408751274,14916489375043977310
54,54,1.8,return,1280,720,60,0.10000000149011612,800,0,50.389419555664062,72,0.33665570616722107,-0.35521775484085083,-0.87205696105957031,0.93289715051651001,0.12792915105819702,-0.33665570616722107,0,-0,0.93478363752365112,0.35521775484085083,0,0.36014291644096375,-0.33138161897659302,0.87205696105957031,0,-25.930290222167969,-23.243730545043945,-80.68731689453125,1,0.97427862882614136,0,0,0,0,1.732050895690918,0,0,0,0,-1.000249981880188,-1,0,0,-0.20002499222755432,0,0.97427862882614136,0,0,0,0,1.732050895690918,0,0,0,0,-1.0001249313354492,-1,0,0,-0.10001249611377716,0,67954918711397457,7683229304347958176,13933011985752026432
55,55,1.8333333333333333,return,1280,720,60,0.10000000149011612,800,0,50.389419555664062,72,0.30197900533676147,-0.35521778464317322,-0.88466328382492065,0.94638293981552124,0.11475202441215515,-0.30197900533676147,0,-0,0.93478363752365112,0.35521778464317322,0,0.32304695248603821,-0.33617204427719116,0.88466328382492065,0,-23.259380340576172,-22.898818969726562,-81.594970703125,1,0.97427862882614136,0,0,0,0,1.732050895690918,0,0,0,0,-1.000249981880188,-1,0,0,-0.20002499222755432,0,0.97427862882614136,0,0,0,0,1.732050895690918,0,0,0,0,-1.0001249313354492,-1,0,0,-0.10001249611377716,0,16135849958196150919,13601607556267789358,15803159039094676794
56,56,1.8666666666666667,return,1280,720,60,0.10000000149011612,800,0,50.389419555664062,72,0.26683208346366882,-0.35521775484085083,-0.89589118957519531,0.95839416980743408,0.10139618068933487,-0.26683208346366882,0,-0,0.93478357791900635,0.35521775484085083,0,0.28544795513153076,-0.34043863415718079,0.89589118957519531,0,-20.552253723144531,-22.591621398925781,-82.40338134765625,1,0.97427862882614136,0,0,0,0,1.732050895690918,0,0,0,0,-1.000249981880188,-1,0,0,-0.20002499222755432,0,0.97427862882614136,0,0,0,0,1.732050895690918,0,0,0,0,-1.0001249313354492,-1,0,0,-0.10001249611377716,0,11264849715423890040,2460400495540154217,18090169837791957145
57,57,1.8999999999999999,return,1280,720,60,0.10000000149011612,800,0,50.389419555664062,72,0.23126909136772156,-0.35521775484085083,-0.9057234525680542,0.96891242265701294,0.087882250547409058,-0.23126909136772156,0,-0,0.93478357791900635,0.35521775484085083,0,0.24740387499332428,-0.34417489171028137,0.9057234525680542,0,-17.813079833984375,-22.322610855102539,-83.111305236816406,1,0.97427862882614136,0,0,0,0,1.732050895690918,0,0,0,0,-1.000249981880188,-1,0,0,-0.20002499222755432,0,0.97427862882614136,0,0,0,0,1.732050895690918,0,0,0,0,-1.0001249313354492,-1,0,0,-0.10001249611377716,0,9175877572297504329,2393749102037470952,10573916683701073896
58,58,1.9333333333333333,return,1280,720,60,0.10000000149011612,800,0,50.389419555664062,72,0.19534602761268616,-0.35521775484085083,-0.91414457559585571,0.97792106866836548,0.07423149049282074,-0.19534602761268616,0,-0,0.93478357791900635,0.35521775484085083,0,0.20897459983825684,-0.34737491607666016,0.91414457559585571,0,-15.046171188354492,-22.092208862304688,-83.717628479003906,1,0.97427862882614136,0,0,0,0,1.732050895690918,0,0,0,0,-1.000249981880188,-1,0,0,-0.20002499222755432,0,0.97427862882614136,0,0,0,0,1.732050895690918,0,0,0,0,-1.0001249313354492,-1,0,0,-0.10001249611377716,0,11286395080819571316,3721762022915216397,7965473011784630117
59,59,1.9666666666666666,return,1280,720,60,0.10000000149011612,800,0,50.389419555664062,72,0.15911863744258881,-0.35521775484085083,-0.92114144563674927,0.98540604114532471,0.060465078800916672,-0.15911863744258881,0,-0,0.9347834587097168,0.35521775484085083,0,0.17021974921226501,-0.35003373026847839,0.92114144563674927,0,-12.25582218170166,-21.900766372680664,-84.221397399902344,1,0.97427862882614136,0,0,0,0,1.732050895690918,0,0,0,0,-1.000249981880188,-1,0,0,-0.20002499222755432,0,0.97427862882614136,0,0,0,0,1.732050895690918,0,0,0,0,-1.0001249313354492,-1,0,0,-0.10001249611377716,0,9145607924857417010,3318796462219361707,2163356002017602047
60,60,2,return,1280,720,60,0.10000000149011612,800,0,50.389419555664062,72,0.12264332920312881,-0.35521775484085083,-0.92670333385467529,0.99135595560073853,0.046604461967945099,-0.12264332920312881,0,-0,0.93478363752365112,0.35521775484085083,0,0.13119970262050629,-0.35214725136756897,0.92670333385467529,0,-9.4463787078857422,-21.748603820800781,-84.621856689453125,1,0.97427862882614136,0,0,0,0,1.732050895690918,0,0,0,0,-1.000249981880188,-1,0,0,-0.20002499222755432,0,0.97427862882614136,0,0,0,0,1.732050895690918,0,0,0,0,-1.0001249313354492,-1,0,0,-0.10001249611377716,0,17804963864962000901,16550205455229750524,12768382790352240500
61,61,2.0333333333333332,return,1280,720,60,0.10000000149011612,800,0,50.389419555664062,72,0.085976816713809967,-0.35521775484085083,-0.93082129955291748,0.9957612156867981,0.032671187072992325,-0.085976816713809967,0,-0,0.93478351831436157,0.35521775484085083,0,0.091975100338459015,-0.3537120521068573,0.93082129955291748,0,-6.6222071647644043,-21.635931015014648,-84.918350219726562,1,0.97427862882614136,0,0,0,0,1.732050895690918,0,0,0,0,-1.000249981880188,-1,0,0,-0.20002499222755432,0,0.97427862882614136,0,0,0,0,1.732050895690918,0,0,0,0,-1.0001249313354492,-1,0,0,-0.10001249611377716,0,4886156139037631099,7872094897662081130,13158077253113840158
62,62,2.0666666666666669,return,1280,720,60,0.10000000149011612,800,0,50.389419555664062,72,0.049176350235939026,-0.35521775484085083,-0.93348914384841919,0.99861520528793335,0.018687011674046516,-0.049176350235939026,0,-0,0.9347834587097168,0.35521775484085083,0,0.052607201039791107,-0.35472583770751953,0.93348914384841919,0,-3.7877185344696045,-21.562934875488281,-85.110435485839844,1,0.97427862882614136,0,0,0,0,1.732050895690918,0,0,0,0,-1.000249981880188,-1,0,0,-0.20002499222755432,0,0.97427862882614136,0,0,0,0,1.732050895690918,0,0,0,0,-1.0001249313354492,-1,0,0,-0.10001249611377716,0,11302543363770159024,7153934210929990193,7459979819333337633
63,63,2.1000000000000001,return,1280,720,60,0.10000000149011612,800,0,50.389419555664062,72,0.012299548834562302,-0.35521775484085083,-0.93470263481140137,0.99991333484649658,0.0046738283708691597,-0.012299548834562302,0,-0,0.9347834587097168,0.35521775484085083,0,0.01315764244645834,-0.35518696904182434,0.93470263481140137,0,-0.94735026359558105,-21.529733657836914,-85.197807312011719,1,0.97427862882614136,0,0,0,0,1.732050895690918,0,0,0,0,-1.000249981880188,-1,0,0,-0.20002499222755432,0,0.97427862882614136,0,0,0,0,1.732050895690918,0,0,0,0,-1.0001249313354492,-1,0,0,-0.10001249611377716,0,11027879156952349168,1711456130725047665,4927053527085688161
64,64,2.1333333333333333,recovery,1280,720,60,0.10000000149011612,800,0,50.389419555664062,72,0,-0.35521775484085083,-0.93478357791900635,0.99999994039535522,0,-0,0,-0,0.93478351831436157,0.35521775484085083,0,0,-0.35521772503852844,0.93478357791900635,0,-0,-21.527523040771484,-85.203636169433594,1,0.97427862882614136,0,0,0,0,1.732050895690918,0,0,0,0,-1.000249981880188,-1,0,0,-0.20002499222755432,0,0.97427862882614136,0,0,0,0,1.732050895690918,0,0,0,0,-1.0001249313354492,-1,0,0,-0.10001249611377716,0,10556526114892932750,11757157781803020719,15310660121906759531
65,65,2.1666666666666665,recovery,1280,720,60,0.10000000149011612,800,0,50.389419555664062,72,0,-0.35521775484085083,-0.93478357791900635,0.99999994039535522,0,-0,0,-0,0.93478351831436157,0.35521775484085083,0,0,-0.35521772503852844,0.93478357791900635,0,-0,-21.527523040771484,-85.203636169433594,1,0.97427862882614136,0,0,0,0,1.732050895690918,0,0,0,0,-1.000249981880188,-1,0,0,-0.20002499222755432,0,0.97427862882614136,0,0,0,0,1.732050895690918,0,0,0,0,-1.0001249313354492,-1,0,0,-0.10001249611377716,0,10556526114892932750,11757157781803020719,15310660121906759531
66,66,2.2000000000000002,recovery,1280,720,60,0.10000000149011612,800,0,50.389419555664062,72,0,-0.35521775484085083,-0.93478357791900635,0.99999994039535522,0,-0,0,-0,0.93478351831436157,0.35521775484085083,0,0,-0.35521772503852844,0.93478357791900635,0,-0,-21.527523040771484,-85.203636169433594,1,0.97427862882614136,0,0,0,0,1.732050895690918,0,0,0,0,-1.000249981880188,-1,0,0,-0.20002499222755432,0,0.97427862882614136,0,0,0,0,1.732050895690918,0,0,0,0,-1.0001249313354492,-1,0,0,-0.10001249611377716,0,10556526114892932750,11757157781803020719,15310660121906759531
67,67,2.2333333333333334,recovery,1280,720,60,0.10000000149011612,800,0,50.389419555664062,72,0,-0.35521775484085083,-0.93478357791900635,0.99999994039535522,0,-0,0,-0,0.93478351831436157,0.35521775484085083,0,0,-0.35521772503852844,0.93478357791900635,0,-0,-21.527523040771484,-85.203636169433594,1,0.97427862882614136,0,0,0,0,1.732050895690918,0,0,0,0,-1.000249981880188,-1,0,0,-0.20002499222755432,0,0.97427862882614136,0,0,0,0,1.732050895690918,0,0,0,0,-1.0001249313354492,-1,0,0,-0.10001249611377716,0,10556526114892932750,11757157781803020719,15310660121906759531
68,68,2.2666666666666666,recovery,1280,720,60,0.10000000149011612,800,0,50.389419555664062,72,0,-0.35521775484085083,-0.93478357791900635,0.99999994039535522,0,-0,0,-0,0.93478351831436157,0.35521775484085083,0,0,-0.35521772503852844,0.93478357791900635,0,-0,-21.527523040771484,-85.203636169433594,1,0.97427862882614136,0,0,0,0,1.732050895690918,0,0,0,0,-1.000249981880188,-1,0,0,-0.20002499222755432,0,0.97427862882614136,0,0,0,0,1.732050895690918,0,0,0,0,-1.0001249313354492,-1,0,0,-0.10001249611377716,0,10556526114892932750,11757157781803020719,15310660121906759531
69,69,2.2999999999999998,recovery,1280,720,60,0.10000000149011612,800,0,50.389419555664062,72,0,-0.35521775484085083,-0.93478357791900635,0.99999994039535522,0,-0,0,-0,0.93478351831436157,0.35521775484085083,0,0,-0.35521772503852844,0.93478357791900635,0,-0,-21.527523040771484,-85.203636169433594,1,0.97427862882614136,0,0,0,0,1.732050895690918,0,0,0,0,-1.000249981880188,-1,0,0,-0.20002499222755432,0,0.97427862882614136,0,0,0,0,1.732050895690918,0,0,0,0,-1.0001249313354492,-1,0,0,-0.10001249611377716,0,10556526114892932750,11757157781803020719,15310660121906759531
70,70,2.3333333333333335,recovery,1280,720,60,0.10000000149011612,800,0,50.389419555664062,72,0,-0.35521775484085083,-0.93478357791900635,0.99999994039535522,0,-0,0,-0,0.93478351831436157,0.35521775484085083,0,0,-0.35521772503852844,0.93478357791900635,0,-0,-21.527523040771484,-85.203636169433594,1,0.97427862882614136,0,0,0,0,1.732050895690918,0,0,0,0,-1.000249981880188,-1,0,0,-0.20002499222755432,0,0.97427862882614136,0,0,0,0,1.732050895690918,0,0,0,0,-1.0001249313354492,-1,0,0,-0.10001249611377716,0,10556526114892932750,11757157781803020719,15310660121906759531
71,71,2.3666666666666667,recovery,1280,720,60,0.10000000149011612,800,0,50.389419555664062,72,0,-0.35521775484085083,-0.93478357791900635,0.99999994039535522,0,-0,0,-0,0.93478351831436157,0.35521775484085083,0,0,-0.35521772503852844,0.93478357791900635,0,-0,-21.527523040771484,-85.203636169433594,1,0.97427862882614136,0,0,0,0,1.732050895690918,0,0,0,0,-1.000249981880188,-1,0,0,-0.20002499222755432,0,0.97427862882614136,0,0,0,0,1.732050895690918,0,0,0,0,-1.0001249313354492,-1,0,0,-0.10001249611377716,0,10556526114892932750,11757157781803020719,15310660121906759531
72,72,2.3999999999999999,recovery,1280,720,60,0.10000000149011612,800,0,50.389419555664062,72,0,-0.35521775484085083,-0.93478357791900635,0.99999994039535522,0,-0,0,-0,0.93478351831436157,0.35521775484085083,0,0,-0.35521772503852844,0.93478357791900635,0,-0,-21.527523040771484,-85.203636169433594,1,0.97427862882614136,0,0,0,0,1.732050895690918,0,0,0,0,-1.000249981880188,-1,0,0,-0.20002499222755432,0,0.97427862882614136,0,0,0,0,1.732050895690918,0,0,0,0,-1.0001249313354492,-1,0,0,-0.10001249611377716,0,10556526114892932750,11757157781803020719,15310660121906759531
73,73,2.4333333333333331,recovery,1280,720,60,0.10000000149011612,800,0,50.389419555664062,72,0,-0.35521775484085083,-0.93478357791900635,0.99999994039535522,0,-0,0,-0,0.93478351831436157,0.35521775484085083,0,0,-0.35521772503852844,0.93478357791900635,0,-0,-21.527523040771484,-85.203636169433594,1,0.97427862882614136,0,0,0,0,1.732050895690918,0,0,0,0,-1.000249981880188,-1,0,0,-0.20002499222755432,0,0.97427862882614136,0,0,0,0,1.732050895690918,0,0,0,0,-1.0001249313354492,-1,0,0,-0.10001249611377716,0,10556526114892932750,11757157781803020719,15310660121906759531
74,74,2.4666666666666668,recovery,1280,720,60,0.10000000149011612,800,0,50.389419555664062,72,0,-0.35521775484085083,-0.93478357791900635,0.99999994039535522,0,-0,0,-0,0.93478351831436157,0.35521775484085083,0,0,-0.35521772503852844,0.93478357791900635,0,-0,-21.527523040771484,-85.203636169433594,1,0.97427862882614136,0,0,0,0,1.732050895690918,0,0,0,0,-1.000249981880188,-1,0,0,-0.20002499222755432,0,0.97427862882614136,0,0,0,0,1.732050895690918,0,0,0,0,-1.0001249313354492,-1,0,0,-0.10001249611377716,0,10556526114892932750,11757157781803020719,15310660121906759531
75,75,2.5,recovery,1280,720,60,0.10000000149011612,800,0,50.389419555664062,72,0,-0.35521775484085083,-0.93478357791900635,0.99999994039535522,0,-0,0,-0,0.93478351831436157,0.35521775484085083,0,0,-0.35521772503852844,0.93478357791900635,0,-0,-21.527523040771484,-85.203636169433594,1,0.97427862882614136,0,0,0,0,1.732050895690918,0,0,0,0,-1.000249981880188,-1,0,0,-0.20002499222755432,0,0.97427862882614136,0,0,0,0,1.732050895690918,0,0,0,0,-1.0001249313354492,-1,0,0,-0.10001249611377716,0,10556526114892932750,11757157781803020719,15310660121906759531
76,76,2.5333333333333332,recovery,1280,720,60,0.10000000149011612,800,0,50.389419555664062,72,0,-0.35521775484085083,-0.93478357791900635,0.99999994039535522,0,-0,0,-0,0.93478351831436157,0.35521775484085083,0,0,-0.35521772503852844,0.93478357791900635,0,-0,-21.527523040771484,-85.203636169433594,1,0.97427862882614136,0,0,0,0,1.732050895690918,0,0,0,0,-1.000249981880188,-1,0,0,-0.20002499222755432,0,0.97427862882614136,0,0,0,0,1.732050895690918,0,0,0,0,-1.0001249313354492,-1,0,0,-0.10001249611377716,0,10556526114892932750,11757157781803020719,15310660121906759531
77,77,2.5666666666666669,recovery,1280,720,60,0.10000000149011612,800,0,50.389419555664062,72,0,-0.35521775484085083,-0.93478357791900635,0.99999994039535522,0,-0,0,-0,0.93478351831436157,0.35521775484085083,0,0,-0.35521772503852844,0.93478357791900635,0,-0,-21.527523040771484,-85.203636169433594,1,0.97427862882614136,0,0,0,0,1.732050895690918,0,0,0,0,-1.000249981880188,-1,0,0,-0.20002499222755432,0,0.97427862882614136,0,0,0,0,1.732050895690918,0,0,0,0,-1.0001249313354492,-1,0,0,-0.10001249611377716,0,10556526114892932750,11757157781803020719,15310660121906759531
78,78,2.6000000000000001,recovery,1280,720,60,0.10000000149011612,800,0,50.389419555664062,72,0,-0.35521775484085083,-0.93478357791900635,0.99999994039535522,0,-0,0,-0,0.93478351831436157,0.35521775484085083,0,0,-0.35521772503852844,0.93478357791900635,0,-0,-21.527523040771484,-85.203636169433594,1,0.97427862882614136,0,0,0,0,1.732050895690918,0,0,0,0,-1.000249981880188,-1,0,0,-0.20002499222755432,0,0.97427862882614136,0,0,0,0,1.732050895690918,0,0,0,0,-1.0001249313354492,-1,0,0,-0.10001249611377716,0,10556526114892932750,11757157781803020719,15310660121906759531
79,79,2.6333333333333333,recovery,1280,720,60,0.10000000149011612,800,0,50.389419555664062,72,0,-0.35521775484085083,-0.93478357791900635,0.99999994039535522,0,-0,0,-0,0.93478351831436157,0.35521775484085083,0,0,-0.35521772503852844,0.93478357791900635,0,-0,-21.527523040771484,-85.203636169433594,1,0.97427862882614136,0,0,0,0,1.732050895690918,0,0,0,0,-1.000249981880188,-1,0,0,-0.20002499222755432,0,0.97427862882614136,0,0,0,0,1.732050895690918,0,0,0,0,-1.0001249313354492,-1,0,0,-0.10001249611377716,0,10556526114892932750,11757157781803020719,15310660121906759531
80,80,2.6666666666666665,recovery,1280,720,60,0.10000000149011612,800,0,50.389419555664062,72,0,-0.35521775484085083,-0.93478357791900635,0.99999994039535522,0,-0,0,-0,0.93478351831436157,0.35521775484085083,0,0,-0.35521772503852844,0.93478357791900635,0,-0,-21.527523040771484,-85.203636169433594,1,0.97427862882614136,0,0,0,0,1.732050895690918,0,0,0,0,-1.000249981880188,-1,0,0,-0.20002499222755432,0,0.97427862882614136,0,0,0,0,1.732050895690918,0,0,0,0,-1.0001249313354492,-1,0,0,-0.10001249611377716,0,10556526114892932750,11757157781803020719,15310660121906759531
81,81,2.7000000000000002,recovery,1280,720,60,0.10000000149011612,800,0,50.389419555664062,72,0,-0.35521775484085083,-0.93478357791900635,0.99999994039535522,0,-0,0,-0,0.93478351831436157,0.35521775484085083,0,0,-0.35521772503852844,0.93478357791900635,0,-0,-21.527523040771484,-85.203636169433594,1,0.97427862882614136,0,0,0,0,1.732050895690918,0,0,0,0,-1.000249981880188,-1,0,0,-0.20002499222755432,0,0.97427862882614136,0,0,0,0,1.732050895690918,0,0,0,0,-1.0001249313354492,-1,0,0,-0.10001249611377716,0,10556526114892932750,11757157781803020719,15310660121906759531
82,82,2.7333333333333334,recovery,1280,720,60,0.10000000149011612,800,0,50.389419555664062,72,0,-0.35521775484085083,-0.93478357791900635,0.99999994039535522,0,-0,0,-0,0.93478351831436157,0.35521775484085083,0,0,-0.35521772503852844,0.93478357791900635,0,-0,-21.527523040771484,-85.203636169433594,1,0.97427862882614136,0,0,0,0,1.732050895690918,0,0,0,0,-1.000249981880188,-1,0,0,-0.20002499222755432,0,0.97427862882614136,0,0,0,0,1.732050895690918,0,0,0,0,-1.0001249313354492,-1,0,0,-0.10001249611377716,0,10556526114892932750,11757157781803020719,15310660121906759531
83,83,2.7666666666666666,recovery,1280,720,60,0.10000000149011612,800,0,50.389419555664062,72,0,-0.35521775484085083,-0.93478357791900635,0.99999994039535522,0,-0,0,-0,0.93478351831436157,0.35521775484085083,0,0,-0.35521772503852844,0.93478357791900635,0,-0,-21.527523040771484,-85.203636169433594,1,0.97427862882614136,0,0,0,0,1.732050895690918,0,0,0,0,-1.000249981880188,-1,0,0,-0.20002499222755432,0,0.97427862882614136,0,0,0,0,1.732050895690918,0,0,0,0,-1.0001249313354492,-1,0,0,-0.10001249611377716,0,10556526114892932750,11757157781803020719,15310660121906759531
84,84,2.7999999999999998,recovery,1280,720,60,0.10000000149011612,800,0,50.389419555664062,72,0,-0.35521775484085083,-0.93478357791900635,0.99999994039535522,0,-0,0,-0,0.93478351831436157,0.35521775484085083,0,0,-0.35521772503852844,0.93478357791900635,0,-0,-21.527523040771484,-85.203636169433594,1,0.97427862882614136,0,0,0,0,1.732050895690918,0,0,0,0,-1.000249981880188,-1,0,0,-0.20002499222755432,0,0.97427862882614136,0,0,0,0,1.732050895690918,0,0,0,0,-1.0001249313354492,-1,0,0,-0.10001249611377716,0,10556526114892932750,11757157781803020719,15310660121906759531
85,85,2.8333333333333335,recovery,1280,720,60,0.10000000149011612,800,0,50.389419555664062,72,0,-0.35521775484085083,-0.93478357791900635,0.99999994039535522,0,-0,0,-0,0.93478351831436157,0.35521775484085083,0,0,-0.35521772503852844,0.93478357791900635,0,-0,-21.527523040771484,-85.203636169433594,1,0.97427862882614136,0,0,0,0,1.732050895690918,0,0,0,0,-1.000249981880188,-1,0,0,-0.20002499222755432,0,0.97427862882614136,0,0,0,0,1.732050895690918,0,0,0,0,-1.0001249313354492,-1,0,0,-0.10001249611377716,0,10556526114892932750,11757157781803020719,15310660121906759531
86,86,2.8666666666666667,recovery,1280,720,60,0.10000000149011612,800,0,50.389419555664062,72,0,-0.35521775484085083,-0.93478357791900635,0.99999994039535522,0,-0,0,-0,0.93478351831436157,0.35521775484085083,0,0,-0.35521772503852844,0.93478357791900635,0,-0,-21.527523040771484,-85.203636169433594,1,0.97427862882614136,0,0,0,0,1.732050895690918,0,0,0,0,-1.000249981880188,-1,0,0,-0.20002499222755432,0,0.97427862882614136,0,0,0,0,1.732050895690918,0,0,0,0,-1.0001249313354492,-1,0,0,-0.10001249611377716,0,10556526114892932750,11757157781803020719,15310660121906759531
87,87,2.8999999999999999,recovery,1280,720,60,0.10000000149011612,800,0,50.389419555664062,72,0,-0.35521775484085083,-0.93478357791900635,0.99999994039535522,0,-0,0,-0,0.93478351831436157,0.35521775484085083,0,0,-0.35521772503852844,0.93478357791900635,0,-0,-21.527523040771484,-85.203636169433594,1,0.97427862882614136,0,0,0,0,1.732050895690918,0,0,0,0,-1.000249981880188,-1,0,0,-0.20002499222755432,0,0.97427862882614136,0,0,0,0,1.732050895690918,0,0,0,0,-1.0001249313354492,-1,0,0,-0.10001249611377716,0,10556526114892932750,11757157781803020719,15310660121906759531
88,88,2.9333333333333331,recovery,1280,720,60,0.10000000149011612,800,0,50.389419555664062,72,0,-0.35521775484085083,-0.93478357791900635,0.99999994039535522,0,-0,0,-0,0.93478351831436157,0.35521775484085083,0,0,-0.35521772503852844,0.93478357791900635,0,-0,-21.527523040771484,-85.203636169433594,1,0.97427862882614136,0,0,0,0,1.732050895690918,0,0,0,0,-1.000249981880188,-1,0,0,-0.20002499222755432,0,0.97427862882614136,0,0,0,0,1.732050895690918,0,0,0,0,-1.0001249313354492,-1,0,0,-0.10001249611377716,0,10556526114892932750,11757157781803020719,15310660121906759531
89,89,2.9666666666666668,recovery,1280,720,60,0.10000000149011612,800,0,50.389419555664062,72,0,-0.35521775484085083,-0.93478357791900635,0.99999994039535522,0,-0,0,-0,0.93478351831436157,0.35521775484085083,0,0,-0.35521772503852844,0.93478357791900635,0,-0,-21.527523040771484,-85.203636169433594,1,0.97427862882614136,0,0,0,0,1.732050895690918,0,0,0,0,-1.000249981880188,-1,0,0,-0.20002499222755432,0,0.97427862882614136,0,0,0,0,1.732050895690918,0,0,0,0,-1.0001249313354492,-1,0,0,-0.10001249611377716,0,10556526114892932750,11757157781803020719,15310660121906759531
90,90,3,recovery,1280,720,60,0.10000000149011612,800,0,50.389419555664062,72,0,-0.35521775484085083,-0.93478357791900635,0.99999994039535522,0,-0,0,-0,0.93478351831436157,0.35521775484085083,0,0,-0.35521772503852844,0.93478357791900635,0,-0,-21.527523040771484,-85.203636169433594,1,0.97427862882614136,0,0,0,0,1.732050895690918,0,0,0,0,-1.000249981880188,-1,0,0,-0.20002499222755432,0,0.97427862882614136,0,0,0,0,1.732050895690918,0,0,0,0,-1.0001249313354492,-1,0,0,-0.10001249611377716,0,10556526114892932750,11757157781803020719,15310660121906759531
91,91,3.0333333333333332,recovery,1280,720,60,0.10000000149011612,800,0,50.389419555664062,72,0,-0.35521775484085083,-0.93478357791900635,0.99999994039535522,0,-0,0,-0,0.93478351831436157,0.35521775484085083,0,0,-0.35521772503852844,0.93478357791900635,0,-0,-21.527523040771484,-85.203636169433594,1,0.97427862882614136,0,0,0,0,1.732050895690918,0,0,0,0,-1.000249981880188,-1,0,0,-0.20002499222755432,0,0.97427862882614136,0,0,0,0,1.732050895690918,0,0,0,0,-1.0001249313354492,-1,0,0,-0.10001249611377716,0,10556526114892932750,11757157781803020719,15310660121906759531
92,92,3.0666666666666669,recovery,1280,720,60,0.10000000149011612,800,0,50.389419555664062,72,0,-0.35521775484085083,-0.93478357791900635,0.99999994039535522,0,-0,0,-0,0.93478351831436157,0.35521775484085083,0,0,-0.35521772503852844,0.93478357791900635,0,-0,-21.527523040771484,-85.203636169433594,1,0.97427862882614136,0,0,0,0,1.732050895690918,0,0,0,0,-1.000249981880188,-1,0,0,-0.20002499222755432,0,0.97427862882614136,0,0,0,0,1.732050895690918,0,0,0,0,-1.0001249313354492,-1,0,0,-0.10001249611377716,0,10556526114892932750,11757157781803020719,15310660121906759531
93,93,3.1000000000000001,recovery,1280,720,60,0.10000000149011612,800,0,50.389419555664062,72,0,-0.35521775484085083,-0.93478357791900635,0.99999994039535522,0,-0,0,-0,0.93478351831436157,0.35521775484085083,0,0,-0.35521772503852844,0.93478357791900635,0,-0,-21.527523040771484,-85.203636169433594,1,0.97427862882614136,0,0,0,0,1.732050895690918,0,0,0,0,-1.000249981880188,-1,0,0,-0.20002499222755432,0,0.97427862882614136,0,0,0,0,1.732050895690918,0,0,0,0,-1.0001249313354492,-1,0,0,-0.10001249611377716,0,10556526114892932750,11757157781803020719,15310660121906759531
94,94,3.1333333333333333,recovery,1280,720,60,0.10000000149011612,800,0,50.389419555664062,72,0,-0.35521775484085083,-0.93478357791900635,0.99999994039535522,0,-0,0,-0,0.93478351831436157,0.35521775484085083,0,0,-0.35521772503852844,0.93478357791900635,0,-0,-21.527523040771484,-85.203636169433594,1,0.97427862882614136,0,0,0,0,1.732050895690918,0,0,0,0,-1.000249981880188,-1,0,0,-0.20002499222755432,0,0.97427862882614136,0,0,0,0,1.732050895690918,0,0,0,0,-1.0001249313354492,-1,0,0,-0.10001249611377716,0,10556526114892932750,11757157781803020719,15310660121906759531
95,95,3.1666666666666665,recovery,1280,720,60,0.10000000149011612,800,0,50.389419555664062,72,0,-0.35521775484085083,-0.93478357791900635,0.99999994039535522,0,-0,0,-0,0.93478351831436157,0.35521775484085083,0,0,-0.35521772503852844,0.93478357791900635,0,-0,-21.527523040771484,-85.203636169433594,1,0.97427862882614136,0,0,0,0,1.732050895690918,0,0,0,0,-1.000249981880188,-1,0,0,-0.20002499222755432,0,0.97427862882614136,0,0,0,0,1.732050895690918,0,0,0,0,-1.0001249313354492,-1,0,0,-0.10001249611377716,0,10556526114892932750,11757157781803020719,15310660121906759531
