sequence,commit,parents,author_time,commit_time,subject
1,aa6bb71790442c107104e6fcc461936e49f23379,,2026-08-20T23:04:47+08:00,2026-08-20T23:04:47+08:00,Initial commit
2,a928ac7902c407d3804baff95afb02fd31d2f43e,aa6bb71790442c107104e6fcc461936e49f23379,2026-08-21T13:24:30+08:00,2026-08-21T13:24:30+08:00,update: 完成了实验计划定义
3,ea4249da39c8ab66f0ae8fe99ed9eec33054c5b9,a928ac7902c407d3804baff95afb02fd31d2f43e,2026-08-21T22:42:05+08:00,2026-08-21T22:42:05+08:00,feat: 优化实验计划，并制定代码重构方案
4,f86f11c4150b67bd5f527d9395bc6315eda34e1b,ea4249da39c8ab66f0ae8fe99ed9eec33054c5b9,2026-08-22T00:26:31+08:00,2026-08-22T00:26:31+08:00,update: 优化了 src\algorithms 下的所有注释，使其更加自然和人类可读
5,438a06046d7783c346f6531e3c42796c0818bc3e,f86f11c4150b67bd5f527d9395bc6315eda34e1b,2026-08-22T00:51:25+08:00,2026-08-22T00:51:25+08:00,update: 更新了符合当前项目研究阶段的 README
6,1ee5af5bee9f27550717fdb88fc8bc136e18bd74,438a06046d7783c346f6531e3c42796c0818bc3e,2026-08-22T21:13:51+08:00,2026-08-22T21:13:51+08:00,feat: 完成阶段0，保存统一的 PassTrace 来保存更多运行时数据，并将已有报告字段重新标注来源，以及定位关键代码逻辑试事实
7,82723ef04ea59aa0940cc55da28abc3465f892f8,1ee5af5bee9f27550717fdb88fc8bc136e18bd74,2026-08-22T22:57:16+08:00,2026-08-22T22:57:16+08:00,feat: 完成阶段1，为策略类型建立四种预设，并规范化每种策略在具体 Pass 的对应实现
8,d9a0722aff10a5f923bddd92cb25fe2f8f6b151c,82723ef04ea59aa0940cc55da28abc3465f892f8,2026-08-23T19:15:54+08:00,2026-08-23T19:15:54+08:00,feat: 完成阶段2，拆分 Q_s 和 Q_m 的全量评分刷新语义，补齐相关独立计时和计数
9,819f56daf6aff7a5321c0b45640165e744c445f7,d9a0722aff10a5f923bddd92cb25fe2f8f6b151c,2026-08-23T20:14:50+08:00,2026-08-23T20:14:50+08:00,update: 完善了实验基础设施，增加了算法预热、算法顺序切换、以及独立的数据统计类
10,1fa0fb43b56d94c87f4ecd648b75f3f103db7a8a,819f56daf6aff7a5321c0b45640165e744c445f7,2026-08-23T20:56:20+08:00,2026-08-23T20:56:20+08:00,update: 重构了 main 入口，收缩 main.cpp 职责，并将实验覆盖配置和命令行解析模块分离出来
11,8a17c4547eda759b90f8f3d631195b2bf268807c,1fa0fb43b56d94c87f4ecd648b75f3f103db7a8a,2026-08-29T01:35:04+08:00,2026-08-29T01:35:04+08:00,feat: 完成阶段3: 对拓扑修改的串行与并行辅助进行拆分
12,94d4f83f0e72ea9ab9bed93d2772978475b3147f,8a17c4547eda759b90f8f3d631195b2bf268807c,2026-08-30T01:29:54+08:00,2026-08-30T01:29:54+08:00,feat: 完成阶段 4: 新增增统一结果检查其，对预算、队列、网格、渲染数据等进行核对，并新增对比配置
13,a932342ffa8464588ca1750431c17c967234734b,94d4f83f0e72ea9ab9bed93d2772978475b3147f,2026-08-31T03:20:28+08:00,2026-08-31T03:20:28+08:00,feat: 完成项目实验说明
14,7d771ccee61ab1bb595b0dc2ba18154cf1b75cdb,a932342ffa8464588ca1750431c17c967234734b,2026-08-31T15:31:23+08:00,2026-08-31T15:31:23+08:00,feat: 完成阶段5: 基准和验证矩阵定义，固定实验入口基础设施，如无窗口入口、交替策略、记录格式等
15,d2c106b9ff0ef092d89fe6d1a151b4fd903dcd43,7d771ccee61ab1bb595b0dc2ba18154cf1b75cdb,2026-09-01T02:03:15+08:00,2026-09-01T02:03:15+08:00,feat: 完成第一版正式实验准备与执行计划定义
16,a168701a4b52ea016fc178d10e80a5fbf14e6949,d2c106b9ff0ef092d89fe6d1a151b4fd903dcd43,2026-09-01T02:11:00+08:00,2026-09-01T02:11:00+08:00,update: 完成 Agent 开发工作流 Harness 第一版
17,bb1a89c31a4309ca6752f44c4d6dcf7a777bdf04,a168701a4b52ea016fc178d10e80a5fbf14e6949,2026-09-09T01:35:32+08:00,2026-09-09T01:35:32+08:00,feat: 完成 CPU 并行下限参数化与无窗口配置接入
18,c9a9c12f50528c43068620bd12e0c6afa0ae22a0,bb1a89c31a4309ca6752f44c4d6dcf7a777bdf04,2026-09-09T01:40:20+08:00,2026-09-09T01:40:20+08:00,update: 同步 PREP-01 实现记录与架构审查
19,06cb24c7abce24db59996ff3281ad6182dbb5e4b,c9a9c12f50528c43068620bd12e0c6afa0ae22a0,2026-09-09T01:51:33+08:00,2026-09-09T01:51:33+08:00,update: 修订开发规范和 AGENTS.md
20,72f9c5f765f52e55a17f8811cbf1e79ad739dbf1,06cb24c7abce24db59996ff3281ad6182dbb5e4b,2026-09-09T02:49:03+08:00,2026-09-09T02:49:03+08:00,feat: 完成 CPU pilot 最小输入与可追溯准备入口
21,db16eb62e8429e66742c637e1958e9d413af9fd9,72f9c5f765f52e55a17f8811cbf1e79ad739dbf1,2026-09-09T02:50:17+08:00,2026-09-09T02:50:17+08:00,update: 同步 PREP-02 实现记录与注释审查
22,4c78cb68ead110bbdfa7c5dbca984c1f2cfabafa,db16eb62e8429e66742c637e1958e9d413af9fd9,2026-09-09T02:57:57+08:00,2026-09-09T02:57:57+08:00,feat: 优化 prep-01 部分注释
23,4d7ab68cd0d5313d728fa22518718ab5273a6b05,4c78cb68ead110bbdfa7c5dbca984c1f2cfabafa,2026-09-09T07:47:17+08:00,2026-09-09T07:47:17+08:00,feat: 完成 CPU 工作负载发现与确定性目标选择
24,570ecd031ba5abb27f71d1af8e921336ec30e253,4d7ab68cd0d5313d728fa22518718ab5273a6b05,2026-09-09T07:47:58+08:00,2026-09-09T07:47:58+08:00,update: 同步 PREP-03 实现记录与架构审查
25,01ac017ef742b8f52716d74f6d12993ff188f8fc,570ecd031ba5abb27f71d1af8e921336ec30e253,2026-09-09T21:35:45+08:00,2026-09-09T21:35:45+08:00,update: 修缮 p1、p2注释
26,2dac3ea0225de9e014567ea393fa4d1cfe10cf17,01ac017ef742b8f52716d74f6d12993ff188f8fc,2026-09-09T21:58:30+08:00,2026-09-09T21:58:30+08:00,update: 更新关于性能问题的规划规范
27,7522db7b11dc7a972a629279775bdaa0c6b21d02,2dac3ea0225de9e014567ea393fa4d1cfe10cf17,2026-09-10T01:43:25+08:00,2026-09-10T01:43:25+08:00,feat: 接入 CPU 五阶段配对测量与最小分析
28,a738f7842b44ba81d866d5771aff7c6947ebb2dc,7522db7b11dc7a972a629279775bdaa0c6b21d02,2026-09-10T01:44:35+08:00,2026-09-10T01:44:35+08:00,update: 同步 PREP-04 实现记录与问题分析
29,ea90d2ef57969147e18ecef747e328d5c2a98399,a738f7842b44ba81d866d5771aff7c6947ebb2dc,2026-09-10T23:21:49+08:00,2026-09-10T23:21:49+08:00,feat: 补齐普通运行性能对照与诊断探针
30,662a73070d5fe68aed9cf02fee2a53a79e4adefb,ea90d2ef57969147e18ecef747e328d5c2a98399,2026-09-10T23:22:37+08:00,2026-09-10T23:22:37+08:00,update: 暂时关闭性能调查并明确后续验收门槛
31,ec8792e2206ced20ce6c29ec04b21fb4a8eae0c0,662a73070d5fe68aed9cf02fee2a53a79e4adefb,2026-09-11T02:55:02+08:00,2026-09-11T02:55:28+08:00,fix: 按全局优先级连续前缀安排细分拓扑
32,2faaa3a2c20bec3c1f35b1102fd6b03e7563e816,ec8792e2206ced20ce6c29ec04b21fb4a8eae0c0,2026-09-11T03:02:38+08:00,2026-09-11T03:02:38+08:00,update: 归档拓扑修复与 PREP-04 阶段移交
33,2e1f2f061405c14b01a80aab456cc863289b71bf,2faaa3a2c20bec3c1f35b1102fd6b03e7563e816,2026-09-11T03:07:22+08:00,2026-09-11T03:07:22+08:00,update: 明确 CPU pilot gate 的采样与投入判断规划
34,bb23e2a122279098c4a0dc34bbd60163816f8b43,2e1f2f061405c14b01a80aab456cc863289b71bf,2026-09-11T19:27:30+08:00,2026-09-11T19:27:30+08:00,update: 归档 PREP-05 探索结论与投入审查
35,c3d27a49e990733b4d8879c31538b6b780f5159b,bb23e2a122279098c4a0dc34bbd60163816f8b43,2026-09-11T19:28:01+08:00,2026-09-11T19:28:01+08:00,update: 记录排序松弛研究契约与离线 Gate 规划
36,3c6b574474ba45c314db65f41d1557fa9e25ef35,c3d27a49e990733b4d8879c31538b6b780f5159b,2026-09-11T20:32:25+08:00,2026-09-11T20:32:25+08:00,feat: 接入拓扑单根依赖观察与严格步进入口
37,a0f3551cf84f5553b6e4f4b76ba0274ee2a5e619,3c6b574474ba45c314db65f41d1557fa9e25ef35,2026-09-11T22:27:56+08:00,2026-09-11T22:27:56+08:00,feat: 接入独立网格质量评价并确定双线性主参考
38,b078d59182b3506259c183605a647d58590b5b61,a0f3551cf84f5553b6e4f4b76ba0274ee2a5e619,2026-09-12T00:21:34+08:00,2026-09-12T00:21:34+08:00,chore: 关闭 GATE-03 并归档排序松弛实现
39,9db18d3ed1a27c27c1233e64c6724fa4306770c8,b078d59182b3506259c183605a647d58590b5b61,2026-09-12T01:31:22+08:00,2026-09-12T01:44:12+08:00,feat: 接入持续串行 CPU CBT 批量更新
40,a3738d6539b5dd1f158e3b0b731f43528ebc6c23,9db18d3ed1a27c27c1233e64c6724fa4306770c8,2026-09-12T02:31:28+08:00,2026-09-12T02:31:28+08:00,feat: 接入 CPU CBT 并行模板填写与三档对照
41,f9f316c0fbb7f0f0494b30d02c3dbbca043af72c,a3738d6539b5dd1f158e3b0b731f43528ebc6c23,2026-09-12T04:03:39+08:00,2026-09-12T04:04:07+08:00,chore: 归档 CPU-CBT 原型并移除活动构建入口
42,16017171ccba0d3162d00cd20bf18e1b1c4a622a,f9f316c0fbb7f0f0494b30d02c3dbbca043af72c,2026-09-12T04:31:26+08:00,2026-09-12T04:31:26+08:00,update: 明确 CPU ROAM 多阶段执行与并行优化研究定位
43,f1f1b1d4b256bfd2111f0693742f2a4f6c5e5ebe,16017171ccba0d3162d00cd20bf18e1b1c4a622a,2026-09-12T15:30:01+08:00,2026-09-12T15:30:01+08:00,feat: 建立 ROAM 阈值闭包理论工作区
44,e95b85bfb2caab2495606c1bae684fa1317b6a1f,f1f1b1d4b256bfd2111f0693742f2a4f6c5e5ebe,2026-09-12T16:29:38+08:00,2026-09-12T16:29:38+08:00,update: 记录增量阈值维护 Gate 结论并关闭理论支线
45,037c698208e3d7fe491069e58efac249c5d9f88f,e95b85bfb2caab2495606c1bae684fa1317b6a1f,2026-09-12T17:19:13+08:00,2026-09-12T17:19:13+08:00,update: 归档细分表示探索并记录必要依赖分析方向
46,24c6391101d8694f72b233c9c9bd5dc4e40e6a89,037c698208e3d7fe491069e58efac249c5d9f88f,2026-09-12T18:31:18+08:00,2026-09-12T18:31:18+08:00,update: 记录必要依赖审计与工作膨胀测量边界
47,69ab803c267e683fdfc47d181fd061093743943c,24c6391101d8694f72b233c9c9bd5dc4e40e6a89,2026-09-12T19:36:27+08:00,2026-09-12T19:36:27+08:00,update: 记录参数化成本语义审计与拓扑状态物化缺口
48,1e05b242547c535af822239ca2af5bcb82fcbbfd,69ab803c267e683fdfc47d181fd061093743943c,2026-09-12T20:57:31+08:00,2026-09-12T20:57:31+08:00,feat: 建立 ROAM 目标差分物化理论与原型规划
49,d876cea2632032364653f6b0a2643a29efcc2aa7,1e05b242547c535af822239ca2af5bcb82fcbbfd,2026-09-12T22:00:19+08:00,2026-09-12T22:00:19+08:00,feat: 实现 ROAM 目标差分完整状态物化原型
50,d635a9ba346a058591aa5f5890b30fab0462b84b,d876cea2632032364653f6b0a2643a29efcc2aa7,2026-09-12T23:00:34+08:00,2026-09-12T23:00:34+08:00,feat: 实现 ROAM 目标差分物化的有限并行
51,602ed48fe8eece1507dc9d454894922f71f55dca,d635a9ba346a058591aa5f5890b30fab0462b84b,2026-09-13T00:48:37+08:00,2026-09-13T00:48:37+08:00,update: 压缩 ROAM 目标物化的串行工作
52,c2cd2d8d10697b86b876be4162c0d684de59f565,602ed48fe8eece1507dc9d454894922f71f55dca,2026-09-13T01:49:25+08:00,2026-09-13T01:49:25+08:00,update: 规划 ROAM 原生目标决策与物化接入
53,2f04f483f4667b8e6e32de763c0094482cd348a2,c2cd2d8d10697b86b876be4162c0d684de59f565,2026-09-13T04:39:11+08:00,2026-09-13T04:39:11+08:00,feat: 实现 ROAM 原生严格目标规划
54,c36286ffe49190b5e0761a73accd4f4f63a6bb71,2f04f483f4667b8e6e32de763c0094482cd348a2,2026-09-13T16:55:26+08:00,2026-09-13T16:55:26+08:00,update: 优化 ROAM 严格目标规划器的存储与队列维护
55,2f7e5a052d476359a71dbda516c52bbabb46766d,c36286ffe49190b5e0761a73accd4f4f63a6bb71,2026-09-13T17:51:48+08:00,2026-09-13T17:51:48+08:00,update: 审计 ROAM 目标发现与端点物化契约
56,2d8809fa9f05119f67b507463093662fcc7e2f54,2f7e5a052d476359a71dbda516c52bbabb46766d,2026-09-13T20:46:24+08:00,2026-09-13T20:46:24+08:00,update: 补充 ROAM 严格目标发现的候选与成本推导
57,8af1a41d545deaf3d5b5267f852730c1a3471a10,2d8809fa9f05119f67b507463093662fcc7e2f54,2026-09-13T23:45:35+08:00,2026-09-13T23:45:35+08:00,update: 推导独立 greedy 局部预算交换与质量约束
58,1b93ca8cf810dc4e82070b43c287997d9986bedb,8af1a41d545deaf3d5b5267f852730c1a3471a10,2026-09-14T00:36:01+08:00,2026-09-14T00:36:01+08:00,update: 规划全局优先级事务化 CPU LOD
59,64b00aa72d19171ce1a712eea1b918d313447fda,1b93ca8cf810dc4e82070b43c287997d9986bedb,2026-09-14T01:07:54+08:00,2026-09-14T01:07:54+08:00,feat: 定义快照贪心预留执行与质量契约
60,e01cd0673611f75b5c3b2232f70e2cd86ec759e8,64b00aa72d19171ce1a712eea1b918d313447fda,2026-09-14T01:13:37+08:00,2026-09-14T01:13:37+08:00,feat: 验证局部事务组合与续接状态
61,ed277cf984bc47513e46283e7ed5e4de68c55e8f,e01cd0673611f75b5c3b2232f70e2cd86ec759e8,2026-09-14T01:59:01+08:00,2026-09-14T01:59:01+08:00,feat: 增加自然快照事务兑现审计
62,02f351fb80642d9bc6176450b84fea81d1a16d54,ed277cf984bc47513e46283e7ed5e4de68c55e8f,2026-09-14T02:14:29+08:00,2026-09-14T02:15:38+08:00,update: 完成事务化原型准入与持续实现规划
63,b6ddc6d5465c3035caf496495291dcd5f8edd7aa,02f351fb80642d9bc6176450b84fea81d1a16d54,2026-09-14T02:45:43+08:00,2026-09-14T02:45:43+08:00,update: 明确事务化原型准入与持续质量边界
64,1414c3c853ad0ac75e36cedea8c3548d7835a5b1,b6ddc6d5465c3035caf496495291dcd5f8edd7aa,2026-09-14T03:31:57+08:00,2026-09-14T03:31:57+08:00,feat: 实现事务化 LOD 单批串行内核
65,749d48f26a0c6a158a9cbf888905515e24312863,1414c3c853ad0ac75e36cedea8c3548d7835a5b1,2026-09-14T04:02:03+08:00,2026-09-14T04:02:03+08:00,feat: 补齐事务化 LOD 局部续接与增量输出
66,74d776298cab1f230f59ae7ee8d774365fb57715,749d48f26a0c6a158a9cbf888905515e24312863,2026-09-14T04:27:57+08:00,2026-09-14T04:27:57+08:00,feat: 增加事务化 LOD 动态参考与视图续接
67,9b3711fedaa15d781a56d3701d64426abb9d8a31,74d776298cab1f230f59ae7ee8d774365fb57715,2026-09-14T04:59:31+08:00,2026-09-14T04:59:31+08:00,feat: 完成事务化 LOD 有限多核原型
68,d63b417ee16ae0b55444e90816d02e162362b99a,9b3711fedaa15d781a56d3701d64426abb9d8a31,2026-09-14T05:12:41+08:00,2026-09-14T05:12:41+08:00,update: 分析持续事务原型的接入成本与性能空间
69,b13aaf55d54df91db8fe92d82e0db1b79741347d,d63b417ee16ae0b55444e90816d02e162362b99a,2026-09-14T05:23:28+08:00,2026-09-14T05:23:28+08:00,update: 补充同会话环境复核并校正性能分析
70,77ef897be8574fcf0d12ccc9c511ca82829f6f5f,b13aaf55d54df91db8fe92d82e0db1b79741347d,2026-09-14T15:08:40+08:00,2026-09-14T15:08:40+08:00,update: 规划函数热点采集与事务原型工作削减
71,081c90f2047c2c7d326556c4c12bcadd68b0dc3b,77ef897be8574fcf0d12ccc9c511ca82829f6f5f,2026-09-14T15:33:30+08:00,2026-09-14T15:33:30+08:00,feat: 建立 CPU 函数采样与时序工具能力
72,fa8bfac5993ca4091b6fbdd1a7179ec66469e64e,081c90f2047c2c7d326556c4c12bcadd68b0dc3b,2026-09-14T16:02:51+08:00,2026-09-14T16:02:51+08:00,feat: 接入自然轨迹的 perf 函数采样窗口
73,51c7521f2d6640ea22b973fc63fc3245f5817012,fa8bfac5993ca4091b6fbdd1a7179ec66469e64e,2026-09-14T16:21:18+08:00,2026-09-14T16:21:18+08:00,feat: 接入 Tracy 函数区间与线程任务时序
74,8ef2882ac914e2e24d3b03eb3d232a327b9f968d,51c7521f2d6640ea22b973fc63fc3245f5817012,2026-09-14T16:36:40+08:00,2026-09-14T16:36:40+08:00,feat: 统一家族采集入口并记录函数热点归因
75,114c00da42357996fa5e915c80ddb886d1f50d49,8ef2882ac914e2e24d3b03eb3d232a327b9f968d,2026-09-14T20:53:23+08:00,2026-09-14T20:53:23+08:00,update: 补充函数热点明细与事务算法成本说明
76,7425736fc6a4be1ed82b732122043c4c93fdfe4b,114c00da42357996fa5e915c80ddb886d1f50d49,2026-09-14T22:27:16+08:00,2026-09-14T22:27:16+08:00,update: 削减事务化 LOD 的视图与提案维护开销
77,c7e6cd10769a5764551b73a9a6e0b2086921543e,7425736fc6a4be1ed82b732122043c4c93fdfe4b,2026-09-15T00:07:31+08:00,2026-09-15T00:07:31+08:00,feat: 增加事务化 LOD 的规模扩展实验与成本报告
78,880574cbe1e7684f963519d3e1c3f17f7d9990ec,c7e6cd10769a5764551b73a9a6e0b2086921543e,2026-09-15T00:30:31+08:00,2026-09-15T00:30:31+08:00,update: 规划事务化 LOD 的平台接入
79,b7b4a52f952e2253d336f36eed79a606bf096f0c,880574cbe1e7684f963519d3e1c3f17f7d9990ec,2026-09-15T00:50:33+08:00,2026-09-15T00:50:33+08:00,update: 整理事务化运行核心与共享线程执行依赖
80,2341710a409c063e60b7ed924541cee122ad6c7d,b7b4a52f952e2253d336f36eed79a606bf096f0c,2026-09-15T01:20:52+08:00,2026-09-15T01:20:52+08:00,feat: 接入事务化 LOD 公共算法与输入契约
81,a4f4fd93b6434e6451e00ee2e0852959aae2e9d1,2341710a409c063e60b7ed924541cee122ad6c7d,2026-09-15T01:42:30+08:00,2026-09-15T01:42:30+08:00,feat: 接通事务化 LOD 应用选择与 OpenGL 输出
82,4b66cb68cbe3f2b8135f2060d15de394b341dabc,a4f4fd93b6434e6451e00ee2e0852959aae2e9d1,2026-09-15T01:57:52+08:00,2026-09-15T01:57:52+08:00,feat: 接通事务化 LOD 的 D3D12 消费与恢复
83,01ecf96ba9a4532206596e5b0c974d75dc0b4fb1,4b66cb68cbe3f2b8135f2060d15de394b341dabc,2026-09-15T02:26:02+08:00,2026-09-15T02:26:02+08:00,feat: 完成事务化 LOD 平台回放与质量观测
84,de377ee65a1eb69f62a626c2b47d40beebf28e65,01ecf96ba9a4532206596e5b0c974d75dc0b4fb1,2026-09-15T03:42:56+08:00,2026-09-15T03:42:56+08:00,feat: 增加事务化 LOD 质量溯源与存活点高度消融
85,27d9316d893245ba164475c13031d1965b423092,de377ee65a1eb69f62a626c2b47d40beebf28e65,2026-09-15T17:51:17+08:00,2026-09-15T17:51:17+08:00,feat: 建立实验输入与证据契约
86,874866849e45390a64277e8a86f02b96acb36caf,27d9316d893245ba164475c13031d1965b423092,2026-09-15T17:51:40+08:00,2026-09-15T17:51:40+08:00,feat: 扩充实验地形资产与来源清单
87,243df36dc381e7b8c3a77a1e8a0d52acc433b26a,874866849e45390a64277e8a86f02b96acb36caf,2026-09-15T17:52:02+08:00,2026-09-15T17:52:02+08:00,feat: 增加实验材质与双后端帧采集
88,c6050a34e85cc730d04909dcab421122c35e5ba4,243df36dc381e7b8c3a77a1e8a0d52acc433b26a,2026-09-15T17:54:03+08:00,2026-09-15T17:54:03+08:00,feat: 沉淀冻结相机与录制回放状态
89,9dbb83d1af0144e99315045335caf1dbe3fa9af0,c6050a34e85cc730d04909dcab421122c35e5ba4,2026-09-15T17:54:44+08:00,2026-09-15T17:54:44+08:00,feat: 接通实验面板与通用回放流程
90,e2995f510543db070bba0557f259797816ab548b,9dbb83d1af0144e99315045335caf1dbe3fa9af0,2026-09-15T17:55:14+08:00,2026-09-15T17:55:14+08:00,feat: 统一实验计量与独立质量归约
91,8e15a1f821fdaeba0781a2f621379333c262c17d,e2995f510543db070bba0557f259797816ab548b,2026-09-15T17:55:33+08:00,2026-09-15T17:55:33+08:00,feat: 生成可追溯实验图表与中文报告
92,474841d0c70d8f5b2886e6f42b69714492e5adf9,8e15a1f821fdaeba0781a2f621379333c262c17d,2026-09-15T17:59:54+08:00,2026-09-15T17:59:54+08:00,update: 沉淀实验完整案例与阶段交付记录
93,64e478ad016f245f4e1db21f953662fe6cbf739b,474841d0c70d8f5b2886e6f42b69714492e5adf9,2026-09-15T18:31:12+08:00,2026-09-15T18:31:12+08:00,feat: 追溯冻结旧点策略的残余质量来源
94,f195fda3d3ea74cf971253f0284d759721508908,64e478ad016f245f4e1db21f953662fe6cbf739b,2026-09-15T19:33:07+08:00,2026-09-15T19:33:07+08:00,feat: 增加单高度拟合的反事实质量诊断
95,eebf9bdb45e88e71fee623e1b8e6dce5deb8f313,f195fda3d3ea74cf971253f0284d759721508908,2026-09-15T20:17:48+08:00,2026-09-15T20:17:48+08:00,feat: 增加固定局部域的连接恢复诊断
96,39767a809d497e577cdce25a48ef0a44afe66d95,eebf9bdb45e88e71fee623e1b8e6dce5deb8f313,2026-09-15T23:24:06+08:00,2026-09-15T23:24:06+08:00,feat: 接入固定几何的净零翻边恢复
97,2c3ccf8c56ae398fd247756d4a84c8365e8b2dc8,39767a809d497e577cdce25a48ef0a44afe66d95,2026-09-15T23:40:53+08:00,2026-09-15T23:40:53+08:00,feat: 接通恢复策略并冻结首轮正式实验
98,3d8b352f6663dfde5716e99d4b4f40a8c1a336d0,2c3ccf8c56ae398fd247756d4a84c8365e8b2dc8,2026-09-16T00:27:50+08:00,2026-09-16T00:27:50+08:00,update: 记录首轮正式实验的质量与性能边界
99,3427141871e0aa2d0456fd5a95c9c9399ab3bd19,3d8b352f6663dfde5716e99d4b4f40a8c1a336d0,2026-09-16T01:17:06+08:00,2026-09-16T01:17:06+08:00,update: 明确 CBT 迁入阶段与 DOD 代码风格
100,8631320b0a69376567b9dd2b85c102bbc9b290fe,3427141871e0aa2d0456fd5a95c9c9399ab3bd19,2026-09-16T01:40:59+08:00,2026-09-16T01:40:59+08:00,feat: 迁入 CBT 参考核心与构建边界
101,7157ea7de79bc447af8d3e15cb8d53363fb73037,8631320b0a69376567b9dd2b85c102bbc9b290fe,2026-09-16T02:19:59+08:00,2026-09-16T02:19:59+08:00,feat: 接入 CBT 持续 GPU 输出与平台控制
102,df13a92d88e1ae0fdf68221482d641c897938969,7157ea7de79bc447af8d3e15cb8d53363fb73037,2026-09-16T02:41:57+08:00,2026-09-16T02:41:57+08:00,feat: 接通 CBT 同代网格捕获与独立实验记录
103,212bb483df00e6800cf1d0330047d23a4949462d,df13a92d88e1ae0fdf68221482d641c897938969,2026-09-16T03:17:19+08:00,2026-09-16T03:17:19+08:00,update: 完成 CBT 有限质量比较与接入记录
104,dcfc01a3207f15c78294ce7eecab303c8994165b,212bb483df00e6800cf1d0330047d23a4949462d,2026-09-16T03:36:45+08:00,2026-09-16T03:36:45+08:00,feat: 统一 CBT 实验观测与适用矩阵
105,1ddb2499b52d7e47a857cdac7595a5009374596f,dcfc01a3207f15c78294ce7eecab303c8994165b,2026-09-16T04:03:51+08:00,2026-09-16T04:03:51+08:00,feat: 接通四算法统一报告与正式实验编排
106,21451dc229418f6c5836dc3374826d952e7a4dea,1ddb2499b52d7e47a857cdac7595a5009374596f,2026-09-16T05:15:36+08:00,2026-09-16T05:15:36+08:00,feat: 完成四算法总体实验与质量成本报告
107,01c05834b921adf40379a95ac4664cd90bd953be,21451dc229418f6c5836dc3374826d952e7a4dea,2026-09-16T11:31:12+08:00,2026-09-16T11:31:12+08:00,update: 记录质量性能问题清单与分阶段闭环规划
108,e0a69c7238badae85d3c9bf4a9fb56aaacd74754,01c05834b921adf40379a95ac4664cd90bd953be,2026-09-16T12:29:52+08:00,2026-09-16T12:29:52+08:00,feat: 增加质量恢复追溯并记录边界与候选阻塞
109,b1174d40009cbcf734ff68dbe83c1efd1e120852,e0a69c7238badae85d3c9bf4a9fb56aaacd74754,2026-09-16T19:31:22+08:00,2026-09-16T19:31:22+08:00,feat: 增加外边界恢复可行性审计并前移质量阶段
110,60bd106fcb8d4f22c34a6f61efde9faa4e833816,b1174d40009cbcf734ff68dbe83c1efd1e120852,2026-09-16T21:01:46+08:00,2026-09-16T21:01:46+08:00,feat: 接入单侧边界细分与混合面数预算
111,644bbf712a9a79d3c58d022f5d1472d1ae7d77ab,60bd106fcb8d4f22c34a6f61efde9faa4e833816,2026-09-16T22:06:47+08:00,2026-09-16T22:06:47+08:00,update: 核查误差目标与候选请求错位
112,5ddadcfb28b9c677fdefbdfc94395dc10736cb1a,644bbf712a9a79d3c58d022f5d1472d1ae7d77ab,2026-09-16T23:27:59+08:00,2026-09-16T23:27:59+08:00,feat: 增加误差优先接收排序并记录有限质量对照
113,54fa2b239908c7a9800d1871b4de85d66ccb4daa,5ddadcfb28b9c677fdefbdfc94395dc10736cb1a,2026-09-17T01:00:06+08:00,2026-09-17T01:00:06+08:00,update: 补充误差优先策略归因并重审质量与成本结构
114,031b6391eaf1fdd12af34fa50f6afa6526881a25,54fa2b239908c7a9800d1871b4de85d66ccb4daa,2026-09-17T02:58:30+08:00,2026-09-17T02:58:30+08:00,feat: 增加逐点质量契约审计与形式推导索引
115,99947eddf8d5ea304b00aa97e962913393455da7,031b6391eaf1fdd12af34fa50f6afa6526881a25,2026-09-17T03:27:12+08:00,2026-09-17T03:27:12+08:00,feat: 建立一般三角化事务模型与局部操作嵌入
116,f297838ab4018ca384b457b9fab1fa5c2396332d,99947eddf8d5ea304b00aa97e962913393455da7,2026-09-17T03:47:49+08:00,2026-09-17T03:47:49+08:00,feat: 推导一般事务资源组合与有符号预算
117,c2cc2788039a8448abddb64b5c3f54395cce65aa,f297838ab4018ca384b457b9fab1fa5c2396332d,2026-09-17T04:02:15+08:00,2026-09-17T04:02:15+08:00,feat: 建立一般事务质量组合与适用边界
118,b4373159e26879994f06e1ebb106866463682f5b,c2cc2788039a8448abddb64b5c3f54395cce65aa,2026-09-17T08:49:38+08:00,2026-09-17T08:49:38+08:00,feat: 接入显式质量目标与逐点损伤约束
119,736f9ed7af03284235f420545ab698db62b4f833,b4373159e26879994f06e1ebb106866463682f5b,2026-09-17T12:22:26+08:00,2026-09-17T12:22:26+08:00,feat: 增加提案可行域审计与质量见证复核
120,febb0d14b98cb3c00e6a7c6da68baa1292831936,736f9ed7af03284235f420545ab698db62b4f833,2026-09-17T13:00:53+08:00,2026-09-17T13:00:53+08:00,update: 追溯新质量政策的认证与重复失败成本
121,89773d68e87832d68bcf0fc99994f83fd8011a31,febb0d14b98cb3c00e6a7c6da68baa1292831936,2026-09-17T13:51:03+08:00,2026-09-17T13:51:03+08:00,update: 降低逐点质量认证的重复求值成本
122,5a18cb1c45b0ccc51e6e24dcb5b7b0e0f84c5ac3,89773d68e87832d68bcf0fc99994f83fd8011a31,2026-09-17T14:12:10+08:00,2026-09-17T14:12:10+08:00,update: 复用不变状态下的空批规划结果
123,c678ebe0c5bed9d33052428ea47b1daf5013f34f,5a18cb1c45b0ccc51e6e24dcb5b7b0e0f84c5ac3,2026-09-17T15:06:54+08:00,2026-09-17T15:06:54+08:00,update: 追溯当前质量政策的函数热点与线程长尾
124,a50887062951c188da0f318202d6e48c4efba901,c678ebe0c5bed9d33052428ea47b1daf5013f34f,2026-09-17T18:07:36+08:00,2026-09-17T18:07:36+08:00,update: 按独立根均衡接收认证任务
125,c00ca8a4b80111dcb6ce13705f988ce86cef6dfd,a50887062951c188da0f318202d6e48c4efba901,2026-09-17T18:45:44+08:00,2026-09-17T18:45:44+08:00,update: 复用提案面系数降低逐点认证成本
126,8b5f557f74569c60149035b48b6087c4df46ea8c,c00ca8a4b80111dcb6ce13705f988ce86cef6dfd,2026-09-18T00:56:58+08:00,2026-09-18T00:56:58+08:00,feat: 增加源高度接收提案实验策略
127,1f72df1d4ee29300975bf329370babd6e763927e,8b5f557f74569c60149035b48b6087c4df46ea8c,2026-09-18T00:58:20+08:00,2026-09-18T00:58:20+08:00,update: 提前拒绝高度损伤并复用失败样本提示
128,3ae5a8e38fff2bb55748c1cb97c9282200a04d57,1f72df1d4ee29300975bf329370babd6e763927e,2026-09-18T01:42:50+08:00,2026-09-18T01:42:50+08:00,update: 分离坐标覆盖与参考高度求值
129,9425da74f549b075718bf686ac5f9197d62b9a89,3ae5a8e38fff2bb55748c1cb97c9282200a04d57,2026-09-18T01:52:56+08:00,2026-09-18T01:52:56+08:00,update: 延后失败提案的认证准备
130,7327afc55ca2c224e4e277ccbb230e08a8ceee83,9425da74f549b075718bf686ac5f9197d62b9a89,2026-09-18T02:00:39+08:00,2026-09-18T02:00:39+08:00,update: 删除样本续接中的重复插值准备
131,c95ace0a297350928ef8e99c477a9dd68dcfd2eb,7327afc55ca2c224e4e277ccbb230e08a8ceee83,2026-09-18T02:17:40+08:00,2026-09-18T02:17:40+08:00,update: 汇总剩余数值热点与有限优化边界
