case,frame,N,reference,referenceN,relativeCountDifference,withinTenPercent,status,Emax,referenceEmax
dem-canyon-b50000-classic-t1,2,50000.0,dem-canyon-cbt-a16,48.0,1040.6666666666667,False,ok,2.3156938104516644,63.06815471320398
dem-canyon-b50000-classic-t1,48,49999.0,dem-canyon-cbt-a8,49165.0,0.016963286891080953,True,invalid-quality,1.839557369258571,
dem-canyon-b50000-classic-t1,80,50000.0,dem-canyon-cbt-a16,34973.0,0.42967432018986074,False,ok,2.348192641609855,9.069726118500801
dem-canyon-b50000-classic-t1,95,50000.0,dem-canyon-cbt-a16,34973.0,0.42967432018986074,False,ok,2.348192641609855,9.069726118500801
dem-canyon-b50000-dod-t8,2,49996.0,dem-canyon-cbt-a16,48.0,1040.5833333333333,False,ok,2.3156938104516644,63.06815471320398
dem-canyon-b50000-dod-t8,48,49999.0,dem-canyon-cbt-a8,49165.0,0.016963286891080953,True,invalid-quality,1.839557369258571,
dem-canyon-b50000-dod-t8,80,50000.0,dem-canyon-cbt-a16,34973.0,0.42967432018986074,False,ok,2.348192641609855,9.069726118500801
dem-canyon-b50000-dod-t8,95,50000.0,dem-canyon-cbt-a16,34973.0,0.42967432018986074,False,ok,2.348192641609855,9.069726118500801
dem-canyon-b50000-transactional-t8,2,50000.0,dem-canyon-cbt-a16,48.0,1040.6666666666667,False,ok,4.63692509577418,63.06815471320398
dem-canyon-b50000-transactional-t8,48,50000.0,dem-canyon-cbt-a8,49165.0,0.016983626563612297,True,invalid-quality,9.274476736648769,
dem-canyon-b50000-transactional-t8,80,50000.0,dem-canyon-cbt-a16,34973.0,0.42967432018986074,False,ok,2.348192641609855,9.069726118500801
dem-canyon-b50000-transactional-t8,95,50000.0,dem-canyon-cbt-a16,34973.0,0.42967432018986074,False,ok,2.348192641609855,9.069726118500801
dem-sierra-b50000-classic-t1,2,8845.0,dem-sierra-cbt-a16,48.0,183.27083333333334,False,ok,1.1726921856954238,16.374504102298975
dem-sierra-b50000-classic-t1,48,12085.0,dem-sierra-cbt-a16,22496.0,0.4627933854907539,False,ok,1.0416797893895509,3.1898454143770962
dem-sierra-b50000-classic-t1,80,15919.0,dem-sierra-cbt-a16,28643.0,0.4442272108368537,False,ok,1.08957745809527,1.7421504257063751
dem-sierra-b50000-classic-t1,95,15919.0,dem-sierra-cbt-a16,28643.0,0.4442272108368537,False,ok,1.08957745809527,1.7421504257063751
dem-sierra-b50000-dod-t8,2,8845.0,dem-sierra-cbt-a16,48.0,183.27083333333334,False,ok,1.1726921856954238,16.374504102298975
dem-sierra-b50000-dod-t8,48,12085.0,dem-sierra-cbt-a16,22496.0,0.4627933854907539,False,ok,1.0416797893895509,3.1898454143770962
dem-sierra-b50000-dod-t8,80,15919.0,dem-sierra-cbt-a16,28643.0,0.4442272108368537,False,ok,1.08957745809527,1.7421504257063751
dem-sierra-b50000-dod-t8,95,15919.0,dem-sierra-cbt-a16,28643.0,0.4442272108368537,False,ok,1.08957745809527,1.7421504257063751
dem-sierra-b50000-transactional-t8,2,8874.0,dem-sierra-cbt-a16,48.0,183.875,False,ok,1.5864080125804836,16.374504102298975
dem-sierra-b50000-transactional-t8,48,8960.0,dem-sierra-cbt-a16,22496.0,0.6017069701280228,False,ok,2.015011653542709,3.1898454143770962
dem-sierra-b50000-transactional-t8,80,8976.0,dem-sierra-cbt-a16,28643.0,0.686625004364068,False,ok,1.133568442602344,1.7421504257063751
dem-sierra-b50000-transactional-t8,95,8976.0,dem-sierra-cbt-a16,28643.0,0.686625004364068,False,ok,1.133568442602344,1.7421504257063751
generated-ridge-b50000-classic-t1,2,5553.0,generated-ridge-cbt-a16,48.0,114.6875,False,ok,1.0641896547471814,48.631061236831215
generated-ridge-b50000-classic-t1,48,7999.0,generated-ridge-cbt-a16,25662.0,0.6882939755280181,False,ok,1.0365793890682853,2.629352874864637
generated-ridge-b50000-classic-t1,80,8458.0,generated-ridge-cbt-a16,24990.0,0.6615446178471389,False,ok,0.9894729283102867,2.5300134204531366
generated-ridge-b50000-classic-t1,95,8264.0,generated-ridge-cbt-a16,25574.0,0.6768593102369593,False,ok,0.9717988452426315,4.148092801367077
generated-ridge-b50000-dod-t8,2,5553.0,generated-ridge-cbt-a16,48.0,114.6875,False,ok,1.0641896547471814,48.631061236831215
generated-ridge-b50000-dod-t8,48,7999.0,generated-ridge-cbt-a16,25662.0,0.6882939755280181,False,ok,1.0365793890682853,2.629352874864637
generated-ridge-b50000-dod-t8,80,8458.0,generated-ridge-cbt-a16,24990.0,0.6615446178471389,False,ok,0.9894729283102867,2.5300134204531366
generated-ridge-b50000-dod-t8,95,8264.0,generated-ridge-cbt-a16,25574.0,0.6768593102369593,False,ok,0.9717988452426315,4.148092801367077
generated-ridge-b50000-transactional-t8,2,5467.0,generated-ridge-cbt-a16,48.0,112.89583333333333,False,ok,1.0641896547471814,48.631061236831215
generated-ridge-b50000-transactional-t8,48,5593.0,generated-ridge-cbt-a16,25662.0,0.782051282051282,False,ok,1.1639886185997521,2.629352874864637
generated-ridge-b50000-transactional-t8,80,5655.0,generated-ridge-cbt-a16,24990.0,0.7737094837935174,False,ok,1.1313194441342629,2.5300134204531366
generated-ridge-b50000-transactional-t8,95,5747.0,generated-ridge-cbt-a16,25574.0,0.7752795808242746,False,ok,1.0599563283465288,4.148092801367077
peking547-b100000-classic-t1,2,100000.0,peking547-cbt-a16,48.0,2082.3333333333335,False,ok,0.3308686511891794,8.091670543434704
peking547-b100000-classic-t1,15,100000.0,peking547-cbt-a8,80193.0,0.24699163268614477,False,ok,0.34919519544202426,1.0698178392862385
peking547-b100000-classic-t1,16,100000.0,peking547-cbt-a4,110004.0,0.09094214755827057,True,ok,0.3308686511891794,0.6539445661599348
peking547-b100000-classic-t1,23,100000.0,peking547-cbt-a8,85238.0,0.17318566836387528,False,ok,0.3308686511891794,0.7588898510752164
peking547-b100000-dod-t8,2,99999.0,peking547-cbt-a16,48.0,2082.3125,False,ok,0.3308686511891794,8.091670543434704
peking547-b100000-dod-t8,15,100000.0,peking547-cbt-a8,80193.0,0.24699163268614477,False,ok,0.34919519544202426,1.0698178392862385
peking547-b100000-dod-t8,16,99999.0,peking547-cbt-a4,110004.0,0.09095123813679507,True,ok,0.3308686511891794,0.6539445661599348
peking547-b100000-dod-t8,23,99999.0,peking547-cbt-a8,85238.0,0.1731739365071916,False,ok,0.3308686511891794,0.7588898510752164
peking547-b100000-transactional-t8,2,99999.0,peking547-cbt-a16,48.0,2082.3125,False,ok,0.3308686511891794,8.091670543434704
peking547-b100000-transactional-t8,15,99999.0,peking547-cbt-a8,80193.0,0.2469791627698179,False,ok,1.9965571109865088,1.0698178392862385
peking547-b100000-transactional-t8,16,99999.0,peking547-cbt-a4,110004.0,0.09095123813679507,True,ok,0.3308686511891794,0.6539445661599348
peking547-b100000-transactional-t8,23,99999.0,peking547-cbt-a8,85238.0,0.1731739365071916,False,ok,0.3308686511891794,0.7588898510752164
peking547-b200000-classic-t1,2,200000.0,peking547-cbt-a16,48.0,4165.666666666667,False,ok,0.20915012134511052,8.091670543434704
peking547-b200000-classic-t1,15,200000.0,peking547-cbt-a4,130269.0,0.535284680161819,False,ok,0.19377242496389396,1.0698178392862385
peking547-b200000-classic-t1,16,200000.0,peking547-cbt-a4,110004.0,0.8181157048834589,False,ok,0.20915012134511052,0.6539445661599348
peking547-b200000-classic-t1,23,200000.0,peking547-cbt-a4,140913.0,0.41931546415163967,False,ok,0.20915012134511052,0.407000259459492
peking547-b200000-dod-t8,2,200000.0,peking547-cbt-a16,48.0,4165.666666666667,False,ok,0.20915012134511052,8.091670543434704
peking547-b200000-dod-t8,15,199999.0,peking547-cbt-a4,130269.0,0.5352770037384182,False,ok,0.19377242496389396,1.0698178392862385
peking547-b200000-dod-t8,16,200000.0,peking547-cbt-a4,110004.0,0.8181157048834589,False,ok,0.20915012134511052,0.6539445661599348
peking547-b200000-dod-t8,23,200000.0,peking547-cbt-a4,140913.0,0.41931546415163967,False,ok,0.20915012134511052,0.407000259459492
peking547-b200000-transactional-t8,2,200000.0,peking547-cbt-a16,48.0,4165.666666666667,False,ok,0.20915012134511052,8.091670543434704
peking547-b200000-transactional-t8,15,200000.0,peking547-cbt-a4,130269.0,0.535284680161819,False,ok,1.9965571109865088,1.0698178392862385
peking547-b200000-transactional-t8,16,200000.0,peking547-cbt-a4,110004.0,0.8181157048834589,False,ok,0.20915012134511052,0.6539445661599348
peking547-b200000-transactional-t8,23,200000.0,peking547-cbt-a4,140913.0,0.41931546415163967,False,ok,0.20915012134511052,0.407000259459492
peking547-b50000-classic-t1,2,50000.0,peking547-cbt-a16,48.0,1040.6666666666667,False,ok,0.44188556383409333,8.091670543434704
peking547-b50000-classic-t1,15,50000.0,peking547-cbt-a16,45112.0,0.10835254477744272,False,ok,0.418727498700991,1.0698178392862385
peking547-b50000-classic-t1,16,50000.0,peking547-cbt-a8,63132.0,0.2080086168662485,False,ok,0.44188556383409333,0.7588898510752164
peking547-b50000-classic-t1,23,50000.0,peking547-cbt-a16,45844.0,0.09065526568362281,True,ok,0.44188556383409333,0.9279701549916926
peking547-b50000-dod-t8,2,49999.0,peking547-cbt-a16,48.0,1040.6458333333333,False,ok,0.44188556383409333,8.091670543434704
peking547-b50000-dod-t8,15,50000.0,peking547-cbt-a16,45112.0,0.10835254477744272,False,ok,0.418727498700991,1.0698178392862385
peking547-b50000-dod-t8,16,49999.0,peking547-cbt-a8,63132.0,0.20802445669391112,False,ok,0.44188556383409333,0.7588898510752164
peking547-b50000-dod-t8,23,49999.0,peking547-cbt-a16,45844.0,0.09063345257830902,True,ok,0.44188556383409333,0.9279701549916926
peking547-b50000-transactional-t8,2,49999.0,peking547-cbt-a16,48.0,1040.6458333333333,False,ok,0.44188556383409333,8.091670543434704
peking547-b50000-transactional-t8,15,49999.0,peking547-cbt-a16,45112.0,0.10833037772654719,False,ok,1.9965571109865088,1.0698178392862385
peking547-b50000-transactional-t8,16,49999.0,peking547-cbt-a8,63132.0,0.20802445669391112,False,ok,0.44188556383409333,0.7588898510752164
peking547-b50000-transactional-t8,23,49999.0,peking547-cbt-a16,45844.0,0.09063345257830902,True,ok,0.44188556383409333,0.9279701549916926
