configuration,case,run,terrain,algorithm,budget,area,capacity,frame,status,valid,N,Emax,RMS,Hmax,Q,missing,ambiguous,witness,meshHash,poseHash,sampleHash,qualityPath
3e22f7658e73b2e4cd53f798a179a450bc1dae4b4a6b37060f1c6a10af446ec4,dem-canyon-b50000-classic-t1,visual-dem-canyon-b50000-classic-t1,dem-canyon,classic,50000,,,2,ok,True,50000.0,2.3156938104516644,0.29809040742632686,1.165875234581235,1574913,0,0,"[1325460, 0.8515625, 0.841796875]",2190167456589759689,2444162831860700372,2831584742635955469,/mnt/d/CPP-Projects/WorkloadAwareROAM/benchmark-output/experiment-infrastructure/fer-02/quality-dem-canyon-b50000-classic-t1
3e22f7658e73b2e4cd53f798a179a450bc1dae4b4a6b37060f1c6a10af446ec4,dem-canyon-b50000-classic-t1,visual-dem-canyon-b50000-classic-t1,dem-canyon,classic,50000,,,48,ok,True,49999.0,1.839557369258571,0.24567629773537125,6.259914564360576,1574913,0,0,"[343060, 0.267578125, 0.21875]",10617879421075591027,17793952616048786981,2831584742635955469,/mnt/d/CPP-Projects/WorkloadAwareROAM/benchmark-output/experiment-infrastructure/fer-02/quality-dem-canyon-b50000-classic-t1
3e22f7658e73b2e4cd53f798a179a450bc1dae4b4a6b37060f1c6a10af446ec4,dem-canyon-b50000-classic-t1,visual-dem-canyon-b50000-classic-t1,dem-canyon,classic,50000,,,80,ok,True,50000.0,2.348192641609855,0.2990287537793469,1.165875234581235,1574913,0,0,"[1073620, 0.92578125, 0.681640625]",13217154445652700383,3326756437934915451,2831584742635955469,/mnt/d/CPP-Projects/WorkloadAwareROAM/benchmark-output/experiment-infrastructure/fer-02/quality-dem-canyon-b50000-classic-t1
3e22f7658e73b2e4cd53f798a179a450bc1dae4b4a6b37060f1c6a10af446ec4,dem-canyon-b50000-classic-t1,visual-dem-canyon-b50000-classic-t1,dem-canyon,classic,50000,,,95,ok,True,50000.0,2.348192641609855,0.2990287537793469,1.165875234581235,1574913,0,0,"[1073620, 0.92578125, 0.681640625]",13217154445652700383,3326756437934915451,2831584742635955469,/mnt/d/CPP-Projects/WorkloadAwareROAM/benchmark-output/experiment-infrastructure/fer-02/quality-dem-canyon-b50000-classic-t1
49965481f8fe326feaf6aed69044d3a96e729d2452e5307b2610c62638fea894,dem-canyon-b50000-dod-t8,visual-dem-canyon-b50000-dod-t8,dem-canyon,dod,50000,,,2,ok,True,49996.0,2.3156938104516644,0.2981173392036623,1.165875234581235,1574913,0,0,"[1325460, 0.8515625, 0.841796875]",14389074011157899099,2444162831860700372,2831584742635955469,/mnt/d/CPP-Projects/WorkloadAwareROAM/benchmark-output/experiment-infrastructure/fer-02/quality-dem-canyon-b50000-dod-t8
49965481f8fe326feaf6aed69044d3a96e729d2452e5307b2610c62638fea894,dem-canyon-b50000-dod-t8,visual-dem-canyon-b50000-dod-t8,dem-canyon,dod,50000,,,48,ok,True,49999.0,1.839557369258571,0.24567629773537125,6.259914564360576,1574913,0,0,"[343060, 0.267578125, 0.21875]",2957331639505755403,17793952616048786981,2831584742635955469,/mnt/d/CPP-Projects/WorkloadAwareROAM/benchmark-output/experiment-infrastructure/fer-02/quality-dem-canyon-b50000-dod-t8
49965481f8fe326feaf6aed69044d3a96e729d2452e5307b2610c62638fea894,dem-canyon-b50000-dod-t8,visual-dem-canyon-b50000-dod-t8,dem-canyon,dod,50000,,,80,ok,True,50000.0,2.348192641609855,0.2990287537793469,1.165875234581235,1574913,0,0,"[1073620, 0.92578125, 0.681640625]",6910887810557670167,3326756437934915451,2831584742635955469,/mnt/d/CPP-Projects/WorkloadAwareROAM/benchmark-output/experiment-infrastructure/fer-02/quality-dem-canyon-b50000-dod-t8
49965481f8fe326feaf6aed69044d3a96e729d2452e5307b2610c62638fea894,dem-canyon-b50000-dod-t8,visual-dem-canyon-b50000-dod-t8,dem-canyon,dod,50000,,,95,ok,True,50000.0,2.348192641609855,0.2990287537793469,1.165875234581235,1574913,0,0,"[1073620, 0.92578125, 0.681640625]",6910887810557670167,3326756437934915451,2831584742635955469,/mnt/d/CPP-Projects/WorkloadAwareROAM/benchmark-output/experiment-infrastructure/fer-02/quality-dem-canyon-b50000-dod-t8
9364a719514a9c3167efeec4e6b8f69658f16ccabff20318d29537bcabd32f54,dem-canyon-b50000-transactional-t8,visual-dem-canyon-b50000-transactional-t8,dem-canyon,transactional,50000,,,2,ok,True,50000.0,4.63692509577418,0.30282059154741237,1.165875234581235,1574913,0,0,"[1501038, 0.96875, 0.953125]",18382944899644861613,2444162831860700372,2831584742635955469,/mnt/d/CPP-Projects/WorkloadAwareROAM/benchmark-output/experiment-infrastructure/fer-02/quality-dem-canyon-b50000-transactional-t8
9364a719514a9c3167efeec4e6b8f69658f16ccabff20318d29537bcabd32f54,dem-canyon-b50000-transactional-t8,visual-dem-canyon-b50000-transactional-t8,dem-canyon,transactional,50000,,,48,ok,True,50000.0,9.274476736648769,0.47920022881296753,1.165875234581235,1574913,0,0,"[1574412, 0.837890625, 1]",11488816544551648613,17793952616048786981,2831584742635955469,/mnt/d/CPP-Projects/WorkloadAwareROAM/benchmark-output/experiment-infrastructure/fer-02/quality-dem-canyon-b50000-transactional-t8
9364a719514a9c3167efeec4e6b8f69658f16ccabff20318d29537bcabd32f54,dem-canyon-b50000-transactional-t8,visual-dem-canyon-b50000-transactional-t8,dem-canyon,transactional,50000,,,80,ok,True,50000.0,2.348192641609855,0.2991600830810882,1.165875234581235,1574913,0,0,"[1073620, 0.92578125, 0.681640625]",14141856504628337756,3326756437934915451,2831584742635955469,/mnt/d/CPP-Projects/WorkloadAwareROAM/benchmark-output/experiment-infrastructure/fer-02/quality-dem-canyon-b50000-transactional-t8
9364a719514a9c3167efeec4e6b8f69658f16ccabff20318d29537bcabd32f54,dem-canyon-b50000-transactional-t8,visual-dem-canyon-b50000-transactional-t8,dem-canyon,transactional,50000,,,95,ok,True,50000.0,2.348192641609855,0.2991600830810882,1.165875234581235,1574913,0,0,"[1073620, 0.92578125, 0.681640625]",14141856504628337756,3326756437934915451,2831584742635955469,/mnt/d/CPP-Projects/WorkloadAwareROAM/benchmark-output/experiment-infrastructure/fer-02/quality-dem-canyon-b50000-transactional-t8
df6c1a9f9fe476af8eacda51533d239c6d077ec322f61d53be9ac16e4df1490a,dem-canyon-cbt-a16,visual-dem-canyon-cbt-a16,dem-canyon,cbt,,16,524288,2,ok,True,48.0,63.06815471320398,10.541334021942662,6.420383776015284,1574913,0,0,"[1501664, 0.171875, 0.955078125]",6390742029438717001,2444162831860700372,2831584742635955469,/mnt/d/CPP-Projects/WorkloadAwareROAM/benchmark-output/experiment-infrastructure/fer-02/quality-dem-canyon-cbt-a16
df6c1a9f9fe476af8eacda51533d239c6d077ec322f61d53be9ac16e4df1490a,dem-canyon-cbt-a16,visual-dem-canyon-cbt-a16,dem-canyon,cbt,,16,524288,48,ok,True,26716.0,11.11590374977909,0.8138218240454064,4.758042303022039,1574913,0,0,"[182840, 0.146484375, 0.1171875]",6582002914504972521,17793952616048786981,2831584742635955469,/mnt/d/CPP-Projects/WorkloadAwareROAM/benchmark-output/experiment-infrastructure/fer-02/quality-dem-canyon-cbt-a16
df6c1a9f9fe476af8eacda51533d239c6d077ec322f61d53be9ac16e4df1490a,dem-canyon-cbt-a16,visual-dem-canyon-cbt-a16,dem-canyon,cbt,,16,524288,80,ok,True,34973.0,9.069726118500801,0.6627738569726694,2.4980040088904003,1574913,0,0,"[1467722, 0.12955729166666666, 0.9322916666666666]",15146898259802970087,3326756437934915451,2831584742635955469,/mnt/d/CPP-Projects/WorkloadAwareROAM/benchmark-output/experiment-infrastructure/fer-02/quality-dem-canyon-cbt-a16
df6c1a9f9fe476af8eacda51533d239c6d077ec322f61d53be9ac16e4df1490a,dem-canyon-cbt-a16,visual-dem-canyon-cbt-a16,dem-canyon,cbt,,16,524288,95,ok,True,34973.0,9.069726118500801,0.662754138865199,2.4980040088904003,1574913,0,0,"[1467722, 0.12955729166666666, 0.9322916666666666]",6927217182808658160,3326756437934915451,2831584742635955469,/mnt/d/CPP-Projects/WorkloadAwareROAM/benchmark-output/experiment-infrastructure/fer-02/quality-dem-canyon-cbt-a16
bedc5b60257b3557824eb8c006bb525a59b7c28bdff7b58a83e28e689ff2a70e,dem-canyon-cbt-a4,visual-dem-canyon-cbt-a4,dem-canyon,cbt,,4,524288,2,ok,True,48.0,63.06815471320398,10.541334021942662,6.420383776015284,1574913,0,0,"[1501664, 0.171875, 0.955078125]",448624912503983969,2444162831860700372,2831584742635955469,/mnt/d/CPP-Projects/WorkloadAwareROAM/benchmark-output/experiment-infrastructure/fer-02/quality-dem-canyon-cbt-a4
bedc5b60257b3557824eb8c006bb525a59b7c28bdff7b58a83e28e689ff2a70e,dem-canyon-cbt-a4,visual-dem-canyon-cbt-a4,dem-canyon,cbt,,4,524288,48,invalid-quality,False,87729.0,,,,1574913,0,104,"[182840, 0.146484375, 0.1171875]",8338219098455829675,17793952616048786981,2831584742635955469,/mnt/d/CPP-Projects/WorkloadAwareROAM/benchmark-output/experiment-infrastructure/fer-02/quality-dem-canyon-cbt-a4
bedc5b60257b3557824eb8c006bb525a59b7c28bdff7b58a83e28e689ff2a70e,dem-canyon-cbt-a4,visual-dem-canyon-cbt-a4,dem-canyon,cbt,,4,524288,80,invalid-quality,False,125405.0,,,,1574913,0,123,"[1470786, 0.126953125, 0.935546875]",2809077340417714234,3326756437934915451,2831584742635955469,/mnt/d/CPP-Projects/WorkloadAwareROAM/benchmark-output/experiment-infrastructure/fer-02/quality-dem-canyon-cbt-a4
bedc5b60257b3557824eb8c006bb525a59b7c28bdff7b58a83e28e689ff2a70e,dem-canyon-cbt-a4,visual-dem-canyon-cbt-a4,dem-canyon,cbt,,4,524288,95,invalid-quality,False,125407.0,,,,1574913,0,123,"[1403098, 0.107421875, 0.892578125]",4132117495529583181,3326756437934915451,2831584742635955469,/mnt/d/CPP-Projects/WorkloadAwareROAM/benchmark-output/experiment-infrastructure/fer-02/quality-dem-canyon-cbt-a4
6a0c74c5887b285e7660ec736dc40ff635574464f1d82044c9dd8d41c4c7dd70,dem-canyon-cbt-a8,visual-dem-canyon-cbt-a8,dem-canyon,cbt,,8,524288,2,ok,True,48.0,63.06815471320398,10.541334021942662,6.420383776015284,1574913,0,0,"[1501664, 0.171875, 0.955078125]",6390742029438717001,2444162831860700372,2831584742635955469,/mnt/d/CPP-Projects/WorkloadAwareROAM/benchmark-output/experiment-infrastructure/fer-02/quality-dem-canyon-cbt-a8
6a0c74c5887b285e7660ec736dc40ff635574464f1d82044c9dd8d41c4c7dd70,dem-canyon-cbt-a8,visual-dem-canyon-cbt-a8,dem-canyon,cbt,,8,524288,48,invalid-quality,False,49165.0,,,,1574913,0,1,"[182840, 0.146484375, 0.1171875]",3109207776170296716,17793952616048786981,2831584742635955469,/mnt/d/CPP-Projects/WorkloadAwareROAM/benchmark-output/experiment-infrastructure/fer-02/quality-dem-canyon-cbt-a8
6a0c74c5887b285e7660ec736dc40ff635574464f1d82044c9dd8d41c4c7dd70,dem-canyon-cbt-a8,visual-dem-canyon-cbt-a8,dem-canyon,cbt,,8,524288,80,invalid-quality,False,67261.0,,,,1574913,0,11,"[1467722, 0.12955729166666666, 0.9322916666666666]",16648000626324741318,3326756437934915451,2831584742635955469,/mnt/d/CPP-Projects/WorkloadAwareROAM/benchmark-output/experiment-infrastructure/fer-02/quality-dem-canyon-cbt-a8
6a0c74c5887b285e7660ec736dc40ff635574464f1d82044c9dd8d41c4c7dd70,dem-canyon-cbt-a8,visual-dem-canyon-cbt-a8,dem-canyon,cbt,,8,524288,95,invalid-quality,False,67255.0,,,,1574913,0,11,"[1467722, 0.12955729166666666, 0.9322916666666666]",12978378456533168763,3326756437934915451,2831584742635955469,/mnt/d/CPP-Projects/WorkloadAwareROAM/benchmark-output/experiment-infrastructure/fer-02/quality-dem-canyon-cbt-a8
7f8329291874c939c1f910e56ccbe298a880c927c1cd9b7eb8d78cccf09d95f5,dem-sierra-b50000-classic-t1,visual-dem-sierra-b50000-classic-t1,dem-sierra,classic,50000,,,2,ok,True,8845.0,1.1726921856954238,0.2538092346788995,0.4707915077518159,1574913,0,0,"[864998, 0.05859375, 0.55078125]",16103525946236971189,9615969980420470247,2831584742635955469,/mnt/d/CPP-Projects/WorkloadAwareROAM/benchmark-output/experiment-infrastructure/fer-02/quality-dem-sierra-b50000-classic-t1
7f8329291874c939c1f910e56ccbe298a880c927c1cd9b7eb8d78cccf09d95f5,dem-sierra-b50000-classic-t1,visual-dem-sierra-b50000-classic-t1,dem-sierra,classic,50000,,,48,ok,True,12085.0,1.0416797893895509,0.18835355900767617,1.754269891755163,1574913,0,0,"[1561810, 0.73828125, 0.9921875]",9880494696098687654,2106862884007421062,2831584742635955469,/mnt/d/CPP-Projects/WorkloadAwareROAM/benchmark-output/experiment-infrastructure/fer-02/quality-dem-sierra-b50000-classic-t1
7f8329291874c939c1f910e56ccbe298a880c927c1cd9b7eb8d78cccf09d95f5,dem-sierra-b50000-classic-t1,visual-dem-sierra-b50000-classic-t1,dem-sierra,classic,50000,,,80,ok,True,15919.0,1.08957745809527,0.17801768763924997,0.37772312545254305,1574913,0,0,"[1502006, 0.283203125, 0.955078125]",9142051977205542781,10556526114892932750,2831584742635955469,/mnt/d/CPP-Projects/WorkloadAwareROAM/benchmark-output/experiment-infrastructure/fer-02/quality-dem-sierra-b50000-classic-t1
7f8329291874c939c1f910e56ccbe298a880c927c1cd9b7eb8d78cccf09d95f5,dem-sierra-b50000-classic-t1,visual-dem-sierra-b50000-classic-t1,dem-sierra,classic,50000,,,95,ok,True,15919.0,1.08957745809527,0.17801768763924997,0.37772312545254305,1574913,0,0,"[1502006, 0.283203125, 0.955078125]",9142051977205542781,10556526114892932750,2831584742635955469,/mnt/d/CPP-Projects/WorkloadAwareROAM/benchmark-output/experiment-infrastructure/fer-02/quality-dem-sierra-b50000-classic-t1
55536e548f374fabbb0779cc5a58589f6aeb498d9c3c9a040c3ce4bebbbb6895,dem-sierra-b50000-dod-t8,visual-dem-sierra-b50000-dod-t8,dem-sierra,dod,50000,,,2,ok,True,8845.0,1.1726921856954238,0.2538092346788995,0.4707915077518159,1574913,0,0,"[864998, 0.05859375, 0.55078125]",7910944778119459221,9615969980420470247,2831584742635955469,/mnt/d/CPP-Projects/WorkloadAwareROAM/benchmark-output/experiment-infrastructure/fer-02/quality-dem-sierra-b50000-dod-t8
55536e548f374fabbb0779cc5a58589f6aeb498d9c3c9a040c3ce4bebbbb6895,dem-sierra-b50000-dod-t8,visual-dem-sierra-b50000-dod-t8,dem-sierra,dod,50000,,,48,ok,True,12085.0,1.0416797893895509,0.18835355900767617,1.754269891755163,1574913,0,0,"[1561810, 0.73828125, 0.9921875]",13095104919855142654,2106862884007421062,2831584742635955469,/mnt/d/CPP-Projects/WorkloadAwareROAM/benchmark-output/experiment-infrastructure/fer-02/quality-dem-sierra-b50000-dod-t8
55536e548f374fabbb0779cc5a58589f6aeb498d9c3c9a040c3ce4bebbbb6895,dem-sierra-b50000-dod-t8,visual-dem-sierra-b50000-dod-t8,dem-sierra,dod,50000,,,80,ok,True,15919.0,1.08957745809527,0.17801768763924997,0.37772312545254305,1574913,0,0,"[1502006, 0.283203125, 0.955078125]",5042857137947386889,10556526114892932750,2831584742635955469,/mnt/d/CPP-Projects/WorkloadAwareROAM/benchmark-output/experiment-infrastructure/fer-02/quality-dem-sierra-b50000-dod-t8
55536e548f374fabbb0779cc5a58589f6aeb498d9c3c9a040c3ce4bebbbb6895,dem-sierra-b50000-dod-t8,visual-dem-sierra-b50000-dod-t8,dem-sierra,dod,50000,,,95,ok,True,15919.0,1.08957745809527,0.17801768763924997,0.37772312545254305,1574913,0,0,"[1502006, 0.283203125, 0.955078125]",5042857137947386889,10556526114892932750,2831584742635955469,/mnt/d/CPP-Projects/WorkloadAwareROAM/benchmark-output/experiment-infrastructure/fer-02/quality-dem-sierra-b50000-dod-t8
14db56aebefdb78d60f0205aea3d327f0cb2a0f1f91a786cc8e289d90d9eef44,dem-sierra-b50000-transactional-t8,visual-dem-sierra-b50000-transactional-t8,dem-sierra,transactional,50000,,,2,ok,True,8874.0,1.5864080125804836,0.25733709924724885,0.37772312545254305,1574913,0,0,"[1559282, 0.916015625, 0.990234375]",7835053595807022698,9615969980420470247,2831584742635955469,/mnt/d/CPP-Projects/WorkloadAwareROAM/benchmark-output/experiment-infrastructure/fer-02/quality-dem-sierra-b50000-transactional-t8
14db56aebefdb78d60f0205aea3d327f0cb2a0f1f91a786cc8e289d90d9eef44,dem-sierra-b50000-transactional-t8,visual-dem-sierra-b50000-transactional-t8,dem-sierra,transactional,50000,,,48,ok,True,8960.0,2.015011653542709,0.28828535022446283,0.37772312545254305,1574913,0,0,"[1561810, 0.73828125, 0.9921875]",17778426753060689521,2106862884007421062,2831584742635955469,/mnt/d/CPP-Projects/WorkloadAwareROAM/benchmark-output/experiment-infrastructure/fer-02/quality-dem-sierra-b50000-transactional-t8
14db56aebefdb78d60f0205aea3d327f0cb2a0f1f91a786cc8e289d90d9eef44,dem-sierra-b50000-transactional-t8,visual-dem-sierra-b50000-transactional-t8,dem-sierra,transactional,50000,,,80,ok,True,8976.0,1.133568442602344,0.2549381436625902,0.37772312545254305,1574913,0,0,"[864998, 0.05859375, 0.55078125]",17184082594950031724,10556526114892932750,2831584742635955469,/mnt/d/CPP-Projects/WorkloadAwareROAM/benchmark-output/experiment-infrastructure/fer-02/quality-dem-sierra-b50000-transactional-t8
14db56aebefdb78d60f0205aea3d327f0cb2a0f1f91a786cc8e289d90d9eef44,dem-sierra-b50000-transactional-t8,visual-dem-sierra-b50000-transactional-t8,dem-sierra,transactional,50000,,,95,ok,True,8976.0,1.133568442602344,0.2549381436625902,0.37772312545254305,1574913,0,0,"[864998, 0.05859375, 0.55078125]",17184082594950031724,10556526114892932750,2831584742635955469,/mnt/d/CPP-Projects/WorkloadAwareROAM/benchmark-output/experiment-infrastructure/fer-02/quality-dem-sierra-b50000-transactional-t8
96a8e2ec0e7365f14a76b85c8bfaceaf052ad0f6fe2ef329a509109ab9051e02,dem-sierra-cbt-a16,visual-dem-sierra-cbt-a16,dem-sierra,cbt,,16,524288,2,ok,True,48.0,16.374504102298975,3.691854217601778,2.285104965989251,1574913,0,0,"[1250328, 0.41015625, 0.794921875]",18156418382763586949,9615969980420470247,2831584742635955469,/mnt/d/CPP-Projects/WorkloadAwareROAM/benchmark-output/experiment-infrastructure/fer-02/quality-dem-sierra-cbt-a16
96a8e2ec0e7365f14a76b85c8bfaceaf052ad0f6fe2ef329a509109ab9051e02,dem-sierra-cbt-a16,visual-dem-sierra-cbt-a16,dem-sierra,cbt,,16,524288,48,ok,True,22496.0,3.1898454143770962,0.21744800840625556,1.3275499406940323,1574913,0,0,"[1000806, 0.23828125, 0.63671875]",2158585504902421698,2106862884007421062,2831584742635955469,/mnt/d/CPP-Projects/WorkloadAwareROAM/benchmark-output/experiment-infrastructure/fer-02/quality-dem-sierra-cbt-a16
96a8e2ec0e7365f14a76b85c8bfaceaf052ad0f6fe2ef329a509109ab9051e02,dem-sierra-cbt-a16,visual-dem-sierra-cbt-a16,dem-sierra,cbt,,16,524288,80,ok,True,28643.0,1.7421504257063751,0.2010184505964323,0.5085025095958731,1574913,0,0,"[552026, 0.24609375, 0.3515625]",7893499308863617503,10556526114892932750,2831584742635955469,/mnt/d/CPP-Projects/WorkloadAwareROAM/benchmark-output/experiment-infrastructure/fer-02/quality-dem-sierra-cbt-a16
96a8e2ec0e7365f14a76b85c8bfaceaf052ad0f6fe2ef329a509109ab9051e02,dem-sierra-cbt-a16,visual-dem-sierra-cbt-a16,dem-sierra,cbt,,16,524288,95,ok,True,28643.0,1.7421504257063751,0.2010184505964323,0.5085025095958731,1574913,0,0,"[552026, 0.24609375, 0.3515625]",10241694275395019715,10556526114892932750,2831584742635955469,/mnt/d/CPP-Projects/WorkloadAwareROAM/benchmark-output/experiment-infrastructure/fer-02/quality-dem-sierra-cbt-a16
555420f41bf89282bb13269cac7dd71c31a82c7658a6a68cf507077f4828184e,dem-sierra-cbt-a4,visual-dem-sierra-cbt-a4,dem-sierra,cbt,,4,524288,2,ok,True,48.0,16.374504102298975,3.691854217601778,2.285104965989251,1574913,0,0,"[1250328, 0.41015625, 0.794921875]",18156418382763586949,9615969980420470247,2831584742635955469,/mnt/d/CPP-Projects/WorkloadAwareROAM/benchmark-output/experiment-infrastructure/fer-02/quality-dem-sierra-cbt-a4
555420f41bf89282bb13269cac7dd71c31a82c7658a6a68cf507077f4828184e,dem-sierra-cbt-a4,visual-dem-sierra-cbt-a4,dem-sierra,cbt,,4,524288,48,invalid-quality,False,76472.0,,,,1574913,0,38,"[1000806, 0.23828125, 0.63671875]",3952675780735444500,2106862884007421062,2831584742635955469,/mnt/d/CPP-Projects/WorkloadAwareROAM/benchmark-output/experiment-infrastructure/fer-02/quality-dem-sierra-cbt-a4
555420f41bf89282bb13269cac7dd71c31a82c7658a6a68cf507077f4828184e,dem-sierra-cbt-a4,visual-dem-sierra-cbt-a4,dem-sierra,cbt,,4,524288,80,invalid-quality,False,110369.0,,,,1574913,0,11,"[121390, 0.15625, 0.078125]",18104975806418739968,10556526114892932750,2831584742635955469,/mnt/d/CPP-Projects/WorkloadAwareROAM/benchmark-output/experiment-infrastructure/fer-02/quality-dem-sierra-cbt-a4
555420f41bf89282bb13269cac7dd71c31a82c7658a6a68cf507077f4828184e,dem-sierra-cbt-a4,visual-dem-sierra-cbt-a4,dem-sierra,cbt,,4,524288,95,invalid-quality,False,110369.0,,,,1574913,0,11,"[121390, 0.15625, 0.078125]",12928429810441870272,10556526114892932750,2831584742635955469,/mnt/d/CPP-Projects/WorkloadAwareROAM/benchmark-output/experiment-infrastructure/fer-02/quality-dem-sierra-cbt-a4
280b9cbc756da0c1ef5fe688d56511a3e83a8334dbdd357654ff4fea9561b79e,dem-sierra-cbt-a8,visual-dem-sierra-cbt-a8,dem-sierra,cbt,,8,524288,2,ok,True,48.0,16.374504102298975,3.691854217601778,2.285104965989251,1574913,0,0,"[1250328, 0.41015625, 0.794921875]",18156418382763586949,9615969980420470247,2831584742635955469,/mnt/d/CPP-Projects/WorkloadAwareROAM/benchmark-output/experiment-infrastructure/fer-02/quality-dem-sierra-cbt-a8
280b9cbc756da0c1ef5fe688d56511a3e83a8334dbdd357654ff4fea9561b79e,dem-sierra-cbt-a8,visual-dem-sierra-cbt-a8,dem-sierra,cbt,,8,524288,48,ok,True,41522.0,3.1898454143770962,0.17621368810578164,1.3275499406940323,1574913,0,0,"[1000806, 0.23828125, 0.63671875]",1297745290852232650,2106862884007421062,2831584742635955469,/mnt/d/CPP-Projects/WorkloadAwareROAM/benchmark-output/experiment-infrastructure/fer-02/quality-dem-sierra-cbt-a8
280b9cbc756da0c1ef5fe688d56511a3e83a8334dbdd357654ff4fea9561b79e,dem-sierra-cbt-a8,visual-dem-sierra-cbt-a8,dem-sierra,cbt,,8,524288,80,ok,True,56100.0,1.4895591955688279,0.12648082690186285,0.5085025095958731,1574913,0,0,"[1502006, 0.283203125, 0.955078125]",630840433665027607,10556526114892932750,2831584742635955469,/mnt/d/CPP-Projects/WorkloadAwareROAM/benchmark-output/experiment-infrastructure/fer-02/quality-dem-sierra-cbt-a8
280b9cbc756da0c1ef5fe688d56511a3e83a8334dbdd357654ff4fea9561b79e,dem-sierra-cbt-a8,visual-dem-sierra-cbt-a8,dem-sierra,cbt,,8,524288,95,ok,True,56100.0,1.4895591955688279,0.12648082690186285,0.5085025095958731,1574913,0,0,"[1502006, 0.283203125, 0.955078125]",15028317124043051571,10556526114892932750,2831584742635955469,/mnt/d/CPP-Projects/WorkloadAwareROAM/benchmark-output/experiment-infrastructure/fer-02/quality-dem-sierra-cbt-a8
a58618edccfba74c623ff11b099fd0e5208cb431b78dc1a8c716675ef9925edc,generated-ridge-b50000-classic-t1,visual-generated-ridge-b50000-classic-t1,generated-ridge,classic,50000,,,2,ok,True,5553.0,1.0641896547471814,0.15724544683202643,0.17697385410117583,1574913,0,0,"[626750, 0.5546875, 0.3984375]",6707522781349933037,4928933533577085759,2831584742635955469,/mnt/d/CPP-Projects/WorkloadAwareROAM/benchmark-output/experiment-infrastructure/fer-02/quality-generated-ridge-b50000-classic-t1
a58618edccfba74c623ff11b099fd0e5208cb431b78dc1a8c716675ef9925edc,generated-ridge-b50000-classic-t1,visual-generated-ridge-b50000-classic-t1,generated-ridge,classic,50000,,,48,ok,True,7999.0,1.0365793890682853,0.12085657653852279,0.16026546048146795,1574913,0,0,"[678820, 0.4928385416666667, 0.4303385416666667]",12790487932267465440,6476063656186917898,2831584742635955469,/mnt/d/CPP-Projects/WorkloadAwareROAM/benchmark-output/experiment-infrastructure/fer-02/quality-generated-ridge-b50000-classic-t1
a58618edccfba74c623ff11b099fd0e5208cb431b78dc1a8c716675ef9925edc,generated-ridge-b50000-classic-t1,visual-generated-ridge-b50000-classic-t1,generated-ridge,classic,50000,,,80,ok,True,8458.0,0.9894729283102867,0.1057106779523385,0.16026546048146795,1574913,0,0,"[678820, 0.4928385416666667, 0.4303385416666667]",15825581947131233642,4604272192395127190,2831584742635955469,/mnt/d/CPP-Projects/WorkloadAwareROAM/benchmark-output/experiment-infrastructure/fer-02/quality-generated-ridge-b50000-classic-t1
a58618edccfba74c623ff11b099fd0e5208cb431b78dc1a8c716675ef9925edc,generated-ridge-b50000-classic-t1,visual-generated-ridge-b50000-classic-t1,generated-ridge,classic,50000,,,95,ok,True,8264.0,0.9717988452426315,0.10697041840446621,0.16026546048146795,1574913,0,0,"[678820, 0.4928385416666667, 0.4303385416666667]",17836336335345808146,5675507174324619792,2831584742635955469,/mnt/d/CPP-Projects/WorkloadAwareROAM/benchmark-output/experiment-infrastructure/fer-02/quality-generated-ridge-b50000-classic-t1
7efcbda8b68784c774d975b111f81c7f1024c669811c61d3d1b71faebced0839,generated-ridge-b50000-dod-t8,visual-generated-ridge-b50000-dod-t8,generated-ridge,dod,50000,,,2,ok,True,5553.0,1.0641896547471814,0.15724544683202643,0.17697385410117583,1574913,0,0,"[626750, 0.5546875, 0.3984375]",1567613504276791757,4928933533577085759,2831584742635955469,/mnt/d/CPP-Projects/WorkloadAwareROAM/benchmark-output/experiment-infrastructure/fer-02/quality-generated-ridge-b50000-dod-t8
7efcbda8b68784c774d975b111f81c7f1024c669811c61d3d1b71faebced0839,generated-ridge-b50000-dod-t8,visual-generated-ridge-b50000-dod-t8,generated-ridge,dod,50000,,,48,ok,True,7999.0,1.0365793890682853,0.12085657653852276,0.16026546048146795,1574913,0,0,"[678820, 0.4928385416666667, 0.4303385416666667]",11401394300358607924,6476063656186917898,2831584742635955469,/mnt/d/CPP-Projects/WorkloadAwareROAM/benchmark-output/experiment-infrastructure/fer-02/quality-generated-ridge-b50000-dod-t8
7efcbda8b68784c774d975b111f81c7f1024c669811c61d3d1b71faebced0839,generated-ridge-b50000-dod-t8,visual-generated-ridge-b50000-dod-t8,generated-ridge,dod,50000,,,80,ok,True,8458.0,0.9894729283102867,0.10571067795233853,0.16026546048146795,1574913,0,0,"[678820, 0.4928385416666667, 0.4303385416666667]",1218869520259524038,4604272192395127190,2831584742635955469,/mnt/d/CPP-Projects/WorkloadAwareROAM/benchmark-output/experiment-infrastructure/fer-02/quality-generated-ridge-b50000-dod-t8
7efcbda8b68784c774d975b111f81c7f1024c669811c61d3d1b71faebced0839,generated-ridge-b50000-dod-t8,visual-generated-ridge-b50000-dod-t8,generated-ridge,dod,50000,,,95,ok,True,8264.0,0.9717988452426315,0.10697041840446621,0.16026546048146795,1574913,0,0,"[678820, 0.4928385416666667, 0.4303385416666667]",11233800147624771858,5675507174324619792,2831584742635955469,/mnt/d/CPP-Projects/WorkloadAwareROAM/benchmark-output/experiment-infrastructure/fer-02/quality-generated-ridge-b50000-dod-t8
f496ffb3b25f1aaf30b382e3a702feed3a21e73a8512e439cdd5cc7cb02e30bd,generated-ridge-b50000-transactional-t8,visual-generated-ridge-b50000-transactional-t8,generated-ridge,transactional,50000,,,2,ok,True,5467.0,1.0641896547471814,0.1600259640441498,0.17697385410117583,1574913,0,0,"[626750, 0.5546875, 0.3984375]",3596818016874259591,4928933533577085759,2831584742635955469,/mnt/d/CPP-Projects/WorkloadAwareROAM/benchmark-output/experiment-infrastructure/fer-02/quality-generated-ridge-b50000-transactional-t8
f496ffb3b25f1aaf30b382e3a702feed3a21e73a8512e439cdd5cc7cb02e30bd,generated-ridge-b50000-transactional-t8,visual-generated-ridge-b50000-transactional-t8,generated-ridge,transactional,50000,,,48,ok,True,5593.0,1.1639886185997521,0.163679141230028,0.17697385410117583,1574913,0,0,"[626750, 0.5546875, 0.3984375]",13296071271573581660,6476063656186917898,2831584742635955469,/mnt/d/CPP-Projects/WorkloadAwareROAM/benchmark-output/experiment-infrastructure/fer-02/quality-generated-ridge-b50000-transactional-t8
f496ffb3b25f1aaf30b382e3a702feed3a21e73a8512e439cdd5cc7cb02e30bd,generated-ridge-b50000-transactional-t8,visual-generated-ridge-b50000-transactional-t8,generated-ridge,transactional,50000,,,80,ok,True,5655.0,1.1313194441342629,0.15951925388582444,0.17697385410117583,1574913,0,0,"[920366, 0.0703125, 0.5859375]",18245783686074650734,4604272192395127190,2831584742635955469,/mnt/d/CPP-Projects/WorkloadAwareROAM/benchmark-output/experiment-infrastructure/fer-02/quality-generated-ridge-b50000-transactional-t8
f496ffb3b25f1aaf30b382e3a702feed3a21e73a8512e439cdd5cc7cb02e30bd,generated-ridge-b50000-transactional-t8,visual-generated-ridge-b50000-transactional-t8,generated-ridge,transactional,50000,,,95,ok,True,5747.0,1.0599563283465288,0.15914419192066903,0.17697385410117583,1574913,0,0,"[626750, 0.5546875, 0.3984375]",15680178614184418227,5675507174324619792,2831584742635955469,/mnt/d/CPP-Projects/WorkloadAwareROAM/benchmark-output/experiment-infrastructure/fer-02/quality-generated-ridge-b50000-transactional-t8
45674d23a8c6384f3678240891a1aae40a569089905bbcbb34588b854c8bbf04,generated-ridge-cbt-a16,visual-generated-ridge-cbt-a16,generated-ridge,cbt,,16,524288,2,ok,True,48.0,48.631061236831215,9.367308797969987,7.373926255926712,1574913,0,0,"[929370, 1, 0.58984375]",1522283884452305537,4928933533577085759,2831584742635955469,/mnt/d/CPP-Projects/WorkloadAwareROAM/benchmark-output/experiment-infrastructure/fer-02/quality-generated-ridge-cbt-a16
45674d23a8c6384f3678240891a1aae40a569089905bbcbb34588b854c8bbf04,generated-ridge-cbt-a16,visual-generated-ridge-cbt-a16,generated-ridge,cbt,,16,524288,48,ok,True,25662.0,2.629352874864637,0.20479442152507876,0.4477356133898702,1574913,0,0,"[1010316, 0.33203125, 0.642578125]",7177545686479448926,6476063656186917898,2831584742635955469,/mnt/d/CPP-Projects/WorkloadAwareROAM/benchmark-output/experiment-infrastructure/fer-02/quality-generated-ridge-cbt-a16
45674d23a8c6384f3678240891a1aae40a569089905bbcbb34588b854c8bbf04,generated-ridge-cbt-a16,visual-generated-ridge-cbt-a16,generated-ridge,cbt,,16,524288,80,ok,True,24990.0,2.5300134204531366,0.19287939930079523,0.48972557417856466,1574913,0,0,"[572278, 0.8333333333333334, 0.3626302083333333]",9168455210194049115,4604272192395127190,2831584742635955469,/mnt/d/CPP-Projects/WorkloadAwareROAM/benchmark-output/experiment-infrastructure/fer-02/quality-generated-ridge-cbt-a16
45674d23a8c6384f3678240891a1aae40a569089905bbcbb34588b854c8bbf04,generated-ridge-cbt-a16,visual-generated-ridge-cbt-a16,generated-ridge,cbt,,16,524288,95,ok,True,25574.0,4.148092801367077,0.22176758047665993,0.6822267492562197,1574913,0,0,"[618266, 0.794921875, 0.392578125]",1803894170808599363,5675507174324619792,2831584742635955469,/mnt/d/CPP-Projects/WorkloadAwareROAM/benchmark-output/experiment-infrastructure/fer-02/quality-generated-ridge-cbt-a16
f301192ce2c1eef365c89f965f2558e639401f2561759bbc8003c55814bea112,generated-ridge-cbt-a4,visual-generated-ridge-cbt-a4,generated-ridge,cbt,,4,524288,2,ok,True,48.0,48.631061236831215,9.367308797969987,7.373926255926712,1574913,0,0,"[929370, 1, 0.58984375]",1522283884452305537,4928933533577085759,2831584742635955469,/mnt/d/CPP-Projects/WorkloadAwareROAM/benchmark-output/experiment-infrastructure/fer-02/quality-generated-ridge-cbt-a4
f301192ce2c1eef365c89f965f2558e639401f2561759bbc8003c55814bea112,generated-ridge-cbt-a4,visual-generated-ridge-cbt-a4,generated-ridge,cbt,,4,524288,48,ok,True,101264.0,1.5187826730764014,0.09445220996252489,0.2682917515652896,1574913,0,0,"[1083551, 0.1552734375, 0.689453125]",11817268453489511603,6476063656186917898,2831584742635955469,/mnt/d/CPP-Projects/WorkloadAwareROAM/benchmark-output/experiment-infrastructure/fer-02/quality-generated-ridge-cbt-a4
f301192ce2c1eef365c89f965f2558e639401f2561759bbc8003c55814bea112,generated-ridge-cbt-a4,visual-generated-ridge-cbt-a4,generated-ridge,cbt,,4,524288,80,ok,True,98461.0,2.0548900390369087,0.10279747086215923,0.397997295112515,1574913,0,0,"[587681, 0.8447265625, 0.373046875]",17993914234451287703,4604272192395127190,2831584742635955469,/mnt/d/CPP-Projects/WorkloadAwareROAM/benchmark-output/experiment-infrastructure/fer-02/quality-generated-ridge-cbt-a4
f301192ce2c1eef365c89f965f2558e639401f2561759bbc8003c55814bea112,generated-ridge-cbt-a4,visual-generated-ridge-cbt-a4,generated-ridge,cbt,,4,524288,95,ok,True,100869.0,2.314244006444096,0.12942758595985782,0.397997295112515,1574913,0,0,"[618487, 0.8662109375, 0.392578125]",2623905667877588092,5675507174324619792,2831584742635955469,/mnt/d/CPP-Projects/WorkloadAwareROAM/benchmark-output/experiment-infrastructure/fer-02/quality-generated-ridge-cbt-a4
eeba721acb032ab7d1ac90fb9c2d01aaa865f39c1434b69cd998e42208ddcbbe,generated-ridge-cbt-a8,visual-generated-ridge-cbt-a8,generated-ridge,cbt,,8,524288,2,ok,True,48.0,48.631061236831215,9.367308797969987,7.373926255926712,1574913,0,0,"[929370, 1, 0.58984375]",14277848022491910713,4928933533577085759,2831584742635955469,/mnt/d/CPP-Projects/WorkloadAwareROAM/benchmark-output/experiment-infrastructure/fer-02/quality-generated-ridge-cbt-a8
eeba721acb032ab7d1ac90fb9c2d01aaa865f39c1434b69cd998e42208ddcbbe,generated-ridge-cbt-a8,visual-generated-ridge-cbt-a8,generated-ridge,cbt,,8,524288,48,ok,True,50943.0,2.1412280746718895,0.13279031327746615,0.3557879289665795,1574913,0,0,"[1022160, 0.18424479166666666, 0.6490885416666666]",6122251446050052282,6476063656186917898,2831584742635955469,/mnt/d/CPP-Projects/WorkloadAwareROAM/benchmark-output/experiment-infrastructure/fer-02/quality-generated-ridge-cbt-a8
eeba721acb032ab7d1ac90fb9c2d01aaa865f39c1434b69cd998e42208ddcbbe,generated-ridge-cbt-a8,visual-generated-ridge-cbt-a8,generated-ridge,cbt,,8,524288,80,ok,True,49577.0,2.306863147840471,0.13860716552029434,0.4465670882583028,1574913,0,0,"[633882, 0.875, 0.40234375]",18267482713124806875,4604272192395127190,2831584742635955469,/mnt/d/CPP-Projects/WorkloadAwareROAM/benchmark-output/experiment-infrastructure/fer-02/quality-generated-ridge-cbt-a8
eeba721acb032ab7d1ac90fb9c2d01aaa865f39c1434b69cd998e42208ddcbbe,generated-ridge-cbt-a8,visual-generated-ridge-cbt-a8,generated-ridge,cbt,,8,524288,95,ok,True,50744.0,2.8934366842808177,0.15296409825264487,0.4849208794468911,1574913,0,0,"[587464, 0.7740885416666666, 0.3717447916666667]",16534676879518123526,5675507174324619792,2831584742635955469,/mnt/d/CPP-Projects/WorkloadAwareROAM/benchmark-output/experiment-infrastructure/fer-02/quality-generated-ridge-cbt-a8
01b61705d78f4b0248b9b04cbdc040d2c6da20c654079fb0efde1b7a132e31e5,peking547-b100000-classic-t1,visual-peking547-b100000-classic-t1,peking547,classic,100000,,,2,ok,True,100000.0,0.3308686511891794,0.020319497799001624,0.1675816474447367,1790881,0,0,"[209346, 0.5311355590820312, 0.11721611768007278]",2716671275141012076,3166611947957068695,12881002172889809993,/mnt/d/CPP-Projects/WorkloadAwareROAM/benchmark-output/experiment-infrastructure/fer-02/quality-peking547-b100000-classic-t1
01b61705d78f4b0248b9b04cbdc040d2c6da20c654079fb0efde1b7a132e31e5,peking547-b100000-classic-t1,visual-peking547-b100000-classic-t1,peking547,classic,100000,,,15,ok,True,100000.0,0.34919519544202426,0.019292469572540657,0.281968581366959,1790881,0,0,"[839376, 0.7307692170143127, 0.46886447072029114]",10960559178781818421,13198516499610291869,12881002172889809993,/mnt/d/CPP-Projects/WorkloadAwareROAM/benchmark-output/experiment-infrastructure/fer-02/quality-peking547-b100000-classic-t1
01b61705d78f4b0248b9b04cbdc040d2c6da20c654079fb0efde1b7a132e31e5,peking547-b100000-classic-t1,visual-peking547-b100000-classic-t1,peking547,classic,100000,,,16,ok,True,100000.0,0.3308686511891794,0.020320304851441495,0.1675816474447367,1790881,0,0,"[209346, 0.5311355590820312, 0.11721611768007278]",13774038715122324462,3166611947957068695,12881002172889809993,/mnt/d/CPP-Projects/WorkloadAwareROAM/benchmark-output/experiment-infrastructure/fer-02/quality-peking547-b100000-classic-t1
01b61705d78f4b0248b9b04cbdc040d2c6da20c654079fb0efde1b7a132e31e5,peking547-b100000-classic-t1,visual-peking547-b100000-classic-t1,peking547,classic,100000,,,23,ok,True,100000.0,0.3308686511891794,0.020319497799001624,0.1675816474447367,1790881,0,0,"[209346, 0.5311355590820312, 0.11721611768007278]",14697457783582881936,3166611947957068695,12881002172889809993,/mnt/d/CPP-Projects/WorkloadAwareROAM/benchmark-output/experiment-infrastructure/fer-02/quality-peking547-b100000-classic-t1
abb420a5ff72b66b7f14694060d0ab6947c74cda214c377fadf432159534de5e,peking547-b100000-dod-t8,visual-peking547-b100000-dod-t8,peking547,dod,100000,,,2,ok,True,99999.0,0.3308686511891794,0.020320305091660544,0.1675816474447367,1790881,0,0,"[209346, 0.5311355590820312, 0.11721611768007278]",12244141998834553077,3166611947957068695,12881002172889809993,/mnt/d/CPP-Projects/WorkloadAwareROAM/benchmark-output/experiment-infrastructure/fer-02/quality-peking547-b100000-dod-t8
abb420a5ff72b66b7f14694060d0ab6947c74cda214c377fadf432159534de5e,peking547-b100000-dod-t8,visual-peking547-b100000-dod-t8,peking547,dod,100000,,,15,ok,True,100000.0,0.34919519544202426,0.019292469572540657,0.281968581366959,1790881,0,0,"[839376, 0.7307692170143127, 0.46886447072029114]",8668289608846171773,13198516499610291869,12881002172889809993,/mnt/d/CPP-Projects/WorkloadAwareROAM/benchmark-output/experiment-infrastructure/fer-02/quality-peking547-b100000-dod-t8
abb420a5ff72b66b7f14694060d0ab6947c74cda214c377fadf432159534de5e,peking547-b100000-dod-t8,visual-peking547-b100000-dod-t8,peking547,dod,100000,,,16,ok,True,99999.0,0.3308686511891794,0.020320305091660544,0.1675816474447367,1790881,0,0,"[209346, 0.5311355590820312, 0.11721611768007278]",16650303125109825741,3166611947957068695,12881002172889809993,/mnt/d/CPP-Projects/WorkloadAwareROAM/benchmark-output/experiment-infrastructure/fer-02/quality-peking547-b100000-dod-t8
abb420a5ff72b66b7f14694060d0ab6947c74cda214c377fadf432159534de5e,peking547-b100000-dod-t8,visual-peking547-b100000-dod-t8,peking547,dod,100000,,,23,ok,True,99999.0,0.3308686511891794,0.020320305091660544,0.1675816474447367,1790881,0,0,"[209346, 0.5311355590820312, 0.11721611768007278]",4752941854859068213,3166611947957068695,12881002172889809993,/mnt/d/CPP-Projects/WorkloadAwareROAM/benchmark-output/experiment-infrastructure/fer-02/quality-peking547-b100000-dod-t8
6ed17f1185eeaac863c1111c060642cf2461aad1943d9c8a5be3c23ffaf3c228,peking547-b100000-transactional-t8,visual-peking547-b100000-transactional-t8,peking547,transactional,100000,,,2,ok,True,99999.0,0.3308686511891794,0.020320305091660527,0.1675816474447367,1790881,0,0,"[209346, 0.5311355590820312, 0.11721611768007278]",13105252334162227265,3166611947957068695,12881002172889809993,/mnt/d/CPP-Projects/WorkloadAwareROAM/benchmark-output/experiment-infrastructure/fer-02/quality-peking547-b100000-transactional-t8
6ed17f1185eeaac863c1111c060642cf2461aad1943d9c8a5be3c23ffaf3c228,peking547-b100000-transactional-t8,visual-peking547-b100000-transactional-t8,peking547,transactional,100000,,,15,ok,True,99999.0,1.9965571109865088,0.10526095809692457,0.1675816474447367,1790881,0,0,"[1790794, 0.9743589758872986, 1]",1945562967341713323,13198516499610291869,12881002172889809993,/mnt/d/CPP-Projects/WorkloadAwareROAM/benchmark-output/experiment-infrastructure/fer-02/quality-peking547-b100000-transactional-t8
6ed17f1185eeaac863c1111c060642cf2461aad1943d9c8a5be3c23ffaf3c228,peking547-b100000-transactional-t8,visual-peking547-b100000-transactional-t8,peking547,transactional,100000,,,16,ok,True,99999.0,0.3308686511891794,0.020293466193769795,0.1675816474447367,1790881,0,0,"[209346, 0.5311355590820312, 0.11721611768007278]",1945562967341713323,3166611947957068695,12881002172889809993,/mnt/d/CPP-Projects/WorkloadAwareROAM/benchmark-output/experiment-infrastructure/fer-02/quality-peking547-b100000-transactional-t8
6ed17f1185eeaac863c1111c060642cf2461aad1943d9c8a5be3c23ffaf3c228,peking547-b100000-transactional-t8,visual-peking547-b100000-transactional-t8,peking547,transactional,100000,,,23,ok,True,99999.0,0.3308686511891794,0.020293466193769795,0.1675816474447367,1790881,0,0,"[209346, 0.5311355590820312, 0.11721611768007278]",1945562967341713323,3166611947957068695,12881002172889809993,/mnt/d/CPP-Projects/WorkloadAwareROAM/benchmark-output/experiment-infrastructure/fer-02/quality-peking547-b100000-transactional-t8
5ad43194d0ae5d933f30fbbae9fe29bcbe8aff83b6589145621a9476337175fa,peking547-b200000-classic-t1,visual-peking547-b200000-classic-t1,peking547,classic,200000,,,2,ok,True,200000.0,0.20915012134511052,0.011188298892161089,0.1675816474447367,1790881,0,0,"[176837, 0.6135531067848206, 0.09798534959554672]",18168545245544607835,3166611947957068695,12881002172889809993,/mnt/d/CPP-Projects/WorkloadAwareROAM/benchmark-output/experiment-infrastructure/fer-02/quality-peking547-b200000-classic-t1
5ad43194d0ae5d933f30fbbae9fe29bcbe8aff83b6589145621a9476337175fa,peking547-b200000-classic-t1,visual-peking547-b200000-classic-t1,peking547,classic,200000,,,15,ok,True,200000.0,0.19377242496389396,0.010453204108428621,0.281968581366959,1790881,0,0,"[855772, 0.732600748538971, 0.4780219793319702]",873938917020348981,13198516499610291869,12881002172889809993,/mnt/d/CPP-Projects/WorkloadAwareROAM/benchmark-output/experiment-infrastructure/fer-02/quality-peking547-b200000-classic-t1
5ad43194d0ae5d933f30fbbae9fe29bcbe8aff83b6589145621a9476337175fa,peking547-b200000-classic-t1,visual-peking547-b200000-classic-t1,peking547,classic,200000,,,16,ok,True,200000.0,0.20915012134511052,0.011188298892161089,0.1675816474447367,1790881,0,0,"[176837, 0.6135531067848206, 0.09798534959554672]",6562769491634897455,3166611947957068695,12881002172889809993,/mnt/d/CPP-Projects/WorkloadAwareROAM/benchmark-output/experiment-infrastructure/fer-02/quality-peking547-b200000-classic-t1
5ad43194d0ae5d933f30fbbae9fe29bcbe8aff83b6589145621a9476337175fa,peking547-b200000-classic-t1,visual-peking547-b200000-classic-t1,peking547,classic,200000,,,23,ok,True,200000.0,0.20915012134511052,0.011188298892161089,0.1675816474447367,1790881,0,0,"[176837, 0.6135531067848206, 0.09798534959554672]",17742950710656916519,3166611947957068695,12881002172889809993,/mnt/d/CPP-Projects/WorkloadAwareROAM/benchmark-output/experiment-infrastructure/fer-02/quality-peking547-b200000-classic-t1
adc6c5f2f0d1a2aa6c273c0a3c9ba67193ee3cae6052e83aaad649dde697a576,peking547-b200000-dod-t8,visual-peking547-b200000-dod-t8,peking547,dod,200000,,,2,ok,True,200000.0,0.20915012134511052,0.011188298892161089,0.1675816474447367,1790881,0,0,"[176837, 0.6135531067848206, 0.09798534959554672]",6655352339049424715,3166611947957068695,12881002172889809993,/mnt/d/CPP-Projects/WorkloadAwareROAM/benchmark-output/experiment-infrastructure/fer-02/quality-peking547-b200000-dod-t8
adc6c5f2f0d1a2aa6c273c0a3c9ba67193ee3cae6052e83aaad649dde697a576,peking547-b200000-dod-t8,visual-peking547-b200000-dod-t8,peking547,dod,200000,,,15,ok,True,199999.0,0.19377242496389396,0.010453214829506351,0.281968581366959,1790881,0,0,"[855772, 0.732600748538971, 0.4780219793319702]",6873051146041761150,13198516499610291869,12881002172889809993,/mnt/d/CPP-Projects/WorkloadAwareROAM/benchmark-output/experiment-infrastructure/fer-02/quality-peking547-b200000-dod-t8
adc6c5f2f0d1a2aa6c273c0a3c9ba67193ee3cae6052e83aaad649dde697a576,peking547-b200000-dod-t8,visual-peking547-b200000-dod-t8,peking547,dod,200000,,,16,ok,True,200000.0,0.20915012134511052,0.011188298892161089,0.1675816474447367,1790881,0,0,"[176837, 0.6135531067848206, 0.09798534959554672]",12123532629016581379,3166611947957068695,12881002172889809993,/mnt/d/CPP-Projects/WorkloadAwareROAM/benchmark-output/experiment-infrastructure/fer-02/quality-peking547-b200000-dod-t8
adc6c5f2f0d1a2aa6c273c0a3c9ba67193ee3cae6052e83aaad649dde697a576,peking547-b200000-dod-t8,visual-peking547-b200000-dod-t8,peking547,dod,200000,,,23,ok,True,200000.0,0.20915012134511052,0.011188298892161089,0.1675816474447367,1790881,0,0,"[176837, 0.6135531067848206, 0.09798534959554672]",8757541173156340851,3166611947957068695,12881002172889809993,/mnt/d/CPP-Projects/WorkloadAwareROAM/benchmark-output/experiment-infrastructure/fer-02/quality-peking547-b200000-dod-t8
0fe355d678854765e3545727db1040702b3729f2d9d045ef16adbd32a6a3439c,peking547-b200000-transactional-t8,visual-peking547-b200000-transactional-t8,peking547,transactional,200000,,,2,ok,True,200000.0,0.20915012134511052,0.011188298892161082,0.1675816474447367,1790881,0,0,"[176837, 0.6135531067848206, 0.09798534959554672]",7457631040611022267,3166611947957068695,12881002172889809993,/mnt/d/CPP-Projects/WorkloadAwareROAM/benchmark-output/experiment-infrastructure/fer-02/quality-peking547-b200000-transactional-t8
0fe355d678854765e3545727db1040702b3729f2d9d045ef16adbd32a6a3439c,peking547-b200000-transactional-t8,visual-peking547-b200000-transactional-t8,peking547,transactional,200000,,,15,ok,True,200000.0,1.9965571109865088,0.0995989540610598,0.1675816474447367,1790881,0,0,"[1790794, 0.9743589758872986, 1]",13058053244743975573,13198516499610291869,12881002172889809993,/mnt/d/CPP-Projects/WorkloadAwareROAM/benchmark-output/experiment-infrastructure/fer-02/quality-peking547-b200000-transactional-t8
0fe355d678854765e3545727db1040702b3729f2d9d045ef16adbd32a6a3439c,peking547-b200000-transactional-t8,visual-peking547-b200000-transactional-t8,peking547,transactional,200000,,,16,ok,True,200000.0,0.20915012134511052,0.011030719324344596,0.1675816474447367,1790881,0,0,"[176837, 0.6135531067848206, 0.09798534959554672]",13058053244743975573,3166611947957068695,12881002172889809993,/mnt/d/CPP-Projects/WorkloadAwareROAM/benchmark-output/experiment-infrastructure/fer-02/quality-peking547-b200000-transactional-t8
0fe355d678854765e3545727db1040702b3729f2d9d045ef16adbd32a6a3439c,peking547-b200000-transactional-t8,visual-peking547-b200000-transactional-t8,peking547,transactional,200000,,,23,ok,True,200000.0,0.20915012134511052,0.011030719324344596,0.1675816474447367,1790881,0,0,"[176837, 0.6135531067848206, 0.09798534959554672]",13058053244743975573,3166611947957068695,12881002172889809993,/mnt/d/CPP-Projects/WorkloadAwareROAM/benchmark-output/experiment-infrastructure/fer-02/quality-peking547-b200000-transactional-t8
1196acc201b207cbf559978d043d77302090394ad5b59dd131e9b75a494f2150,peking547-b50000-classic-t1,visual-peking547-b50000-classic-t1,peking547,classic,50000,,,2,ok,True,50000.0,0.44188556383409333,0.0358324237514829,0.1675816474447367,1790881,0,0,"[13560, 0.8040292859077454, 0.007326007355004549]",17973188218998938993,3166611947957068695,12881002172889809993,/mnt/d/CPP-Projects/WorkloadAwareROAM/benchmark-output/experiment-infrastructure/fer-02/quality-peking547-b50000-classic-t1
1196acc201b207cbf559978d043d77302090394ad5b59dd131e9b75a494f2150,peking547-b50000-classic-t1,visual-peking547-b50000-classic-t1,peking547,classic,50000,,,15,ok,True,50000.0,0.418727498700991,0.03405166256535189,0.281968581366959,1790881,0,0,"[852488, 0.7307692170143127, 0.4761904776096344]",3657799171779971871,13198516499610291869,12881002172889809993,/mnt/d/CPP-Projects/WorkloadAwareROAM/benchmark-output/experiment-infrastructure/fer-02/quality-peking547-b50000-classic-t1
1196acc201b207cbf559978d043d77302090394ad5b59dd131e9b75a494f2150,peking547-b50000-classic-t1,visual-peking547-b50000-classic-t1,peking547,classic,50000,,,16,ok,True,50000.0,0.44188556383409333,0.0358324237514829,0.1675816474447367,1790881,0,0,"[13560, 0.8040292859077454, 0.007326007355004549]",18146684489654787983,3166611947957068695,12881002172889809993,/mnt/d/CPP-Projects/WorkloadAwareROAM/benchmark-output/experiment-infrastructure/fer-02/quality-peking547-b50000-classic-t1
1196acc201b207cbf559978d043d77302090394ad5b59dd131e9b75a494f2150,peking547-b50000-classic-t1,visual-peking547-b50000-classic-t1,peking547,classic,50000,,,23,ok,True,50000.0,0.44188556383409333,0.03582261171767115,0.1675816474447367,1790881,0,0,"[13560, 0.8040292859077454, 0.007326007355004549]",12215008980106393295,3166611947957068695,12881002172889809993,/mnt/d/CPP-Projects/WorkloadAwareROAM/benchmark-output/experiment-infrastructure/fer-02/quality-peking547-b50000-classic-t1
dad0f8db375276c73bfc6721b65f3592c2e5b08ccecc1f8dee41b70df82e2a33,peking547-b50000-dod-t8,visual-peking547-b50000-dod-t8,peking547,dod,50000,,,2,ok,True,49999.0,0.44188556383409333,0.0358324237514829,0.1675816474447367,1790881,0,0,"[13560, 0.8040292859077454, 0.007326007355004549]",3504792134666985163,3166611947957068695,12881002172889809993,/mnt/d/CPP-Projects/WorkloadAwareROAM/benchmark-output/experiment-infrastructure/fer-02/quality-peking547-b50000-dod-t8
dad0f8db375276c73bfc6721b65f3592c2e5b08ccecc1f8dee41b70df82e2a33,peking547-b50000-dod-t8,visual-peking547-b50000-dod-t8,peking547,dod,50000,,,15,ok,True,50000.0,0.418727498700991,0.03405166256535189,0.281968581366959,1790881,0,0,"[852488, 0.7307692170143127, 0.4761904776096344]",18334981271927936407,13198516499610291869,12881002172889809993,/mnt/d/CPP-Projects/WorkloadAwareROAM/benchmark-output/experiment-infrastructure/fer-02/quality-peking547-b50000-dod-t8
dad0f8db375276c73bfc6721b65f3592c2e5b08ccecc1f8dee41b70df82e2a33,peking547-b50000-dod-t8,visual-peking547-b50000-dod-t8,peking547,dod,50000,,,16,ok,True,49999.0,0.44188556383409333,0.0358324237514829,0.1675816474447367,1790881,0,0,"[13560, 0.8040292859077454, 0.007326007355004549]",7203336847110121610,3166611947957068695,12881002172889809993,/mnt/d/CPP-Projects/WorkloadAwareROAM/benchmark-output/experiment-infrastructure/fer-02/quality-peking547-b50000-dod-t8
dad0f8db375276c73bfc6721b65f3592c2e5b08ccecc1f8dee41b70df82e2a33,peking547-b50000-dod-t8,visual-peking547-b50000-dod-t8,peking547,dod,50000,,,23,ok,True,49999.0,0.44188556383409333,0.0358324237514829,0.1675816474447367,1790881,0,0,"[13560, 0.8040292859077454, 0.007326007355004549]",2147019052593932915,3166611947957068695,12881002172889809993,/mnt/d/CPP-Projects/WorkloadAwareROAM/benchmark-output/experiment-infrastructure/fer-02/quality-peking547-b50000-dod-t8
213559c1d6f0f84fbef44566ae5a3ae2a679316bdcb2200de07d899b58d15ec6,peking547-b50000-transactional-t8,visual-peking547-b50000-transactional-t8,peking547,transactional,50000,,,2,ok,True,49999.0,0.44188556383409333,0.0358324237514829,0.1675816474447367,1790881,0,0,"[13560, 0.8040292859077454, 0.007326007355004549]",18435347681902994536,3166611947957068695,12881002172889809993,/mnt/d/CPP-Projects/WorkloadAwareROAM/benchmark-output/experiment-infrastructure/fer-02/quality-peking547-b50000-transactional-t8
213559c1d6f0f84fbef44566ae5a3ae2a679316bdcb2200de07d899b58d15ec6,peking547-b50000-transactional-t8,visual-peking547-b50000-transactional-t8,peking547,transactional,50000,,,15,ok,True,49999.0,1.9965571109865088,0.11532652990377568,0.1675816474447367,1790881,0,0,"[1790794, 0.9743589758872986, 1]",10475014748678183350,13198516499610291869,12881002172889809993,/mnt/d/CPP-Projects/WorkloadAwareROAM/benchmark-output/experiment-infrastructure/fer-02/quality-peking547-b50000-transactional-t8
213559c1d6f0f84fbef44566ae5a3ae2a679316bdcb2200de07d899b58d15ec6,peking547-b50000-transactional-t8,visual-peking547-b50000-transactional-t8,peking547,transactional,50000,,,16,ok,True,49999.0,0.44188556383409333,0.03562219810256677,0.1675816474447367,1790881,0,0,"[13560, 0.8040292859077454, 0.007326007355004549]",10475014748678183350,3166611947957068695,12881002172889809993,/mnt/d/CPP-Projects/WorkloadAwareROAM/benchmark-output/experiment-infrastructure/fer-02/quality-peking547-b50000-transactional-t8
213559c1d6f0f84fbef44566ae5a3ae2a679316bdcb2200de07d899b58d15ec6,peking547-b50000-transactional-t8,visual-peking547-b50000-transactional-t8,peking547,transactional,50000,,,23,ok,True,49999.0,0.44188556383409333,0.03562219810256677,0.1675816474447367,1790881,0,0,"[13560, 0.8040292859077454, 0.007326007355004549]",10475014748678183350,3166611947957068695,12881002172889809993,/mnt/d/CPP-Projects/WorkloadAwareROAM/benchmark-output/experiment-infrastructure/fer-02/quality-peking547-b50000-transactional-t8
34595dd6be4fba239ef2abccbfb0662c83c788be677afb95daa83c657efd0783,peking547-cbt-a16,visual-peking547-cbt-a16,peking547,cbt,,16,524288,2,ok,True,48.0,8.091670543434704,2.0962831063663407,0.7824423357843742,1790881,0,0,"[878652, 0.7124541997909546, 0.4908424913883209]",6722558953970855685,3166611947957068695,12881002172889809993,/mnt/d/CPP-Projects/WorkloadAwareROAM/benchmark-output/experiment-infrastructure/fer-02/quality-peking547-cbt-a16
34595dd6be4fba239ef2abccbfb0662c83c788be677afb95daa83c657efd0783,peking547-cbt-a16,visual-peking547-cbt-a16,peking547,cbt,,16,524288,15,ok,True,45112.0,1.0698178392862385,0.06420510390713065,0.11525219613350568,1790881,0,0,"[196, 0.045787546783685684, 0]",15130992836491755615,13198516499610291869,12881002172889809993,/mnt/d/CPP-Projects/WorkloadAwareROAM/benchmark-output/experiment-infrastructure/fer-02/quality-peking547-cbt-a16
34595dd6be4fba239ef2abccbfb0662c83c788be677afb95daa83c657efd0783,peking547-cbt-a16,visual-peking547-cbt-a16,peking547,cbt,,16,524288,16,ok,True,34582.0,0.9279701549916926,0.06247912837213328,0.11987946713167019,1790881,0,0,"[223736, 0.9212453961372375, 0.12454212456941605]",13297212986294690524,3166611947957068695,12881002172889809993,/mnt/d/CPP-Projects/WorkloadAwareROAM/benchmark-output/experiment-infrastructure/fer-02/quality-peking547-cbt-a16
34595dd6be4fba239ef2abccbfb0662c83c788be677afb95daa83c657efd0783,peking547-cbt-a16,visual-peking547-cbt-a16,peking547,cbt,,16,524288,23,ok,True,45844.0,0.9279701549916926,0.05293903623176784,0.24475183808726486,1790881,0,0,"[223736, 0.9212453961372375, 0.12454212456941605]",10194775583509559659,3166611947957068695,12881002172889809993,/mnt/d/CPP-Projects/WorkloadAwareROAM/benchmark-output/experiment-infrastructure/fer-02/quality-peking547-cbt-a16
06c5ba862c982c55f04bbb726316f197828d5f5c97fd8bfb1a5b1fe266ea3a8d,peking547-cbt-a4,visual-peking547-cbt-a4,peking547,cbt,,4,524288,2,ok,True,48.0,8.091670543434704,2.0962831063663407,0.7824423357843742,1790881,0,0,"[878652, 0.7124541997909546, 0.4908424913883209]",6722558953970855685,3166611947957068695,12881002172889809993,/mnt/d/CPP-Projects/WorkloadAwareROAM/benchmark-output/experiment-infrastructure/fer-02/quality-peking547-cbt-a4
06c5ba862c982c55f04bbb726316f197828d5f5c97fd8bfb1a5b1fe266ea3a8d,peking547-cbt-a4,visual-peking547-cbt-a4,peking547,cbt,,4,524288,15,ok,True,130269.0,1.0698178392862385,0.03859884730814589,0.11525219613350568,1790881,0,0,"[196, 0.045787546783685684, 0]",10433693641788431883,13198516499610291869,12881002172889809993,/mnt/d/CPP-Projects/WorkloadAwareROAM/benchmark-output/experiment-infrastructure/fer-02/quality-peking547-cbt-a4
06c5ba862c982c55f04bbb726316f197828d5f5c97fd8bfb1a5b1fe266ea3a8d,peking547-cbt-a4,visual-peking547-cbt-a4,peking547,cbt,,4,524288,16,ok,True,110004.0,0.6539445661599348,0.02589306269917418,0.11215178882824972,1790881,0,0,"[17614, 0.04029304161667824, 0.010989011265337467]",1260785102826949018,3166611947957068695,12881002172889809993,/mnt/d/CPP-Projects/WorkloadAwareROAM/benchmark-output/experiment-infrastructure/fer-02/quality-peking547-cbt-a4
06c5ba862c982c55f04bbb726316f197828d5f5c97fd8bfb1a5b1fe266ea3a8d,peking547-cbt-a4,visual-peking547-cbt-a4,peking547,cbt,,4,524288,23,ok,True,140913.0,0.407000259459492,0.01807741192026999,0.1675816474447367,1790881,0,0,"[207300, 0.9059828917185465, 0.11477411538362503]",7870291068036007649,3166611947957068695,12881002172889809993,/mnt/d/CPP-Projects/WorkloadAwareROAM/benchmark-output/experiment-infrastructure/fer-02/quality-peking547-cbt-a4
9476fc0c35c7830b8a27be5741d88b0f191ab8db7fa65fd455e86f05097752e6,peking547-cbt-a8,visual-peking547-cbt-a8,peking547,cbt,,8,524288,2,ok,True,48.0,8.091670543434704,2.0962831063663407,0.7824423357843742,1790881,0,0,"[878652, 0.7124541997909546, 0.4908424913883209]",6722558953970855685,3166611947957068695,12881002172889809993,/mnt/d/CPP-Projects/WorkloadAwareROAM/benchmark-output/experiment-infrastructure/fer-02/quality-peking547-cbt-a8
9476fc0c35c7830b8a27be5741d88b0f191ab8db7fa65fd455e86f05097752e6,peking547-cbt-a8,visual-peking547-cbt-a8,peking547,cbt,,8,524288,15,ok,True,80193.0,1.0698178392862385,0.04662647640885639,0.11525219613350568,1790881,0,0,"[196, 0.045787546783685684, 0]",5284039214652939200,13198516499610291869,12881002172889809993,/mnt/d/CPP-Projects/WorkloadAwareROAM/benchmark-output/experiment-infrastructure/fer-02/quality-peking547-cbt-a8
9476fc0c35c7830b8a27be5741d88b0f191ab8db7fa65fd455e86f05097752e6,peking547-cbt-a8,visual-peking547-cbt-a8,peking547,cbt,,8,524288,16,ok,True,63132.0,0.7588898510752164,0.039917940934984034,0.11215178882824972,1790881,0,0,"[230303, 0.9239926636219025, 0.12820513546466827]",1691532203744407456,3166611947957068695,12881002172889809993,/mnt/d/CPP-Projects/WorkloadAwareROAM/benchmark-output/experiment-infrastructure/fer-02/quality-peking547-cbt-a8
9476fc0c35c7830b8a27be5741d88b0f191ab8db7fa65fd455e86f05097752e6,peking547-cbt-a8,visual-peking547-cbt-a8,peking547,cbt,,8,524288,23,ok,True,85238.0,0.7588898510752164,0.030922066100568586,0.24475183808726486,1790881,0,0,"[230303, 0.9239926636219025, 0.12820513546466827]",8874663314035493892,3166611947957068695,12881002172889809993,/mnt/d/CPP-Projects/WorkloadAwareROAM/benchmark-output/experiment-infrastructure/fer-02/quality-peking547-cbt-a8
