case,system,event,metric,statistic,beforeMs,afterMs,deltaMs,relative
dem-sierra-L,linux,recovery,cpuMs,mean,0.37100535177160054,0.3976813746849075,0.02667602291330695,0.07190198951558346
dem-sierra-L,linux,recovery,cpuMs,median,0.059306999668478966,0.06561199948191643,0.006304999813437462,0.10631122546549099
dem-sierra-L,linux,recovery,cpuMs,p95,0.2389128983020782,0.13054545149207114,-0.10836744681000707,-0.4535855852913757
dem-sierra-L,linux,recovery,cpuMs,max,9.442723274230957,10.54195499420166,1.0992317199707031,0.11641045576020304
dem-sierra-L,linux,recovery,viewMs,mean,0.2510200625,0.2749000625,0.023880000000000012,0.09513183831670835
dem-sierra-L,linux,recovery,viewMs,median,0.0,0.0,0.0,
dem-sierra-L,linux,recovery,viewMs,p95,0.0,0.0,0.0,
dem-sierra-L,linux,recovery,viewMs,max,8.032642,8.796802,0.7641600000000004,0.09513183831670835
dem-sierra-L,linux,recovery,receiverMs,mean,0.03872175,0.04321853125,0.004496781249999998,0.11613063071787821
dem-sierra-L,linux,recovery,receiverMs,median,0.0,0.0,0.0,
dem-sierra-L,linux,recovery,receiverMs,p95,0.0,0.0,0.0,
dem-sierra-L,linux,recovery,receiverMs,max,1.239096,1.382993,0.14389699999999994,0.11613063071787821
dem-sierra-L,linux,recovery,donorMs,mean,0.0,0.0,0.0,
dem-sierra-L,linux,recovery,donorMs,median,0.0,0.0,0.0,
dem-sierra-L,linux,recovery,donorMs,p95,0.0,0.0,0.0,
dem-sierra-L,linux,recovery,donorMs,max,0.0,0.0,0.0,
dem-sierra-L,linux,recovery,reservationMs,mean,5.3124999999999995e-06,1.2499999999999999e-05,7.187499999999999e-06,1.3529411764705883
dem-sierra-L,linux,recovery,reservationMs,median,0.0,0.0,0.0,
dem-sierra-L,linux,recovery,reservationMs,p95,0.0,0.0,0.0,
dem-sierra-L,linux,recovery,reservationMs,max,0.00016999999999999999,0.00039999999999999996,0.00022999999999999998,1.3529411764705883
dem-sierra-L,linux,recovery,sampleRepairMs,mean,0.0,0.0,0.0,
dem-sierra-L,linux,recovery,sampleRepairMs,median,0.0,0.0,0.0,
dem-sierra-L,linux,recovery,sampleRepairMs,p95,0.0,0.0,0.0,
dem-sierra-L,linux,recovery,sampleRepairMs,max,0.0,0.0,0.0,
dem-sierra-L,linux,return,cpuMs,mean,17.455383092164993,17.474858045578003,0.019474953413009644,0.001115698997276704
dem-sierra-L,linux,return,cpuMs,median,17.310710906982422,17.304683685302734,-0.0060272216796875,-0.0003481787496812938
dem-sierra-L,linux,return,cpuMs,p95,23.62270288467407,22.933336830139158,-0.6893660545349114,-0.029182353005936412
dem-sierra-L,linux,return,cpuMs,max,28.329835891723633,29.552827835083008,1.222991943359375,0.04316975036613835
dem-sierra-L,linux,return,viewMs,mean,7.19342409375,7.32839721875,0.13497312500000014,0.018763404359444236
dem-sierra-L,linux,return,viewMs,median,7.288661,7.284421,-0.004240000000000244,-0.0005817255048630177
dem-sierra-L,linux,return,viewMs,p95,7.998615999999999,8.3471979,0.3485819000000001,0.04358027688790167
dem-sierra-L,linux,return,viewMs,max,8.234229,9.289706,1.0554770000000016,0.12818164275003796
dem-sierra-L,linux,return,receiverMs,mean,5.37284503125,5.319919625,-0.05292540624999997,-0.009850536529933507
dem-sierra-L,linux,return,receiverMs,median,5.549087999999999,5.5403355,-0.008752499999999053,-0.0015772862135181587
dem-sierra-L,linux,return,receiverMs,p95,7.450635749999999,7.149559599999999,-0.3010761500000001,-0.040409457676145344
dem-sierra-L,linux,return,receiverMs,max,8.054623000000001,8.147514999999999,0.09289199999999731,0.011532755785093496
dem-sierra-L,linux,return,donorMs,mean,0.0,0.0,0.0,
dem-sierra-L,linux,return,donorMs,median,0.0,0.0,0.0,
dem-sierra-L,linux,return,donorMs,p95,0.0,0.0,0.0,
dem-sierra-L,linux,return,donorMs,max,0.0,0.0,0.0,
dem-sierra-L,linux,return,reservationMs,mean,0.11672903125,0.10978028125,-0.0069487500000000035,-0.05952889290340957
dem-sierra-L,linux,return,reservationMs,median,0.091442,0.107268,0.015826000000000007,0.17307145513002786
dem-sierra-L,linux,return,reservationMs,p95,0.2806245,0.25050195,-0.030122550000000026,-0.10734112666570461
dem-sierra-L,linux,return,reservationMs,max,0.318339,0.278718,-0.03962099999999996,-0.12446165879769666
dem-sierra-L,linux,return,sampleRepairMs,mean,3.8697903125,3.847499125,-0.02229118750000003,-0.00576030887978507
dem-sierra-L,linux,return,sampleRepairMs,median,3.525327,3.6744155000000003,0.1490885000000004,0.04229068679302661
dem-sierra-L,linux,return,sampleRepairMs,p95,7.92375175,7.6077381499999985,-0.31601360000000156,-0.039881814823388595
dem-sierra-L,linux,return,sampleRepairMs,max,10.642838,11.426044,0.7832059999999998,0.07358995786650135
dem-sierra-L,linux,reveal,cpuMs,mean,37.40360431013436,36.27264673956509,-1.1309575705692723,-0.030236593275660417
dem-sierra-L,linux,reveal,cpuMs,median,36.74207305908203,34.890323638916016,-1.8517494201660156,-0.050398610257738174
dem-sierra-L,linux,reveal,cpuMs,p95,47.42159118652343,45.58169555664062,-1.839895629882811,-0.038798690297968785
dem-sierra-L,linux,reveal,cpuMs,max,60.13466262817383,59.53074645996094,-0.6039161682128906,-0.010042729797072991
dem-sierra-L,linux,reveal,viewMs,mean,7.231097413793104,6.8688287586206895,-0.36226865517241436,-0.05009871039510516
dem-sierra-L,linux,reveal,viewMs,median,7.276966,6.990101999999999,-0.28686400000000045,-0.03942082455792706
dem-sierra-L,linux,reveal,viewMs,p95,7.898918200000001,7.925514000000001,0.026595799999999947,0.0033670180303930763
dem-sierra-L,linux,reveal,viewMs,max,7.967561,8.031911,0.06434999999999924,0.008076499194671793
dem-sierra-L,linux,reveal,receiverMs,mean,8.112201689655173,8.02807675862069,-0.08412493103448249,-0.010370172519472698
dem-sierra-L,linux,reveal,receiverMs,median,8.048603,7.899852000000001,-0.14875099999999897,-0.018481592395599433
dem-sierra-L,linux,reveal,receiverMs,p95,9.889322199999999,9.5123904,-0.3769317999999995,-0.038115028752931046
dem-sierra-L,linux,reveal,receiverMs,max,10.677802999999999,10.103947999999999,-0.573855,-0.053742797090375216
dem-sierra-L,linux,reveal,donorMs,mean,0.0,0.0,0.0,
dem-sierra-L,linux,reveal,donorMs,median,0.0,0.0,0.0,
dem-sierra-L,linux,reveal,donorMs,p95,0.0,0.0,0.0,
dem-sierra-L,linux,reveal,donorMs,max,0.0,0.0,0.0,
dem-sierra-L,linux,reveal,reservationMs,mean,0.5328272068965517,0.5105378275862069,-0.022289379310344803,-0.04183228450395604
dem-sierra-L,linux,reveal,reservationMs,median,0.482454,0.511794,0.029339999999999977,0.06081408797522658
dem-sierra-L,linux,reveal,reservationMs,p95,0.8334596,0.7507981999999999,-0.08266140000000011,-0.09917865245058077
dem-sierra-L,linux,reveal,reservationMs,max,0.9663080000000001,0.801492,-0.16481600000000007,-0.17056259494902248
dem-sierra-L,linux,reveal,sampleRepairMs,mean,19.011671413793103,18.54799103448276,-0.4636803793103432,-0.02438924854202662
dem-sierra-L,linux,reveal,sampleRepairMs,median,19.02681,17.133572,-1.8932380000000002,-0.09950370030499067
dem-sierra-L,linux,reveal,sampleRepairMs,p95,26.460521799999995,25.522222199999998,-0.938299599999997,-0.03546035891098709
dem-sierra-L,linux,reveal,sampleRepairMs,max,38.408474999999996,38.689305,0.2808300000000017,0.007311667542124534
dem-sierra-L,windows,recovery,cpuMs,mean,0.4575406184885651,0.49973750696517527,0.042196888476610184,0.092225447908872
dem-sierra-L,windows,recovery,cpuMs,median,0.0364999994635582,0.0364999994635582,0.0,0.0
dem-sierra-L,windows,recovery,cpuMs,p95,0.12609999962151044,0.096229999884963,-0.029869999736547442,-0.23687549426012955
dem-sierra-L,windows,recovery,cpuMs,max,13.235799789428711,14.700300216674805,1.4645004272460938,0.11064691598128995
dem-sierra-L,windows,recovery,viewMs,mean,0.35131875,0.403365625,0.05204687499999999,0.1481471598085784
dem-sierra-L,windows,recovery,viewMs,median,0.0,0.0,0.0,
dem-sierra-L,windows,recovery,viewMs,p95,0.0,0.0,0.0,
dem-sierra-L,windows,recovery,viewMs,max,11.2422,12.9077,1.6654999999999998,0.1481471598085784
dem-sierra-L,windows,recovery,receiverMs,mean,0.057665625,0.051462499999999994,-0.006203125000000004,-0.10757058472877046
dem-sierra-L,windows,recovery,receiverMs,median,0.0,0.0,0.0,
dem-sierra-L,windows,recovery,receiverMs,p95,0.0,0.0,0.0,
dem-sierra-L,windows,recovery,receiverMs,max,1.8453,1.6467999999999998,-0.19850000000000012,-0.10757058472877046
dem-sierra-L,windows,recovery,donorMs,mean,0.0,0.0,0.0,
dem-sierra-L,windows,recovery,donorMs,median,0.0,0.0,0.0,
dem-sierra-L,windows,recovery,donorMs,p95,0.0,0.0,0.0,
dem-sierra-L,windows,recovery,donorMs,max,0.0,0.0,0.0,
dem-sierra-L,windows,recovery,reservationMs,mean,3.1249999999999997e-06,0.0,-3.1249999999999997e-06,-1.0
dem-sierra-L,windows,recovery,reservationMs,median,0.0,0.0,0.0,
dem-sierra-L,windows,recovery,reservationMs,p95,0.0,0.0,0.0,
dem-sierra-L,windows,recovery,reservationMs,max,9.999999999999999e-05,0.0,-9.999999999999999e-05,-1.0
dem-sierra-L,windows,recovery,sampleRepairMs,mean,0.0,0.0,0.0,
dem-sierra-L,windows,recovery,sampleRepairMs,median,0.0,0.0,0.0,
dem-sierra-L,windows,recovery,sampleRepairMs,p95,0.0,0.0,0.0,
dem-sierra-L,windows,recovery,sampleRepairMs,max,0.0,0.0,0.0,
dem-sierra-L,windows,recovery,uploadMs,mean,0.000856249998378189,0.0007312499969884811,-0.0001250000013897079,-0.14598540335937937
dem-sierra-L,windows,recovery,uploadMs,median,0.0003000000142492354,0.0003000000142492354,0.0,0.0
dem-sierra-L,windows,recovery,uploadMs,p95,0.0034299998776987184,0.003089999977964908,-0.0003399998997338106,-0.09912533873380946
dem-sierra-L,windows,recovery,uploadMs,max,0.006899999920278788,0.004100000020116568,-0.00279999990016222,-0.40579709166852984
dem-sierra-L,windows,return,cpuMs,mean,26.4462688267231,25.19763734936714,-1.248631477355957,-0.04721389945542165
dem-sierra-L,windows,return,cpuMs,median,26.761500358581543,25.494099617004395,-1.2674007415771484,-0.047359106350355784
dem-sierra-L,windows,return,cpuMs,p95,35.38110504150391,33.44702978134155,-1.9340752601623592,-0.05466407162505482
dem-sierra-L,windows,return,cpuMs,max,45.081298828125,40.550899505615234,-4.530399322509766,-0.10049398398617948
dem-sierra-L,windows,return,viewMs,mean,11.56356875,11.169440625,-0.39412812499999994,-0.034083606326117954
dem-sierra-L,windows,return,viewMs,median,11.4987,10.95205,-0.5466499999999996,-0.04754015671336753
dem-sierra-L,windows,return,viewMs,p95,13.63753,13.384045,-0.2534849999999995,-0.018587310165403825
dem-sierra-L,windows,return,viewMs,max,14.162700000000001,15.584900000000001,1.4222000000000001,0.1004187054728265
dem-sierra-L,windows,return,receiverMs,mean,8.0659875,7.7452749999999995,-0.32071250000000084,-0.03976109558811003
dem-sierra-L,windows,return,receiverMs,median,8.04895,8.0271,-0.021849999999998815,-0.0027146397977374503
dem-sierra-L,windows,return,receiverMs,p95,11.57716,11.134225,-0.4429349999999985,-0.03825938313023214
dem-sierra-L,windows,return,receiverMs,max,13.258600000000001,12.552000000000001,-0.7065999999999999,-0.05329371125156501
dem-sierra-L,windows,return,donorMs,mean,0.0,0.0,0.0,
dem-sierra-L,windows,return,donorMs,median,0.0,0.0,0.0,
dem-sierra-L,windows,return,donorMs,p95,0.0,0.0,0.0,
dem-sierra-L,windows,return,donorMs,max,0.0,0.0,0.0,
dem-sierra-L,windows,return,reservationMs,mean,0.12651874999999999,0.120246875,-0.006271874999999982,-0.04957269179469437
dem-sierra-L,windows,return,reservationMs,median,0.1182,0.1178,-0.0003999999999999976,-0.0033840947546530664
dem-sierra-L,windows,return,reservationMs,p95,0.25773999999999997,0.225355,-0.03238499999999997,-0.12564987972375252
dem-sierra-L,windows,return,reservationMs,max,0.3095,0.4144,0.1049,0.33893376413570264
dem-sierra-L,windows,return,sampleRepairMs,mean,5.887965625,5.421409375,-0.46655625,-0.07923895615474152
dem-sierra-L,windows,return,sampleRepairMs,median,5.6614,5.31635,-0.3450500000000005,-0.06094782209347516
dem-sierra-L,windows,return,sampleRepairMs,p95,12.345059999999998,11.170224999999999,-1.1748349999999999,-0.09516640664362908
dem-sierra-L,windows,return,sampleRepairMs,max,19.4442,17.1283,-2.315899999999999,-0.11910492589049693
dem-sierra-L,windows,return,uploadMs,mean,2.5267874747514725,2.3867062255740166,-0.1400812491774559,-0.05543847695035531
dem-sierra-L,windows,return,uploadMs,median,2.474900007247925,2.382349967956543,-0.09255003929138184,-0.03739546608765698
dem-sierra-L,windows,return,uploadMs,p95,3.1313300132751465,2.8918749213218686,-0.23945509195327785,-0.07647072998953086
dem-sierra-L,windows,return,uploadMs,max,4.019599914550781,3.711699962615967,-0.30789995193481445,-0.07659965132853885
dem-sierra-L,windows,reveal,cpuMs,mean,56.98551033283102,56.10679652773101,-0.8787138051000127,-0.015419951492366635
dem-sierra-L,windows,reveal,cpuMs,median,56.918399810791016,54.72800064086914,-2.190399169921875,-0.03848314740405967
dem-sierra-L,windows,reveal,cpuMs,p95,70.20353851318359,73.86489715576171,3.661358642578122,0.05215347716255869
dem-sierra-L,windows,reveal,cpuMs,max,73.15699768066406,77.86000061035156,4.7030029296875,0.06428643983199622
dem-sierra-L,windows,reveal,viewMs,mean,10.705234482758621,10.220389655172413,-0.4848448275862083,-0.045290444442583455
dem-sierra-L,windows,reveal,viewMs,median,10.5423,10.2221,-0.3201999999999998,-0.030372878783567092
dem-sierra-L,windows,reveal,viewMs,p95,13.131179999999997,11.68598,-1.4451999999999963,-0.1100586542869717
dem-sierra-L,windows,reveal,viewMs,max,14.007800000000001,12.534,-1.4738000000000007,-0.10521281000585392
dem-sierra-L,windows,reveal,receiverMs,mean,13.08596551724138,12.964055172413794,-0.12191034482758667,-0.009316113867713027
dem-sierra-L,windows,reveal,receiverMs,median,12.855500000000001,13.1584,0.3028999999999993,0.02356189957605692
dem-sierra-L,windows,reveal,receiverMs,p95,15.1394,14.99518,-0.14422000000000068,-0.009526137099224563
dem-sierra-L,windows,reveal,receiverMs,max,16.6319,16.273300000000003,-0.35859999999999914,-0.02156097619634556
dem-sierra-L,windows,reveal,donorMs,mean,0.0,0.0,0.0,
dem-sierra-L,windows,reveal,donorMs,median,0.0,0.0,0.0,
dem-sierra-L,windows,reveal,donorMs,p95,0.0,0.0,0.0,
dem-sierra-L,windows,reveal,donorMs,max,0.0,0.0,0.0,
dem-sierra-L,windows,reveal,reservationMs,mean,0.5427551724137931,0.5481586206896552,0.005403448275862033,0.009955590569190376
dem-sierra-L,windows,reveal,reservationMs,median,0.5584,0.5328,-0.025599999999999956,-0.04584527220630363
dem-sierra-L,windows,reveal,reservationMs,p95,0.70602,0.7445999999999999,0.03857999999999995,0.05464434435285104
dem-sierra-L,windows,reveal,reservationMs,max,0.7651,0.7756,0.010499999999999954,0.013723696248856276
dem-sierra-L,windows,reveal,sampleRepairMs,mean,29.587051724137932,29.233993103448277,-0.3530586206896551,-0.011932876042583862
dem-sierra-L,windows,reveal,sampleRepairMs,median,29.6614,27.3441,-2.3172999999999995,-0.07812510535578221
dem-sierra-L,windows,reveal,sampleRepairMs,p95,41.21496,44.53291999999998,3.317959999999985,0.08050377823974553
dem-sierra-L,windows,reveal,sampleRepairMs,max,44.1582,50.406600000000005,6.248400000000004,0.14150033289400388
dem-sierra-L,windows,reveal,uploadMs,mean,2.1444344808315408,2.2320241393714118,0.087589658539871,0.04084510826644916
dem-sierra-L,windows,reveal,uploadMs,median,2.08270001411438,2.1424999237060547,0.059799909591674805,0.028712685065738208
dem-sierra-L,windows,reveal,uploadMs,p95,2.693399953842163,2.780239963531494,0.08684000968933114,0.03224178034363323
dem-sierra-L,windows,reveal,uploadMs,max,2.8668999671936035,3.0722999572753906,0.2053999900817871,0.07164532855426153
dem-sierra-P,linux,recovery,cpuMs,mean,0.4909156897338107,0.5077377959387377,0.016822106204926968,0.03426679276445288
dem-sierra-P,linux,recovery,cpuMs,median,0.062006499618291855,0.05633150041103363,-0.0056749992072582245,-0.09152265072521693
dem-sierra-P,linux,recovery,cpuMs,p95,0.19776539653539654,0.17415990307927126,-0.02360549345612528,-0.11936109081600788
dem-sierra-P,linux,recovery,cpuMs,max,13.49229907989502,14.172956466674805,0.6806573867797852,0.0504478430806532
dem-sierra-P,linux,recovery,viewMs,mean,0.20764724999999998,0.23413428125,0.026487031250000015,0.12755782342410038
dem-sierra-P,linux,recovery,viewMs,median,0.0,0.0,0.0,
dem-sierra-P,linux,recovery,viewMs,p95,0.0,0.0,0.0,
dem-sierra-P,linux,recovery,viewMs,max,6.644711999999999,7.492297,0.8475850000000005,0.12755782342410038
dem-sierra-P,linux,recovery,receiverMs,mean,0.2024976875,0.20101915625,-0.001478531249999998,-0.007301472269899412
dem-sierra-P,linux,recovery,receiverMs,median,0.0,0.0,0.0,
dem-sierra-P,linux,recovery,receiverMs,p95,0.0,0.0,0.0,
dem-sierra-P,linux,recovery,receiverMs,max,6.479926,6.432613,-0.04731299999999994,-0.007301472269899412
dem-sierra-P,linux,recovery,donorMs,mean,0.0,0.0,0.0,
dem-sierra-P,linux,recovery,donorMs,median,0.0,0.0,0.0,
dem-sierra-P,linux,recovery,donorMs,p95,0.0,0.0,0.0,
dem-sierra-P,linux,recovery,donorMs,max,0.0,0.0,0.0,
dem-sierra-P,linux,recovery,reservationMs,mean,1.4999999999999999e-05,1.15625e-05,-3.437499999999999e-06,-0.22916666666666663
dem-sierra-P,linux,recovery,reservationMs,median,0.0,0.0,0.0,
dem-sierra-P,linux,recovery,reservationMs,p95,0.0,0.0,0.0,
dem-sierra-P,linux,recovery,reservationMs,max,0.00047999999999999996,0.00037,-0.00010999999999999996,-0.22916666666666663
dem-sierra-P,linux,recovery,sampleRepairMs,mean,0.0,0.0,0.0,
dem-sierra-P,linux,recovery,sampleRepairMs,median,0.0,0.0,0.0,
dem-sierra-P,linux,recovery,sampleRepairMs,p95,0.0,0.0,0.0,
dem-sierra-P,linux,recovery,sampleRepairMs,max,0.0,0.0,0.0,
dem-sierra-P,linux,return,cpuMs,mean,22.919473707675934,21.629910081624985,-1.289563626050949,-0.05626497547450504
dem-sierra-P,linux,return,cpuMs,median,21.329051971435547,19.691818237304688,-1.6372337341308594,-0.07676073631043179
dem-sierra-P,linux,return,cpuMs,p95,37.938323402404784,34.596412658691406,-3.3419107437133775,-0.08808799240457588
dem-sierra-P,linux,return,cpuMs,max,43.75959396362305,40.31019973754883,-3.4493942260742188,-0.07882601079300844
dem-sierra-P,linux,return,viewMs,mean,7.1882205625,7.24110059375,0.05288003124999996,0.007356484235593541
dem-sierra-P,linux,return,viewMs,median,6.9157445,7.075451,0.15970650000000042,0.02309317529009358
dem-sierra-P,linux,return,viewMs,p95,9.392506349999998,8.460207350000001,-0.9322989999999969,-0.09925987433588446
dem-sierra-P,linux,return,viewMs,max,11.004421,9.758082,-1.2463390000000008,-0.11325802602426793
dem-sierra-P,linux,return,receiverMs,mean,13.9597243125,12.758002625,-1.201721687500001,-0.08608491547529629
dem-sierra-P,linux,return,receiverMs,median,11.673185,10.9879615,-0.6852234999999993,-0.05870064596766
dem-sierra-P,linux,return,receiverMs,p95,28.60527415,24.8692161,-3.7360580500000005,-0.1306073149451008
dem-sierra-P,linux,return,receiverMs,max,35.236051999999994,31.824395,-3.4116569999999946,-0.09682290740177124
dem-sierra-P,linux,return,donorMs,mean,0.0,0.0,0.0,
dem-sierra-P,linux,return,donorMs,median,0.0,0.0,0.0,
dem-sierra-P,linux,return,donorMs,p95,0.0,0.0,0.0,
dem-sierra-P,linux,return,donorMs,max,0.0,0.0,0.0,
dem-sierra-P,linux,return,reservationMs,mean,0.032286875,0.030336000000000002,-0.0019508749999999977,-0.06042315956561284
dem-sierra-P,linux,return,reservationMs,median,0.0216805,0.024605000000000002,0.0029245000000000035,0.13489080048891888
dem-sierra-P,linux,return,reservationMs,p95,0.09273444999999998,0.10052294999999999,0.007788500000000004,0.08398712668269459
dem-sierra-P,linux,return,reservationMs,max,0.15451399999999998,0.14552400000000001,-0.00898999999999997,-0.058182430071061386
dem-sierra-P,linux,return,sampleRepairMs,mean,0.73040425,0.6878115625,-0.042592687500000004,-0.05831385496456243
dem-sierra-P,linux,return,sampleRepairMs,median,0.6180379999999999,0.6017615000000001,-0.016276499999999805,-0.026335759289881522
dem-sierra-P,linux,return,sampleRepairMs,p95,1.9702077,1.8163452999999998,-0.15386240000000018,-0.0780945074978644
dem-sierra-P,linux,return,sampleRepairMs,max,2.227611,1.941979,-0.2856320000000001,-0.1282234645097372
dem-sierra-P,linux,reveal,cpuMs,mean,37.865678458378234,34.94320691865066,-2.9224715397275745,-0.07717995976065606
dem-sierra-P,linux,reveal,cpuMs,median,36.4416618347168,32.0387077331543,-4.4029541015625,-0.12082198999409921
dem-sierra-P,linux,reveal,cpuMs,p95,56.92420730590819,53.46086196899414,-3.4633453369140526,-0.06084134502395766
dem-sierra-P,linux,reveal,cpuMs,max,63.00303268432617,58.28875732421875,-4.714275360107422,-0.07482616565028044
dem-sierra-P,linux,reveal,viewMs,mean,6.744400344827587,6.66986624137931,-0.07453410344827649,-0.011051257285673799
dem-sierra-P,linux,reveal,viewMs,median,6.734193,6.816394,0.08220099999999952,0.01220651086180613
dem-sierra-P,linux,reveal,viewMs,p95,8.012474999999998,7.5302282,-0.48224679999999864,-0.06018699590326315
dem-sierra-P,linux,reveal,viewMs,max,8.916144000000001,7.823006,-1.0931380000000006,-0.12260210243351843
dem-sierra-P,linux,reveal,receiverMs,mean,23.075635137931034,20.23881348275862,-2.8368216551724146,-0.12293579952255929
dem-sierra-P,linux,reveal,receiverMs,median,21.554621,18.020265000000002,-3.534355999999999,-0.16397207819149306
dem-sierra-P,linux,reveal,receiverMs,p95,38.967800399999994,34.180484799999995,-4.7873155999999994,-0.1228531133617693
dem-sierra-P,linux,reveal,receiverMs,max,43.432764,37.703188,-5.729576000000002,-0.13191829099340768
dem-sierra-P,linux,reveal,donorMs,mean,0.0,0.0,0.0,
dem-sierra-P,linux,reveal,donorMs,median,0.0,0.0,0.0,
dem-sierra-P,linux,reveal,donorMs,p95,0.0,0.0,0.0,
dem-sierra-P,linux,reveal,donorMs,max,0.0,0.0,0.0,
dem-sierra-P,linux,reveal,reservationMs,mean,0.17211427586206896,0.17494006896551725,0.0028257931034482986,0.01641812156077549
dem-sierra-P,linux,reveal,reservationMs,median,0.186395,0.140684,-0.045711,-0.24523726494809406
dem-sierra-P,linux,reveal,reservationMs,p95,0.3091145999999999,0.3544975999999999,0.04538300000000001,0.14681609991892985
dem-sierra-P,linux,reveal,reservationMs,max,0.374831,0.494504,0.11967299999999997,0.3192718851962617
dem-sierra-P,linux,reveal,sampleRepairMs,mean,5.063911310344827,5.0548779999999995,-0.009033310344827683,-0.001783860299127693
dem-sierra-P,linux,reveal,sampleRepairMs,median,5.459811,5.251555,-0.20825600000000044,-0.038143444892140166
dem-sierra-P,linux,reveal,sampleRepairMs,p95,9.0358632,9.295593,0.25972980000000057,0.02874432627532486
dem-sierra-P,linux,reveal,sampleRepairMs,max,9.80811,9.587915,-0.2201949999999986,-0.022450298783353584
dem-sierra-P,windows,recovery,cpuMs,mean,0.7449312647804618,0.7171562598086894,-0.027775004971772432,-0.037285325888366305
dem-sierra-P,windows,recovery,cpuMs,median,0.04580000042915344,0.05080000124871731,0.005000000819563866,0.10917032254831982
dem-sierra-P,windows,recovery,cpuMs,p95,0.1695950027555226,0.12968000210821626,-0.03991500064730635,-0.23535481587771356
dem-sierra-P,windows,recovery,cpuMs,max,22.079700469970703,21.11680030822754,-0.9629001617431641,-0.04361020037625729
dem-sierra-P,windows,recovery,viewMs,mean,0.34780625000000004,0.3513125,0.0035062499999999885,0.010081043684522673
dem-sierra-P,windows,recovery,viewMs,median,0.0,0.0,0.0,
dem-sierra-P,windows,recovery,viewMs,p95,0.0,0.0,0.0,
dem-sierra-P,windows,recovery,viewMs,max,11.129800000000001,11.242,0.11219999999999963,0.010081043684522673
dem-sierra-P,windows,recovery,receiverMs,mean,0.33349375000000003,0.30457500000000004,-0.028918749999999993,-0.08671451863790547
dem-sierra-P,windows,recovery,receiverMs,median,0.0,0.0,0.0,
dem-sierra-P,windows,recovery,receiverMs,p95,0.0,0.0,0.0,
dem-sierra-P,windows,recovery,receiverMs,max,10.671800000000001,9.746400000000001,-0.9253999999999998,-0.08671451863790547
dem-sierra-P,windows,recovery,donorMs,mean,0.0,0.0,0.0,
dem-sierra-P,windows,recovery,donorMs,median,0.0,0.0,0.0,
dem-sierra-P,windows,recovery,donorMs,p95,0.0,0.0,0.0,
dem-sierra-P,windows,recovery,donorMs,max,0.0,0.0,0.0,
dem-sierra-P,windows,recovery,reservationMs,mean,3.1249999999999997e-06,0.0,-3.1249999999999997e-06,-1.0
dem-sierra-P,windows,recovery,reservationMs,median,0.0,0.0,0.0,
dem-sierra-P,windows,recovery,reservationMs,p95,0.0,0.0,0.0,
dem-sierra-P,windows,recovery,reservationMs,max,9.999999999999999e-05,0.0,-9.999999999999999e-05,-1.0
dem-sierra-P,windows,recovery,sampleRepairMs,mean,0.0,0.0,0.0,
dem-sierra-P,windows,recovery,sampleRepairMs,median,0.0,0.0,0.0,
dem-sierra-P,windows,recovery,sampleRepairMs,p95,0.0,0.0,0.0,
dem-sierra-P,windows,recovery,sampleRepairMs,max,0.0,0.0,0.0,
dem-sierra-P,windows,recovery,uploadMs,mean,0.0012249999977029802,0.0006312499974683305,-0.0005937500002346496,-0.48469387865142943
dem-sierra-P,windows,recovery,uploadMs,median,0.0006000000284984708,0.0002500000045984052,-0.00035000002390006557,-0.5833333454599288
dem-sierra-P,windows,recovery,uploadMs,p95,0.004480000049807131,0.0026000000070780516,-0.0018800000427290795,-0.4196428620151501
dem-sierra-P,windows,recovery,uploadMs,max,0.005799999926239252,0.003000000026077032,-0.00279999990016222,-0.48275860961566486
dem-sierra-P,windows,return,cpuMs,mean,35.41230607032776,33.10159343481064,-2.3107126355171204,-0.06525168485012289
dem-sierra-P,windows,return,cpuMs,median,31.652299880981445,29.871100425720215,-1.7811994552612305,-0.05627393465747743
dem-sierra-P,windows,return,cpuMs,p95,60.62301940917968,54.220473480224605,-6.402545928955078,-0.10561245532395225
dem-sierra-P,windows,return,cpuMs,max,72.63009643554688,66.60050201416016,-6.029594421386719,-0.08301784958715397
dem-sierra-P,windows,return,viewMs,mean,10.532896875,10.7022,0.169303124999999,0.016073747517821202
dem-sierra-P,windows,return,viewMs,median,10.4957,10.5124,0.01670000000000016,0.0015911277951923264
dem-sierra-P,windows,return,viewMs,p95,12.43123,13.84321,1.4119799999999998,0.11358328982731392
dem-sierra-P,windows,return,viewMs,max,15.2204,14.9107,-0.3096999999999994,-0.020347691256471512
dem-sierra-P,windows,return,receiverMs,mean,23.308896875000002,20.796278125,-2.5126187500000015,-0.1077965535423907
dem-sierra-P,windows,return,receiverMs,median,19.3765,16.76525,-2.6112499999999983,-0.1347637602250148
dem-sierra-P,windows,return,receiverMs,p95,48.5753,42.277784999999994,-6.297515000000004,-0.129644387167964
dem-sierra-P,windows,return,receiverMs,max,61.4022,54.6116,-6.790599999999998,-0.11059212862079859
dem-sierra-P,windows,return,donorMs,mean,0.0,0.0,0.0,
dem-sierra-P,windows,return,donorMs,median,0.0,0.0,0.0,
dem-sierra-P,windows,return,donorMs,p95,0.0,0.0,0.0,
dem-sierra-P,windows,return,donorMs,max,0.0,0.0,0.0,
dem-sierra-P,windows,return,reservationMs,mean,0.023525,0.02564375,0.002118749999999999,0.09006376195536658
dem-sierra-P,windows,return,reservationMs,median,0.01455,0.0121,-0.002450000000000001,-0.16838487972508598
dem-sierra-P,windows,return,reservationMs,p95,0.08919999999999997,0.095345,0.0061450000000000254,0.06889013452914838
dem-sierra-P,windows,return,reservationMs,max,0.1132,0.1395,0.026300000000000018,0.2323321554770319
dem-sierra-P,windows,return,sampleRepairMs,mean,1.02613125,1.03341875,0.007287500000000113,0.007101918005128605
dem-sierra-P,windows,return,sampleRepairMs,median,0.8708,0.8125,-0.05830000000000002,-0.06694993109784109
dem-sierra-P,windows,return,sampleRepairMs,p95,2.879215,2.935215,0.05600000000000005,0.019449745850865563
dem-sierra-P,windows,return,sampleRepairMs,max,3.5525,3.9807,0.4281999999999999,0.12053483462350445
dem-sierra-P,windows,return,uploadMs,mean,2.000796869440819,1.9475281247287057,-0.0532687447121134,-0.026623764523882376
dem-sierra-P,windows,return,uploadMs,median,2.347749948501587,2.118600010871887,-0.2291499376296997,-0.09760406459638127
dem-sierra-P,windows,return,uploadMs,p95,2.8111850023269653,2.99954000711441,0.1883550047874447,0.06700199546864871
dem-sierra-P,windows,return,uploadMs,max,3.1415998935699463,3.3780999183654785,0.23650002479553223,0.07528012248777682
dem-sierra-P,windows,reveal,cpuMs,mean,62.91552734375,55.4580964713261,-7.457430872423899,-0.11853084901726918
dem-sierra-P,windows,reveal,cpuMs,median,59.80889892578125,50.38560104370117,-9.423297882080078,-0.15755678588521993
dem-sierra-P,windows,reveal,cpuMs,p95,94.13990020751952,84.47841796874998,-9.661482238769537,-0.10262898322042002
dem-sierra-P,windows,reveal,cpuMs,max,104.17669677734375,91.24140167236328,-12.935295104980469,-0.12416687709562346
dem-sierra-P,windows,reveal,viewMs,mean,9.846455172413794,9.9245,0.07804482758620601,0.007926185233124272
dem-sierra-P,windows,reveal,viewMs,median,9.9994,9.9932,-0.006199999999999761,-0.0006200372022321377
dem-sierra-P,windows,reveal,viewMs,p95,11.44908,11.270999999999999,-0.17808000000000135,-0.015554088188745374
dem-sierra-P,windows,reveal,viewMs,max,11.7383,12.5908,0.8524999999999991,0.07262550795259948
dem-sierra-P,windows,reveal,receiverMs,mean,41.918006896551724,34.328,-7.590006896551721,-0.1810679337708705
dem-sierra-P,windows,reveal,receiverMs,median,37.662,31.654500000000002,-6.007499999999997,-0.15951091285646002
dem-sierra-P,windows,reveal,receiverMs,p95,69.02329999999998,58.13791999999999,-10.88537999999999,-0.15770587613168296
dem-sierra-P,windows,reveal,receiverMs,max,76.2325,63.8459,-12.386600000000001,-0.1624845046404093
dem-sierra-P,windows,reveal,donorMs,mean,0.0,0.0,0.0,
dem-sierra-P,windows,reveal,donorMs,median,0.0,0.0,0.0,
dem-sierra-P,windows,reveal,donorMs,p95,0.0,0.0,0.0,
dem-sierra-P,windows,reveal,donorMs,max,0.0,0.0,0.0,
dem-sierra-P,windows,reveal,reservationMs,mean,0.1791,0.17915172413793104,5.17241379310307e-05,0.00028880032345623974
dem-sierra-P,windows,reveal,reservationMs,median,0.19469999999999998,0.19799999999999998,0.0032999999999999974,0.016949152542372836
dem-sierra-P,windows,reveal,reservationMs,p95,0.32888,0.30351999999999996,-0.02536000000000005,-0.07711019216735604
dem-sierra-P,windows,reveal,reservationMs,max,0.374,0.3211,-0.0529,-0.1414438502673797
dem-sierra-P,windows,reveal,sampleRepairMs,mean,8.24408620689655,8.232141379310345,-0.01194482758620552,-0.001448896492156182
dem-sierra-P,windows,reveal,sampleRepairMs,median,8.9761,8.670300000000001,-0.3057999999999996,-0.03406824790276397
dem-sierra-P,windows,reveal,sampleRepairMs,p95,15.22126,15.224019999999998,0.0027599999999985414,0.000181325330491644
dem-sierra-P,windows,reveal,sampleRepairMs,max,15.819799999999999,18.5152,2.695400000000001,0.17038142075121065
dem-sierra-P,windows,reveal,uploadMs,mean,2.3096655113943694,2.2893310168693803,-0.020334494524989033,-0.008804086316686166
dem-sierra-P,windows,reveal,uploadMs,median,2.3671000003814697,2.329400062561035,-0.03769993782043457,-0.015926635044721027
dem-sierra-P,windows,reveal,uploadMs,p95,2.85649995803833,2.94955997467041,0.09306001663208008,0.03257833642538821
dem-sierra-P,windows,reveal,uploadMs,max,3.121999979019165,3.0934998989105225,-0.028500080108642578,-0.009128789333815557
dem-canyon-L,linux,recovery,cpuMs,mean,0.9951549917459488,0.9816611930727959,-0.013493798673152924,-0.013559494536101058
dem-canyon-L,linux,recovery,cpuMs,median,0.6088835000991821,0.6664774715900421,0.057593971490859985,0.09458947644578708
dem-canyon-L,linux,recovery,cpuMs,p95,0.7513835072517395,0.8667784839868545,0.115394976735115,0.15357666973179085
dem-canyon-L,linux,recovery,cpuMs,max,14.704179763793945,12.323467254638672,-2.3807125091552734,-0.1619071956000765
dem-canyon-L,linux,recovery,viewMs,mean,0.37966115625,0.30520078125,-0.07446037500000002,-0.19612323719250646
dem-canyon-L,linux,recovery,viewMs,median,0.0,0.0,0.0,
dem-canyon-L,linux,recovery,viewMs,p95,0.0,0.0,0.0,
dem-canyon-L,linux,recovery,viewMs,max,12.149157,9.766425,-2.3827320000000007,-0.19612323719250646
dem-canyon-L,linux,recovery,receiverMs,mean,0.06852821875,0.0623214375,-0.006206781249999994,-0.09057263362766155
dem-canyon-L,linux,recovery,receiverMs,median,0.0,0.0,0.0,
dem-canyon-L,linux,recovery,receiverMs,p95,0.0,0.0,0.0,
dem-canyon-L,linux,recovery,receiverMs,max,2.192903,1.994286,-0.19861699999999982,-0.09057263362766155
dem-canyon-L,linux,recovery,donorMs,mean,0.0,0.0,0.0,
dem-canyon-L,linux,recovery,donorMs,median,0.0,0.0,0.0,
dem-canyon-L,linux,recovery,donorMs,p95,0.0,0.0,0.0,
dem-canyon-L,linux,recovery,donorMs,max,0.0,0.0,0.0,
dem-canyon-L,linux,recovery,reservationMs,mean,9.6875e-06,7.1875e-06,-2.4999999999999998e-06,-0.25806451612903225
dem-canyon-L,linux,recovery,reservationMs,median,0.0,0.0,0.0,
dem-canyon-L,linux,recovery,reservationMs,p95,0.0,0.0,0.0,
dem-canyon-L,linux,recovery,reservationMs,max,0.00031,0.00023,-7.999999999999999e-05,-0.25806451612903225
dem-canyon-L,linux,recovery,sampleRepairMs,mean,0.0,0.0,0.0,
dem-canyon-L,linux,recovery,sampleRepairMs,median,0.0,0.0,0.0,
dem-canyon-L,linux,recovery,sampleRepairMs,p95,0.0,0.0,0.0,
dem-canyon-L,linux,recovery,sampleRepairMs,max,0.0,0.0,0.0,
dem-canyon-L,linux,return,cpuMs,mean,24.3540740609169,24.2966285943985,-0.0574454665184021,-0.0023587620853379176
dem-canyon-L,linux,return,cpuMs,median,23.46803379058838,24.15380859375,0.6857748031616211,0.02922165569050117
dem-canyon-L,linux,return,cpuMs,p95,32.74036178588867,32.62666645050049,-0.11369533538818644,-0.0034726352791003556
dem-canyon-L,linux,return,cpuMs,max,32.95343017578125,33.09130096435547,0.13787078857421875,0.004183806900792453
dem-canyon-L,linux,return,viewMs,mean,10.780543125,10.7510771875,-0.029465937499999484,-0.002733251670008041
dem-canyon-L,linux,return,viewMs,median,10.5474395,10.49775,-0.0496894999999995,-0.004711048591461431
dem-canyon-L,linux,return,viewMs,p95,13.10987135,12.74341205,-0.3664593000000007,-0.027952928767680185
dem-canyon-L,linux,return,viewMs,max,16.821645,16.950139,0.12849399999999989,0.007638610849295624
dem-canyon-L,linux,return,receiverMs,mean,5.374203125,5.3426979375,-0.03150518750000053,-0.0058622993525203615
dem-canyon-L,linux,return,receiverMs,median,5.322720499999999,5.343987500000001,0.0212670000000017,0.003995513196682454
dem-canyon-L,linux,return,receiverMs,p95,7.0117999,7.1977515,0.1859516000000001,0.02651980984226321
dem-canyon-L,linux,return,receiverMs,max,8.349029000000002,7.657934,-0.6910950000000016,-0.08277549401253748
dem-canyon-L,linux,return,donorMs,mean,2.4631074062500002,2.39179096875,-0.07131643750000016,-0.028953848021015527
dem-canyon-L,linux,return,donorMs,median,2.615901,2.59568,-0.020220999999999822,-0.0077300325967992745
dem-canyon-L,linux,return,donorMs,p95,3.2114352,3.1662224500000002,-0.04521274999999969,-0.014078674232629651
dem-canyon-L,linux,return,donorMs,max,4.340554,3.786679,-0.5538750000000001,-0.1276046790340588
dem-canyon-L,linux,return,reservationMs,mean,0.90426315625,0.95098840625,0.04672525000000005,0.05167218157352638
dem-canyon-L,linux,return,reservationMs,median,0.7626335,0.812856,0.05022250000000006,0.06585404391493421
dem-canyon-L,linux,return,reservationMs,p95,2.4036134,2.4383859999999995,0.03477259999999971,0.014466802356818187
dem-canyon-L,linux,return,reservationMs,max,2.7771459999999997,3.07577,0.2986240000000002,0.10752909641768937
dem-canyon-L,linux,return,sampleRepairMs,mean,3.52836665625,3.49092503125,-0.03744162499999959,-0.010611602661440234
dem-canyon-L,linux,return,sampleRepairMs,median,3.0963555,3.1656155,0.06925999999999988,0.022368232588279913
dem-canyon-L,linux,return,sampleRepairMs,p95,7.7689486,8.044615799999999,0.2756671999999991,0.03548320553954998
dem-canyon-L,linux,return,sampleRepairMs,max,9.6726,9.608932000000001,-0.06366799999999806,-0.006582304654384363
dem-canyon-L,linux,reveal,cpuMs,mean,40.65774601903455,40.39435340618265,-0.2633926128518951,-0.006478288607749794
dem-canyon-L,linux,reveal,cpuMs,median,39.734867095947266,38.653770446777344,-1.0810966491699219,-0.027207758026707718
dem-canyon-L,linux,reveal,cpuMs,p95,54.05637283325194,53.629994964599604,-0.42637786865233807,-0.007887652210176732
dem-canyon-L,linux,reveal,cpuMs,max,62.659061431884766,62.27111053466797,-0.3879508972167969,-0.006191457202698869
dem-canyon-L,linux,reveal,viewMs,mean,10.37373527586207,10.534562344827586,0.16082706896551713,0.015503294106582244
dem-canyon-L,linux,reveal,viewMs,median,10.160249,10.210577,0.05032800000000037,0.004953421909246636
dem-canyon-L,linux,reveal,viewMs,p95,11.899643399999997,13.242331199999997,1.3426878000000002,0.11283428879893997
dem-canyon-L,linux,reveal,viewMs,max,13.051608,15.005644,1.9540360000000003,0.1497161116086232
dem-canyon-L,linux,reveal,receiverMs,mean,7.283927206896552,7.360614620689655,0.07668741379310351,0.010528305900763923
dem-canyon-L,linux,reveal,receiverMs,median,6.852652,7.198356,0.34570400000000046,0.05044820603760414
dem-canyon-L,linux,reveal,receiverMs,p95,8.5997574,8.4852396,-0.11451779999999978,-0.013316398902136428
dem-canyon-L,linux,reveal,receiverMs,max,9.352419000000001,9.460916999999998,0.10849799999999732,0.011601062783863414
dem-canyon-L,linux,reveal,donorMs,mean,2.6750997586206897,2.439261931034483,-0.23583782758620675,-0.08816038610380916
dem-canyon-L,linux,reveal,donorMs,median,2.556149,2.444086,-0.11206300000000002,-0.04384055859028568
dem-canyon-L,linux,reveal,donorMs,p95,3.194300399999999,2.9545549999999996,-0.23974539999999944,-0.07505411826639707
dem-canyon-L,linux,reveal,donorMs,max,7.319896,3.100985,-4.218911,-0.5763621505004989
dem-canyon-L,linux,reveal,reservationMs,mean,5.580396034482758,5.592833724137931,0.012437689655172335,0.0022288184527257116
dem-canyon-L,linux,reveal,reservationMs,median,4.524634,4.575064,0.05043000000000042,0.011145652885957258
dem-canyon-L,linux,reveal,reservationMs,p95,14.443888599999983,14.294539199999985,-0.1493493999999984,-0.010339971744174115
dem-canyon-L,linux,reveal,reservationMs,max,17.790436,18.085390999999998,0.2949549999999981,0.01657941379289407
dem-canyon-L,linux,reveal,sampleRepairMs,mean,11.613688931034483,11.53309024137931,-0.08059868965517225,-0.006939973175947078
dem-canyon-L,linux,reveal,sampleRepairMs,median,11.054262,10.867310999999999,-0.18695100000000053,-0.016912119506485412
dem-canyon-L,linux,reveal,sampleRepairMs,p95,17.644857799999993,18.106544999999993,0.4616872000000001,0.026165538154691248
dem-canyon-L,linux,reveal,sampleRepairMs,max,20.103852,20.860906,0.7570540000000001,0.03765716142359188
dem-canyon-L,windows,recovery,cpuMs,mean,0.8454468797426671,0.8512718984857202,0.005825018743053079,0.006889869585687158
dem-canyon-L,windows,recovery,cpuMs,median,0.24949999898672104,0.22290000319480896,-0.02659999579191208,-0.10661321001980362
dem-canyon-L,windows,recovery,cpuMs,p95,0.3400199994444847,0.4038200035691261,0.06380000412464143,0.1876360338476446
dem-canyon-L,windows,recovery,cpuMs,max,20.029600143432617,20.126300811767578,0.09670066833496094,0.0048278881077248315
dem-canyon-L,windows,recovery,viewMs,mean,0.5354249999999999,0.545784375,0.01035937500000006,0.019347947891861672
dem-canyon-L,windows,recovery,viewMs,median,0.0,0.0,0.0,
dem-canyon-L,windows,recovery,viewMs,p95,0.0,0.0,0.0,
dem-canyon-L,windows,recovery,viewMs,max,17.133599999999998,17.4651,0.3315000000000019,0.019347947891861672
dem-canyon-L,windows,recovery,receiverMs,mean,0.080415625,0.076934375,-0.003481250000000005,-0.04329071620098712
dem-canyon-L,windows,recovery,receiverMs,median,0.0,0.0,0.0,
dem-canyon-L,windows,recovery,receiverMs,p95,0.0,0.0,0.0,
dem-canyon-L,windows,recovery,receiverMs,max,2.5733,2.4619,-0.11140000000000017,-0.04329071620098712
dem-canyon-L,windows,recovery,donorMs,mean,0.0,0.0,0.0,
dem-canyon-L,windows,recovery,donorMs,median,0.0,0.0,0.0,
dem-canyon-L,windows,recovery,donorMs,p95,0.0,0.0,0.0,
dem-canyon-L,windows,recovery,donorMs,max,0.0,0.0,0.0,
dem-canyon-L,windows,recovery,reservationMs,mean,6.2499999999999995e-06,3.1249999999999997e-06,-3.1249999999999997e-06,-0.5
dem-canyon-L,windows,recovery,reservationMs,median,0.0,0.0,0.0,
dem-canyon-L,windows,recovery,reservationMs,p95,0.0,0.0,0.0,
dem-canyon-L,windows,recovery,reservationMs,max,0.00019999999999999998,9.999999999999999e-05,-9.999999999999999e-05,-0.5
dem-canyon-L,windows,recovery,sampleRepairMs,mean,0.0,0.0,0.0,
dem-canyon-L,windows,recovery,sampleRepairMs,median,0.0,0.0,0.0,
dem-canyon-L,windows,recovery,sampleRepairMs,p95,0.0,0.0,0.0,
dem-canyon-L,windows,recovery,sampleRepairMs,max,0.0,0.0,0.0,
dem-canyon-L,windows,recovery,uploadMs,mean,0.003484374994513928,0.0030937500014260877,-0.00039062499308784027,-0.11210762151113784
dem-canyon-L,windows,recovery,uploadMs,median,0.003100000089034438,0.0025499999755993485,-0.0005500001134350896,-0.17741938633504972
dem-canyon-L,windows,recovery,uploadMs,p95,0.0055449998937547205,0.005850000004284083,0.0003050001105293623,0.055004529553351444
dem-canyon-L,windows,recovery,uploadMs,max,0.012000000104308128,0.00839999970048666,-0.0036000004038214684,-0.30000003104408557
dem-canyon-L,windows,return,cpuMs,mean,34.01697492599487,33.37326264381409,-0.6437122821807861,-0.0189232665038912
dem-canyon-L,windows,return,cpuMs,median,34.26810073852539,33.33474922180176,-0.9333515167236328,-0.0272367448620906
dem-canyon-L,windows,return,cpuMs,p95,44.513275909423825,41.86598091125488,-2.6472949981689453,-0.05947203264832035
dem-canyon-L,windows,return,cpuMs,max,50.92449951171875,42.58110046386719,-8.343399047851562,-0.16383860671878725
dem-canyon-L,windows,return,viewMs,mean,15.5030125,15.1765125,-0.3265000000000011,-0.021060422933929845
dem-canyon-L,windows,return,viewMs,median,15.6032,14.78095,-0.8222499999999986,-0.05269752358490554
dem-canyon-L,windows,return,viewMs,p95,17.522625,17.16668,-0.35594500000000195,-0.020313451894336754
dem-canyon-L,windows,return,viewMs,max,20.8838,22.1115,1.2276999999999987,0.05878719390149301
dem-canyon-L,windows,return,receiverMs,mean,8.004240625,7.7859,-0.21834062499999973,-0.027278118591043676
dem-canyon-L,windows,return,receiverMs,median,7.7658000000000005,7.6684,-0.09740000000000038,-0.01254217208787256
dem-canyon-L,windows,return,receiverMs,p95,10.86479,10.55853,-0.30626,-0.028188303685575122
dem-canyon-L,windows,return,receiverMs,max,11.4153,11.184700000000001,-0.23059999999999903,-0.020200958362898813
dem-canyon-L,windows,return,donorMs,mean,4.01071875,3.95635,-0.05436874999999963,-0.013555862025977139
dem-canyon-L,windows,return,donorMs,median,4.31855,4.3119,-0.006650000000000489,-0.0015398687059314797
dem-canyon-L,windows,return,donorMs,p95,5.4309400000000005,5.187785,-0.24315500000000068,-0.04477217571912062
dem-canyon-L,windows,return,donorMs,max,5.8043000000000005,5.8101,0.005799999999999805,0.0009992591699257147
dem-canyon-L,windows,return,reservationMs,mean,0.84331875,0.831178125,-0.012140625000000016,-0.014396246970673876
dem-canyon-L,windows,return,reservationMs,median,0.73645,0.651,-0.08545000000000003,-0.11602960146649466
dem-canyon-L,windows,return,reservationMs,p95,2.328125,2.26781,-0.06031500000000012,-0.025907114093959738
dem-canyon-L,windows,return,reservationMs,max,2.66,2.521,-0.13900000000000023,-0.052255639097744444
dem-canyon-L,windows,return,sampleRepairMs,mean,4.6105625,4.571478125,-0.039084375000000726,-0.008477138093237135
dem-canyon-L,windows,return,sampleRepairMs,median,3.9814,4.40025,0.41884999999999994,0.1052016878484956
dem-canyon-L,windows,return,sampleRepairMs,p95,11.129624999999999,10.22906,-0.9005649999999985,-0.08091602367555051
dem-canyon-L,windows,return,sampleRepairMs,max,12.4636,12.5246,0.06099999999999994,0.004894252062004556
dem-canyon-L,windows,return,uploadMs,mean,0.01673437494901009,0.015746874894830398,-0.0009875000541796908,-0.05901027419241045
dem-canyon-L,windows,return,uploadMs,median,0.012550000101327896,0.013500000350177288,0.0009500002488493919,0.07569723037284071
dem-canyon-L,windows,return,uploadMs,p95,0.03551499973982572,0.030779999680817127,-0.004735000059008593,-0.13332395026597366
dem-canyon-L,windows,return,uploadMs,max,0.0414000004529953,0.035999998450279236,-0.0054000020027160645,-0.13043482955627295
dem-canyon-L,windows,reveal,cpuMs,mean,55.15384476760338,53.459530797497976,-1.694313970105405,-0.03071977986747032
dem-canyon-L,windows,reveal,cpuMs,median,54.41699981689453,52.011199951171875,-2.4057998657226562,-0.04421044662178786
dem-canyon-L,windows,reveal,cpuMs,p95,73.73694152832029,70.12553863525387,-3.611402893066412,-0.04897684685876713
dem-canyon-L,windows,reveal,cpuMs,max,78.93289947509766,77.92569732666016,-1.0072021484375,-0.012760232490322543
dem-canyon-L,windows,reveal,viewMs,mean,15.218113793103448,14.680893103448275,-0.5372206896551734,-0.035301397857770755
dem-canyon-L,windows,reveal,viewMs,median,14.7899,14.7309,-0.058999999999999275,-0.003989208851986725
dem-canyon-L,windows,reveal,viewMs,p95,17.583319999999997,16.34978,-1.2335399999999979,-0.070153986846625
dem-canyon-L,windows,reveal,viewMs,max,22.599,23.2368,0.6377999999999986,0.028222487720695577
dem-canyon-L,windows,reveal,receiverMs,mean,11.30898275862069,11.087496551724138,-0.22148620689655196,-0.01958498050832347
dem-canyon-L,windows,reveal,receiverMs,median,10.8087,10.4136,-0.39509999999999934,-0.036553887146465236
dem-canyon-L,windows,reveal,receiverMs,p95,13.930359999999999,13.670259999999999,-0.26009999999999955,-0.018671448548350456
dem-canyon-L,windows,reveal,receiverMs,max,14.447899999999999,14.3,-0.14789999999999814,-0.010236781816042373
dem-canyon-L,windows,reveal,donorMs,mean,4.005893103448276,3.969613793103448,-0.03627931034482801,-0.009056484885629823
dem-canyon-L,windows,reveal,donorMs,median,4.0166,4.0341,0.017499999999999183,0.004356918787033592
dem-canyon-L,windows,reveal,donorMs,p95,4.65276,4.68898,0.03622000000000014,0.0077846267591710205
dem-canyon-L,windows,reveal,donorMs,max,5.0767,4.7508,-0.32589999999999986,-0.06419524494258078
dem-canyon-L,windows,reveal,reservationMs,mean,5.097258620689655,5.085486206896552,-0.011772413793103453,-0.0023095578759373403
dem-canyon-L,windows,reveal,reservationMs,median,3.9884999999999997,4.330299999999999,0.34179999999999966,0.08569637708411681
dem-canyon-L,windows,reveal,reservationMs,p95,12.89699999999999,12.698539999999989,-0.19846000000000075,-0.015388074746065072
dem-canyon-L,windows,reveal,reservationMs,max,16.9172,16.080199999999998,-0.8370000000000033,-0.049476272669236265
dem-canyon-L,windows,reveal,sampleRepairMs,mean,16.60515517241379,15.85884827586207,-0.7463068965517223,-0.04494428921637328
dem-canyon-L,windows,reveal,sampleRepairMs,median,16.145599999999998,15.099400000000001,-1.0461999999999971,-0.06479783965910202
dem-canyon-L,windows,reveal,sampleRepairMs,p95,25.196819999999995,23.980999999999998,-1.2158199999999972,-0.048252914455077955
dem-canyon-L,windows,reveal,sampleRepairMs,max,25.878,27.6285,1.7504999999999988,0.06764433109204715
dem-canyon-L,windows,reveal,uploadMs,mean,0.03779310366973795,0.028668965502031917,-0.00912413816770603,-0.2414233625118224
dem-canyon-L,windows,reveal,uploadMs,median,0.032999999821186066,0.022700000554323196,-0.01029999926686287,-0.31212119159619656
dem-canyon-L,windows,reveal,uploadMs,p95,0.06070000007748603,0.05896000042557715,-0.00173999965190888,-0.028665562597820382
dem-canyon-L,windows,reveal,uploadMs,max,0.065700002014637,0.06629999727010727,0.0005999952554702759,0.009132347596223944
dem-canyon-P,linux,recovery,cpuMs,mean,1.63124964479357,1.6385286953300238,0.007279050536453724,0.004462254174084412
dem-canyon-P,linux,recovery,cpuMs,median,0.48572400212287903,0.6297319829463959,0.14400798082351685,0.296481088424956
dem-canyon-P,linux,recovery,cpuMs,p95,3.11485403180122,3.3429899901151616,0.2281359583139415,0.07324129990836781
dem-canyon-P,linux,recovery,cpuMs,max,31.699344635009766,29.62705421447754,-2.0722904205322266,-0.06537328908193019
dem-canyon-P,linux,recovery,viewMs,mean,0.48026609374999996,0.402167625,-0.07809846874999998,-0.16261499565833126
dem-canyon-P,linux,recovery,viewMs,median,0.0,0.0,0.0,
dem-canyon-P,linux,recovery,viewMs,p95,0.0,0.0,0.0,
dem-canyon-P,linux,recovery,viewMs,max,15.368514999999999,12.869364,-2.4991509999999995,-0.16261499565833126
dem-canyon-P,linux,recovery,receiverMs,mean,0.32559571875,0.344038125,0.018442406249999987,0.05664204161161135
dem-canyon-P,linux,recovery,receiverMs,median,0.0,0.0,0.0,
dem-canyon-P,linux,recovery,receiverMs,p95,2.2496872499999965,2.463667649999996,0.21398039999999963,0.09511562107132887
dem-canyon-P,linux,recovery,receiverMs,max,5.419758,5.534403,0.11464500000000033,0.021153158498958824
dem-canyon-P,linux,recovery,donorMs,mean,0.207729625,0.21065953125,0.002929906250000003,0.014104421793473154
dem-canyon-P,linux,recovery,donorMs,median,0.0,0.0,0.0,
dem-canyon-P,linux,recovery,donorMs,p95,0.0,0.0,0.0,
dem-canyon-P,linux,recovery,donorMs,max,6.647348,6.741105,0.09375700000000009,0.014104421793473154
dem-canyon-P,linux,recovery,reservationMs,mean,0.00794865625,0.00813803125,0.0001893750000000003,0.02382478170445479
dem-canyon-P,linux,recovery,reservationMs,median,0.0,0.0,0.0,
dem-canyon-P,linux,recovery,reservationMs,p95,0.000643499999999999,0.00017099999999999974,-0.0004724999999999993,-0.7342657342657343
dem-canyon-P,linux,recovery,reservationMs,max,0.252927,0.260037,0.007110000000000005,0.028110877842223214
dem-canyon-P,linux,recovery,sampleRepairMs,mean,0.06661943749999999,0.06627403125,-0.0003454062499999855,-0.005184766833253196
dem-canyon-P,linux,recovery,sampleRepairMs,median,0.0,0.0,0.0,
dem-canyon-P,linux,recovery,sampleRepairMs,p95,0.0,0.0,0.0,
dem-canyon-P,linux,recovery,sampleRepairMs,max,2.1318219999999997,2.120769,-0.011052999999999535,-0.005184766833253196
dem-canyon-P,linux,return,cpuMs,mean,30.892267525196075,29.181233882904053,-1.7110336422920227,-0.055387117209718784
dem-canyon-P,linux,return,cpuMs,median,31.143542289733887,30.1546049118042,-0.9889373779296875,-0.031754171337654125
dem-canyon-P,linux,return,cpuMs,p95,36.84041576385498,33.72472019195556,-3.1156955718994155,-0.08457275813255882
dem-canyon-P,linux,return,cpuMs,max,37.55805587768555,35.510562896728516,-2.0474929809570312,-0.054515414419347374
dem-canyon-P,linux,return,viewMs,mean,10.64324290625,10.64463640625,0.0013934999999989373,0.00013092814025505994
dem-canyon-P,linux,return,viewMs,median,10.563177,10.644997,0.08182000000000045,0.007745775726374804
dem-canyon-P,linux,return,viewMs,p95,12.098586549999998,11.51713795,-0.5814485999999981,-0.04805921729757745
dem-canyon-P,linux,return,viewMs,max,17.440027,14.736678,-2.703349000000001,-0.15500830359953
dem-canyon-P,linux,return,receiverMs,mean,15.6433705,14.220477875,-1.4228926249999994,-0.09095818736761363
dem-canyon-P,linux,return,receiverMs,median,16.477111,14.780761,-1.6963500000000007,-0.10295190704244217
dem-canyon-P,linux,return,receiverMs,p95,20.232769400000002,19.3439067,-0.8888627000000007,-0.04393183564875702
dem-canyon-P,linux,return,receiverMs,max,20.600724,19.784983,-0.8157409999999992,-0.03959768598424007
dem-canyon-P,linux,return,donorMs,mean,4.05074028125,3.77203303125,-0.2787072500000005,-0.06880402855993406
dem-canyon-P,linux,return,donorMs,median,4.8978345,4.4930755,-0.4047590000000003,-0.0826403995480044
dem-canyon-P,linux,return,donorMs,p95,5.68877585,5.2268515,-0.46192434999999943,-0.08119925308711173
dem-canyon-P,linux,return,donorMs,max,6.1696,5.251424,-0.9181759999999999,-0.14882261410788378
dem-canyon-P,linux,return,reservationMs,mean,0.0939883125,0.08576634375,-0.008221968750000003,-0.08747862932425776
dem-canyon-P,linux,return,reservationMs,median,0.073247,0.059491499999999996,-0.01375550000000001,-0.1877960872117631
dem-canyon-P,linux,return,reservationMs,p95,0.22861294999999995,0.20946749999999997,-0.01914544999999998,-0.08374613074193737
dem-canyon-P,linux,return,reservationMs,max,0.406872,0.32648900000000003,-0.08038299999999998,-0.19756336145028408
dem-canyon-P,linux,return,sampleRepairMs,mean,0.0,0.0,0.0,
dem-canyon-P,linux,return,sampleRepairMs,median,0.0,0.0,0.0,
dem-canyon-P,linux,return,sampleRepairMs,p95,0.0,0.0,0.0,
dem-canyon-P,linux,return,sampleRepairMs,max,0.0,0.0,0.0,
dem-canyon-P,linux,reveal,cpuMs,mean,38.30516848070868,35.736472820413525,-2.5686956602951554,-0.06705872241728439
dem-canyon-P,linux,reveal,cpuMs,median,37.401214599609375,36.343746185302734,-1.0574684143066406,-0.02827363831969465
dem-canyon-P,linux,reveal,cpuMs,p95,46.95638961791992,41.079062652587886,-5.877326965332031,-0.1251656486615631
dem-canyon-P,linux,reveal,cpuMs,max,49.516357421875,46.295169830322266,-3.2211875915527344,-0.0650529998422239
dem-canyon-P,linux,reveal,viewMs,mean,10.632368413793104,10.51979075862069,-0.11257765517241403,-0.010588201122373575
dem-canyon-P,linux,reveal,viewMs,median,10.535967,10.32719,-0.20877699999999955,-0.019815646727063596
dem-canyon-P,linux,reveal,viewMs,p95,13.037806799999997,11.5687322,-1.4690745999999972,-0.1126780464333923
dem-canyon-P,linux,reveal,viewMs,max,15.025706999999999,16.113642000000002,1.0879350000000034,0.07240491246102443
dem-canyon-P,linux,reveal,receiverMs,mean,17.902784275862068,16.067074827586207,-1.8357094482758605,-0.10253765112675284
dem-canyon-P,linux,reveal,receiverMs,median,17.794386999999997,15.527151,-2.267235999999997,-0.1274129870278755
dem-canyon-P,linux,reveal,receiverMs,p95,21.2794336,19.488186,-1.791247600000002,-0.08417740968443832
dem-canyon-P,linux,reveal,receiverMs,max,22.223166,19.645345000000002,-2.5778209999999966,-0.1159970186066196
dem-canyon-P,linux,reveal,donorMs,mean,6.950546482758621,6.203763068965517,-0.7467834137931035,-0.10744240264352722
dem-canyon-P,linux,reveal,donorMs,median,6.680204000000001,6.064087,-0.6161170000000009,-0.09223026721938443
dem-canyon-P,linux,reveal,donorMs,p95,10.786175799999995,9.3939802,-1.3921955999999955,-0.12907221482520215
dem-canyon-P,linux,reveal,donorMs,max,11.820528,9.899411,-1.9211169999999989,-0.16252378912346377
dem-canyon-P,linux,reveal,reservationMs,mean,0.30364844827586207,0.2915900344827586,-0.012058413793103462,-0.03971175832306084
dem-canyon-P,linux,reveal,reservationMs,median,0.29102799999999995,0.25931800000000005,-0.031709999999999905,-0.10895858817708226
dem-canyon-P,linux,reveal,reservationMs,p95,0.6121896,0.6132387999999998,0.0010491999999997503,0.0017138481280958295
dem-canyon-P,linux,reveal,reservationMs,max,0.68265,0.6841790000000001,0.0015290000000001136,0.0022398007763864136
dem-canyon-P,linux,reveal,sampleRepairMs,mean,1.340638275862069,1.416536275862069,0.07589800000000002,0.05661333214673103
dem-canyon-P,linux,reveal,sampleRepairMs,median,1.0677709999999998,1.164262,0.0964910000000001,0.09036675466930655
dem-canyon-P,linux,reveal,sampleRepairMs,p95,3.3507169999999995,3.7642109999999995,0.41349400000000003,0.12340463250104383
dem-canyon-P,linux,reveal,sampleRepairMs,max,4.457,4.4951740000000004,0.038174000000000596,0.008564954004936176
dem-canyon-P,windows,recovery,cpuMs,mean,1.7001187857240438,1.5488219102844596,-0.15129687543958426,-0.08899194380417963
dem-canyon-P,windows,recovery,cpuMs,median,0.23020000010728836,0.18820000439882278,-0.041999995708465576,-0.18245002471281846
dem-canyon-P,windows,recovery,cpuMs,p95,3.412769900262351,3.3866298988461447,-0.026140001416206093,-0.007659467875111292
dem-canyon-P,windows,recovery,cpuMs,max,40.950401306152344,37.137901306152344,-3.8125,-0.09310043072586971
dem-canyon-P,windows,recovery,viewMs,mean,0.58611875,0.51608125,-0.07003749999999997,-0.1194937032811183
dem-canyon-P,windows,recovery,viewMs,median,0.0,0.0,0.0,
dem-canyon-P,windows,recovery,viewMs,p95,0.0,0.0,0.0,
dem-canyon-P,windows,recovery,viewMs,max,18.7558,16.5146,-2.241199999999999,-0.1194937032811183
dem-canyon-P,windows,recovery,receiverMs,mean,0.44561875,0.44881249999999995,0.0031937499999999397,0.00716700093970446
dem-canyon-P,windows,recovery,receiverMs,median,0.0,0.0,0.0,
dem-canyon-P,windows,recovery,receiverMs,p95,3.082229999999995,3.044069999999995,-0.03815999999999997,-0.012380646479983604
dem-canyon-P,windows,recovery,receiverMs,max,7.4104,7.5973999999999995,0.1869999999999994,0.025234805138723893
dem-canyon-P,windows,recovery,donorMs,mean,0.360071875,0.31710625000000003,-0.04296562499999995,-0.11932513473872386
dem-canyon-P,windows,recovery,donorMs,median,0.0,0.0,0.0,
dem-canyon-P,windows,recovery,donorMs,p95,0.0,0.0,0.0,
dem-canyon-P,windows,recovery,donorMs,max,11.5223,10.147400000000001,-1.3748999999999985,-0.11932513473872386
dem-canyon-P,windows,recovery,reservationMs,mean,0.003571875,0.0042875000000000005,0.0007156250000000005,0.20034995625546825
dem-canyon-P,windows,recovery,reservationMs,median,0.0,0.0,0.0,
dem-canyon-P,windows,recovery,reservationMs,p95,8.999999999999986e-05,0.0001799999999999997,8.999999999999986e-05,1.0
dem-canyon-P,windows,recovery,reservationMs,max,0.1141,0.1368,0.022700000000000012,0.19894829097283107
dem-canyon-P,windows,recovery,sampleRepairMs,mean,0.073615625,0.057128125,-0.016487500000000002,-0.22396739822558054
dem-canyon-P,windows,recovery,sampleRepairMs,median,0.0,0.0,0.0,
dem-canyon-P,windows,recovery,sampleRepairMs,p95,0.0,0.0,0.0,
dem-canyon-P,windows,recovery,sampleRepairMs,max,2.3557,1.8281,-0.5276000000000001,-0.22396739822558054
dem-canyon-P,windows,recovery,uploadMs,mean,0.0033750000002328306,0.002556250014094985,-0.0008187499861378456,-0.24259258846855192
dem-canyon-P,windows,recovery,uploadMs,median,0.0031500000040978193,0.0019000000320374966,-0.0012499999720603228,-0.39682538743942986
dem-canyon-P,windows,recovery,uploadMs,p95,0.006380000081844628,0.006204999866895377,-0.00017500021494925092,-0.02742950042387049
dem-canyon-P,windows,recovery,uploadMs,max,0.008100000210106373,0.009100000374019146,0.0010000001639127731,0.12345680715724838
dem-canyon-P,windows,return,cpuMs,mean,48.55892151594162,44.72751861810684,-3.831402897834778,-0.07890214152670072
dem-canyon-P,windows,return,cpuMs,median,50.56734848022461,45.85654830932617,-4.7108001708984375,-0.09315893184988122
dem-canyon-P,windows,return,cpuMs,p95,55.44725513458252,52.50991992950439,-2.937335205078128,-0.05297530415073892
dem-canyon-P,windows,return,cpuMs,max,59.148399353027344,57.89400100708008,-1.2543983459472656,-0.021207646524133095
dem-canyon-P,windows,return,viewMs,mean,15.820096874999999,15.3031375,-0.516959374999999,-0.032677383652241376
dem-canyon-P,windows,return,viewMs,median,16.15865,15.0743,-1.0843500000000024,-0.06710647238475997
dem-canyon-P,windows,return,viewMs,p95,18.402489999999997,19.773959999999995,1.3714699999999986,0.07452632768717704
dem-canyon-P,windows,return,viewMs,max,20.000899999999998,23.099999999999998,3.0991,0.15494802733876978
dem-canyon-P,windows,return,receiverMs,mean,25.654825,22.887659375,-2.7671656250000005,-0.10786141106010272
dem-canyon-P,windows,return,receiverMs,median,26.7438,23.6916,-3.052199999999999,-0.1141273865344491
dem-canyon-P,windows,return,receiverMs,p95,33.278195,31.00894,-2.2692549999999976,-0.0681904472282826
dem-canyon-P,windows,return,receiverMs,max,35.1564,31.681099999999997,-3.4753000000000007,-0.09885255600687215
dem-canyon-P,windows,return,donorMs,mean,6.4296468749999995,5.94374375,-0.4859031249999992,-0.07557228794155191
dem-canyon-P,windows,return,donorMs,median,7.6713,7.1347000000000005,-0.5365999999999991,-0.0699490308031232
dem-canyon-P,windows,return,donorMs,p95,8.597965,8.12234,-0.47562500000000085,-0.05531832241699064
dem-canyon-P,windows,return,donorMs,max,9.4844,8.1559,-1.3285,-0.14007211842604694
dem-canyon-P,windows,return,reservationMs,mean,0.11059375,0.10935,-0.0012437500000000018,-0.011246114721672806
dem-canyon-P,windows,return,reservationMs,median,0.07355,0.0691,-0.0044500000000000095,-0.06050305914344001
dem-canyon-P,windows,return,reservationMs,p95,0.32448499999999997,0.29921999999999993,-0.025265000000000037,-0.07786184261213935
dem-canyon-P,windows,return,reservationMs,max,0.4498,0.48500000000000004,0.035200000000000065,0.0782570031124945
dem-canyon-P,windows,return,sampleRepairMs,mean,0.0,0.0,0.0,
dem-canyon-P,windows,return,sampleRepairMs,median,0.0,0.0,0.0,
dem-canyon-P,windows,return,sampleRepairMs,p95,0.0,0.0,0.0,
dem-canyon-P,windows,return,sampleRepairMs,max,0.0,0.0,0.0,
dem-canyon-P,windows,return,uploadMs,mean,0.005968749966996256,0.005440624961920548,-0.000528125005075708,-0.08848167673230323
dem-canyon-P,windows,return,uploadMs,median,0.004549999954178929,0.004849999910220504,0.0002999999560415745,0.06593405693686671
dem-canyon-P,windows,return,uploadMs,p95,0.012014999985694885,0.010214999830350279,-0.0018000001553446065,-0.14981274718998705
dem-canyon-P,windows,return,uploadMs,max,0.01269999984651804,0.01140000019222498,-0.0012999996542930603,-0.10236217874045739
dem-canyon-P,windows,reveal,cpuMs,mean,60.37255885683257,53.78515177759631,-6.587407079236257,-0.10911260353992336
dem-canyon-P,windows,reveal,cpuMs,median,60.557899475097656,51.84130096435547,-8.716598510742188,-0.14393825720997122
dem-canyon-P,windows,reveal,cpuMs,p95,74.05880126953123,65.85522155761718,-8.203579711914045,-0.11077116522663877
dem-canyon-P,windows,reveal,cpuMs,max,79.2490005493164,69.5833969116211,-9.665603637695312,-0.12196499098661107
dem-canyon-P,windows,reveal,viewMs,mean,15.727241379310344,14.764710344827586,-0.9625310344827582,-0.06120151724440348
dem-canyon-P,windows,reveal,viewMs,median,15.670900000000001,14.8837,-0.7872000000000021,-0.05023323484930686
dem-canyon-P,windows,reveal,viewMs,p95,18.789619999999996,18.89729999999999,0.10767999999999489,0.005730823720756284
dem-canyon-P,windows,reveal,viewMs,max,24.3251,22.3548,-1.9702999999999982,-0.08099863926561446
dem-canyon-P,windows,reveal,receiverMs,mean,29.896896551724137,26.07532068965517,-3.821575862068965,-0.1278251692598701
dem-canyon-P,windows,reveal,receiverMs,median,29.9974,25.051000000000002,-4.946399999999997,-0.16489429083853924
dem-canyon-P,windows,reveal,receiverMs,p95,35.03268,32.19388,-2.838799999999999,-0.08103290984303801
dem-canyon-P,windows,reveal,receiverMs,max,35.22,32.6042,-2.6158,-0.07427030096536058
dem-canyon-P,windows,reveal,donorMs,mean,11.526879310344828,9.868493103448277,-1.6583862068965516,-0.1438712215376653
dem-canyon-P,windows,reveal,donorMs,median,10.8552,9.5702,-1.2850000000000001,-0.11837644631144517
dem-canyon-P,windows,reveal,donorMs,p95,18.263259999999995,14.755979999999992,-3.5072800000000033,-0.19204019435741504
dem-canyon-P,windows,reveal,donorMs,max,21.360500000000002,16.569899999999997,-4.790600000000005,-0.224273776362913
dem-canyon-P,windows,reveal,reservationMs,mean,0.3507413793103448,0.3562896551724138,0.005548275862068963,0.01581870913827843
dem-canyon-P,windows,reveal,reservationMs,median,0.2973,0.3526,0.055300000000000016,0.18600739993272786
dem-canyon-P,windows,reveal,reservationMs,p95,0.7604399999999997,0.7382599999999995,-0.0221800000000002,-0.029167324180737753
dem-canyon-P,windows,reveal,reservationMs,max,0.8207000000000001,1.1716,0.3508999999999999,0.4275618374558301
dem-canyon-P,windows,reveal,sampleRepairMs,mean,1.830051724137931,1.7951827586206897,-0.03486896551724139,-0.019053540977737593
dem-canyon-P,windows,reveal,sampleRepairMs,median,1.3198999999999999,1.4587999999999999,0.13890000000000002,0.10523524509432525
dem-canyon-P,windows,reveal,sampleRepairMs,p95,4.59882,4.83206,0.23324000000000034,0.05071735793094767
dem-canyon-P,windows,reveal,sampleRepairMs,max,7.0587,5.7641,-1.2946,-0.18340487625200108
dem-canyon-P,windows,reveal,uploadMs,mean,0.12100689951330423,0.08455172410748642,-0.036455175405817816,-0.3012652629927909
dem-canyon-P,windows,reveal,uploadMs,median,0.012400000356137753,0.009100000374019146,-0.0032999999821186066,-0.2661290231725818
dem-canyon-P,windows,reveal,uploadMs,p95,0.8404000341892214,0.6352000296115854,-0.20520000457763599,-0.2441694386359745
dem-canyon-P,windows,reveal,uploadMs,max,1.801900029182434,1.136199951171875,-0.6657000780105591,-0.36944340264681796
