frame,thread,records,boundsBuilds,exactBuilds,boundsSides,exactSides,boundsHeights,exactHeights
3,2,6,6,6,596,65,142,14
3,2,6,6,6,775,83,136,10
3,2,12,12,12,33535,673,3268,92
4,2,6,6,6,310,40,62,6
4,2,6,6,6,396,54,88,10
5,2,6,6,6,365,42,68,12
5,2,6,6,6,396,54,88,10
5,2,6,6,6,335,69,78,14
6,2,6,5,4,60,12,14,6
6,2,6,6,4,111,18,28,8
6,2,4,3,3,72,16,22,8
6,2,20,20,19,3582,236,388,214
6,2,6,6,3,67,10,10,4
6,2,12,12,12,10410,402,868,20
7,2,6,6,4,111,18,28,8
7,2,6,6,6,310,40,62,6
7,2,6,3,2,64,14,16,0
7,2,6,6,3,67,10,10,4
8,2,6,3,3,123,23,34,6
8,2,6,6,5,326,42,52,0
8,2,8,8,8,12213,407,1700,128
8,2,6,6,3,67,10,10,4
9,2,6,6,6,310,40,62,6
9,2,6,6,6,396,54,88,10
9,2,6,3,2,64,14,16,0
9,2,12,12,12,5176,280,452,12
10,2,6,6,6,310,40,62,6
10,2,6,6,6,396,54,88,10
10,2,12,12,12,4386,276,260,44
10,2,12,12,12,13628,488,1668,84
11,2,6,5,4,60,12,14,6
11,2,6,6,4,111,18,28,8
11,2,4,3,3,72,16,22,8
11,2,20,20,19,2578,199,286,132
11,2,12,12,12,18830,559,1700,148
11,2,12,12,12,15730,516,1300,92
12,2,6,6,6,310,40,62,6
12,2,6,3,3,170,28,52,0
12,2,6,6,6,365,42,68,12
12,2,6,6,6,396,54,88,10
12,2,6,6,6,335,69,78,14
12,2,12,12,12,16804,451,1268,12
12,2,12,12,12,10238,398,868,88
12,2,12,12,12,6840,316,468,40
12,2,12,12,12,15691,465,1268,32
13,2,6,6,6,310,40,62,6
13,2,6,6,3,67,10,10,0
13,2,12,12,12,12108,482,1668,12
14,2,6,6,3,67,11,10,2
14,2,6,6,6,360,50,78,2
14,2,12,12,12,15090,488,1300,84
14,2,12,12,12,13628,488,1668,12
15,2,6,6,3,67,10,10,0
15,2,12,12,12,10354,438,900,80
15,2,6,3,3,152,41,40,8
15,2,12,12,12,13532,504,1668,4
15,2,6,6,5,306,42,42,12
15,2,12,12,12,16804,451,1268,92
16,2,6,6,6,148,26,22,0
16,2,6,6,4,66,12,12,2
16,2,6,6,3,67,10,10,0
16,2,4,4,3,42,10,10,0
16,2,18,18,17,4699,203,570,274
16,2,16,16,9,793,43,58,10
16,2,18,11,4,168,12,12,2
16,2,6,3,3,176,41,46,10
16,2,6,6,6,1308,101,254,18
16,2,12,12,12,22275,615,2500,168
17,2,6,5,4,60,12,14,6
17,2,6,6,4,111,18,28,8
17,2,4,3,3,72,16,22,8
17,2,20,20,19,2578,199,286,132
17,2,12,12,12,10780,414,868,76
17,2,12,12,12,13532,504,1668,76
17,2,12,12,12,16804,451,1268,32
17,2,12,12,12,14818,437,1268,88
17,2,12,12,12,7152,332,468,68
18,2,12,12,12,8302,335,644,52
18,2,6,6,6,12979,387,2402,108
18,2,12,12,12,14270,383,1044,32
18,2,12,12,12,7357,348,660,44
19,2,6,6,5,306,42,42,12
19,2,6,3,3,57,15,16,2
19,2,12,12,12,3863,216,192,40
19,2,12,12,12,13532,504,1668,56
19,2,6,6,6,678,78,130,14
20,2,6,6,6,803,69,172,12
20,2,12,12,12,10238,398,868,80
20,2,12,12,12,20450,622,2468,108
21,2,6,6,6,12979,387,2402,108
21,2,12,12,12,10238,398,868,68
21,2,6,3,3,63,15,18,2
21,2,12,12,12,7405,356,676,28
21,2,12,12,12,10410,402,868,56
21,2,6,6,4,249,28,38,0
21,2,12,12,12,11880,392,868,40
22,2,6,3,3,57,15,16,2
22,2,6,6,6,12979,387,2402,108
22,2,12,12,12,11942,450,1252,76
22,2,12,12,12,18977,565,1700,116
22,2,12,12,12,31734,876,3332,32
23,2,6,6,6,596,65,142,14
23,2,12,12,12,13628,488,1668,44
23,2,6,5,5,522,52,114,16
23,2,6,3,3,258,31,76,10
23,2,6,6,6,671,61,142,6
23,2,12,12,12,13532,504,1668,48
23,2,12,12,12,23752,638,2500,120
23,2,12,12,12,35952,696,3268,52
24,2,6,6,6,1327,87,242,6
24,2,12,12,12,10354,438,900,136
24,2,12,12,12,19965,591,1700,216
24,2,12,12,12,13532,504,1668,68
24,2,6,6,6,2522,149,488,18
25,2,6,6,6,1327,87,242,6
25,2,12,12,12,16213,521,1300,212
25,2,6,6,6,1959,178,396,58
25,2,6,6,6,479,67,106,10
25,2,6,3,3,32,11,10,2
25,2,12,12,12,35896,704,3268,216
26,2,6,6,6,596,65,142,14
26,2,6,6,6,2522,149,488,18
26,2,6,3,2,64,14,16,0
26,2,12,12,12,35952,696,3268,188
26,2,12,12,12,11856,400,868,36
26,2,12,12,12,16804,451,1268,32
27,2,6,3,3,32,11,10,2
27,2,12,12,12,16057,457,1252,68
27,2,12,12,12,13628,488,1668,36
27,2,12,12,12,35896,704,3268,128
27,2,12,12,12,20450,622,2468,36
27,2,12,12,12,19631,555,1700,36
28,2,12,12,12,18830,559,1700,208
28,2,6,6,3,108,15,16,2
28,2,12,12,12,18830,559,1700,168
28,2,12,12,12,13628,488,1668,84
28,2,12,12,12,20450,622,2468,32
28,2,6,6,4,430,36,80,8
28,2,6,6,6,1124,114,246,10
28,2,6,6,6,222,34,42,2
28,2,4,4,4,717,86,174,14
28,2,18,18,18,8024,343,730,144
28,2,18,18,18,14891,432,1320,402
28,2,14,14,14,5902,362,680,234
29,2,6,6,6,742,71,136,10
29,2,6,3,3,75,25,24,10
29,2,6,6,5,1890,122,418,24
29,2,12,12,12,49134,947,4900,104
29,2,12,12,12,16804,451,1268,24
29,2,12,12,12,13532,504,1668,24
29,2,12,12,12,20096,610,2500,72
30,2,6,6,6,596,65,142,14
30,2,12,12,12,10354,438,900,132
30,2,12,12,12,11942,450,1252,56
30,2,12,12,12,35952,696,3268,144
30,2,12,12,12,42724,936,6404,144
31,2,6,3,3,78,19,24,10
31,2,12,12,12,10354,438,900,168
31,2,12,12,12,20032,597,1700,128
31,2,12,12,12,10238,398,868,92
31,2,6,3,3,278,48,82,20
31,2,12,12,12,13722,488,1668,52
31,2,12,12,12,7148,316,468,44
31,2,6,6,4,188,24,36,6
3,3,12,12,12,12895,473,1300,148
3,3,6,6,6,2416,129,422,18
4,3,12,12,12,33535,673,3268,64
5,3,6,6,6,310,40,62,6
5,3,12,12,12,16638,538,1700,140
6,3,6,6,6,310,40,62,6
6,3,6,6,6,775,83,136,10
6,3,12,12,12,5958,271,348,32
7,3,6,5,4,60,12,14,6
7,3,6,6,4,111,18,28,8
7,3,4,3,3,72,16,22,8
7,3,20,20,19,2578,199,286,132
8,3,6,6,5,326,42,52,0
8,3,12,12,12,10354,438,900,124
9,3,12,12,12,6840,316,468,44
9,3,6,3,2,64,14,16,0
9,3,12,12,12,5128,288,452,8
9,3,12,12,12,13532,504,1668,4
10,3,6,3,3,170,28,52,0
10,3,6,3,3,170,28,52,0
10,3,12,12,12,13628,488,1668,36
11,3,6,6,6,310,40,62,6
11,3,6,6,3,67,11,10,2
11,3,6,5,4,60,12,14,6
11,3,12,12,12,13532,504,1668,84
11,3,6,6,6,360,50,78,2
11,3,12,12,12,13532,504,1668,40
12,3,6,6,3,67,11,10,2
12,3,12,12,12,6914,320,468,76
12,3,12,12,12,15691,465,1268,36
12,3,12,12,12,13532,504,1668,40
12,3,6,6,3,67,10,10,0
13,3,6,3,3,170,28,52,0
13,3,6,6,6,360,50,78,2
13,3,12,12,12,6914,320,468,96
13,3,12,12,12,11856,400,868,52
14,3,6,6,6,596,65,142,14
14,3,6,6,3,67,10,10,0
14,3,6,6,4,113,15,16,2
14,3,12,12,12,10484,434,868,36
14,3,12,12,12,10354,438,900,144
15,3,6,6,6,360,50,78,2
15,3,12,12,12,18830,559,1700,76
15,3,6,3,3,152,41,40,8
15,3,12,12,12,13532,504,1668,4
15,3,12,12,12,15691,465,1268,8
15,3,12,12,12,5128,288,452,36
16,3,6,6,6,596,65,142,14
16,3,6,5,4,53,12,12,2
16,3,12,12,12,18977,565,1700,132
16,3,6,3,3,57,15,16,2
16,3,12,12,12,16804,451,1268,40
16,3,12,12,12,7405,356,676,20
16,3,12,12,12,11856,400,868,44
16,3,6,3,2,64,14,16,0
16,3,6,6,6,12979,387,2402,108
17,3,6,6,6,360,50,78,2
17,3,6,6,6,310,40,62,6
17,3,12,12,12,9424,436,900,112
17,3,6,5,4,60,12,14,6
17,3,12,12,12,13532,504,1668,76
17,3,12,12,12,16804,451,1268,32
17,3,12,12,12,20032,594,2468,0
17,3,12,12,12,7152,332,468,68
18,3,6,6,6,596,65,142,14
18,3,12,12,12,4160,236,244,56
18,3,12,12,12,10780,414,868,132
18,3,12,12,12,4160,236,244,56
18,3,12,12,12,7357,348,660,44
19,3,6,6,5,306,42,42,12
19,3,6,6,6,803,69,172,12
19,3,6,5,4,60,12,14,6
19,3,6,6,6,947,91,196,4
19,3,6,6,6,287,49,54,4
19,3,6,6,6,678,78,130,14
20,3,6,6,4,111,18,28,8
20,3,6,3,3,57,15,16,2
20,3,6,6,6,596,65,142,14
20,3,6,6,6,678,78,130,14
20,3,12,12,12,10238,398,868,80
20,3,6,6,6,1905,151,440,26
20,3,12,12,12,13628,488,1668,80
20,3,12,12,12,8163,342,660,0
20,3,6,3,2,64,14,16,0
20,3,6,3,2,64,14,16,0
20,3,6,3,3,63,15,18,2
21,3,6,3,3,57,15,16,2
21,3,6,6,6,310,40,62,6
21,3,6,6,6,1905,151,440,26
21,3,6,6,6,1327,87,242,6
21,3,12,12,12,7405,356,676,28
21,3,12,12,12,13532,504,1668,28
21,3,12,12,12,35952,696,3268,124
22,3,6,6,6,12979,387,2402,108
22,3,6,6,3,137,16,22,0
22,3,6,5,5,687,71,194,22
22,3,12,12,12,7152,332,468,88
22,3,12,12,12,6914,320,468,84
22,3,12,12,12,13532,504,1668,88
22,3,12,12,12,10238,398,868,92
23,3,8,8,8,3227,171,244,96
23,3,6,6,6,310,40,62,6
23,3,12,12,12,7790,347,676,148
23,3,6,3,2,64,14,16,0
23,3,12,12,12,35952,696,3268,100
23,3,6,5,5,497,48,108,4
23,3,12,12,12,13628,488,1668,28
23,3,12,12,12,15691,465,1268,84
24,3,6,6,6,1327,87,242,6
24,3,6,5,5,522,52,114,16
24,3,6,3,3,258,31,76,10
24,3,6,6,6,671,61,142,6
24,3,12,12,12,18977,565,1700,120
24,3,6,6,5,278,41,38,16
24,3,6,6,5,399,53,88,4
24,3,12,12,12,19792,603,1700,96
24,3,6,6,6,842,82,166,12
24,3,6,6,6,1959,178,396,58
25,3,12,12,12,6840,316,468,84
25,3,6,6,6,310,40,62,6
25,3,12,12,12,11993,396,868,88
25,3,6,6,6,1959,178,396,58
25,3,6,5,5,367,51,84,2
25,3,12,12,12,15691,465,1268,64
25,3,12,12,12,31226,724,3268,80
26,3,6,5,5,497,48,108,4
26,3,6,5,5,367,51,84,2
26,3,6,3,2,64,14,16,0
26,3,6,3,3,32,11,10,2
26,3,12,12,12,35952,696,3268,188
26,3,12,12,12,11856,400,868,36
26,3,12,12,12,11856,400,868,40
27,3,6,5,5,497,48,108,4
27,3,6,6,6,479,67,106,10
27,3,12,12,12,6840,316,468,72
27,3,6,6,6,2812,148,522,4
27,3,12,12,12,20538,630,2500,92
27,3,12,12,12,35952,696,3268,104
27,3,12,12,12,16974,500,1300,24
28,3,8,8,8,2981,160,244,96
28,3,6,6,6,2812,148,522,4
28,3,12,12,12,13628,488,1668,116
28,3,12,12,12,49134,947,4900,56
29,3,6,6,5,214,35,34,4
29,3,6,6,5,404,36,60,6
29,3,12,12,12,23752,638,2500,64
29,3,12,12,12,11856,400,868,20
29,3,12,12,12,15730,516,1300,156
29,3,6,3,3,78,19,24,10
29,3,12,12,12,13628,488,1668,56
29,3,6,3,3,146,40,38,18
30,3,6,6,6,596,65,142,14
30,3,12,12,12,10354,438,900,60
30,3,12,12,12,7152,332,468,56
30,3,12,12,12,10238,398,868,40
30,3,12,12,12,35952,696,3268,40
30,3,12,12,12,42724,936,6404,144
31,3,12,12,12,18977,565,1700,140
31,3,12,12,12,10354,438,900,140
31,3,12,12,12,13628,488,1668,28
31,3,6,5,4,521,42,104,4
31,3,12,12,12,20096,610,2500,84
3,4,6,6,6,596,65,142,14
3,4,6,6,3,67,10,10,4
4,4,12,12,12,6087,303,468,104
4,4,6,3,2,64,14,16,0
4,4,6,3,3,36,11,10,0
5,4,6,6,5,129,25,22,18
5,4,6,5,5,302,41,64,24
5,4,4,3,3,72,16,22,8
5,4,6,6,6,596,65,142,14
5,4,6,6,6,396,54,88,10
5,4,6,3,2,64,14,16,0
5,4,6,3,3,88,25,24,4
5,4,12,12,12,7090,312,468,64
6,4,12,12,12,14367,483,1300,140
6,4,6,3,2,64,14,16,0
6,4,12,12,12,5958,271,348,32
7,4,6,6,3,67,10,10,4
7,4,6,3,3,36,11,10,0
8,4,6,5,4,60,12,14,6
8,4,6,6,4,111,18,28,8
8,4,4,3,3,72,16,22,8
8,4,20,20,19,2578,199,286,132
8,4,6,6,6,396,54,88,10
8,4,6,6,3,67,10,10,4
8,4,6,6,6,481,71,112,16
8,4,12,12,12,15090,488,1300,0
9,4,12,12,12,6840,316,468,44
9,4,6,6,6,365,42,68,12
9,4,6,6,6,396,54,88,10
9,4,6,6,6,335,69,78,14
9,4,12,12,12,5176,280,452,12
10,4,6,6,6,596,65,142,14
10,4,12,12,12,13628,488,1668,36
11,4,6,6,6,310,40,62,6
11,4,6,6,6,458,57,96,10
11,4,12,12,12,10354,438,900,128
11,4,12,12,12,16974,500,1300,76
11,4,12,12,12,13532,504,1668,40
12,4,6,5,4,60,12,14,6
12,4,6,6,4,111,18,28,8
12,4,4,3,3,72,16,22,8
12,4,20,20,19,2578,199,286,132
12,4,6,6,6,396,54,88,10
12,4,12,12,12,16804,451,1268,12
12,4,12,12,12,13628,488,1668,76
12,4,6,6,3,67,10,10,0
13,4,6,5,4,60,12,14,6
13,4,6,6,4,111,18,28,8
13,4,4,3,3,72,16,22,8
13,4,20,20,19,2578,199,286,132
13,4,6,6,6,396,54,88,10
13,4,12,12,12,6914,320,468,96
13,4,12,12,12,11856,400,868,52
14,4,6,5,4,60,12,14,6
14,4,6,6,4,111,18,28,8
14,4,4,3,3,72,16,22,8
14,4,20,20,19,2578,199,286,132
14,4,6,6,6,396,54,88,10
14,4,12,12,12,13628,488,1668,12
14,4,6,5,4,60,12,14,6
15,4,6,6,3,67,11,10,2
15,4,6,6,3,67,10,10,0
15,4,6,6,6,365,42,68,12
15,4,6,6,6,396,54,88,10
15,4,6,6,6,335,69,78,14
15,4,12,12,12,15691,465,1268,48
15,4,6,5,4,53,12,12,2
15,4,6,6,5,306,42,42,12
15,4,12,12,12,5128,288,452,20
15,4,6,6,6,803,78,168,14
16,4,6,6,4,111,18,28,8
16,4,6,6,6,360,50,78,2
16,4,12,12,12,10780,414,868,40
16,4,12,12,12,12287,469,1668,48
16,4,12,12,12,11880,392,868,28
16,4,12,12,12,16804,451,1268,40
16,4,12,12,12,11880,392,868,32
16,4,12,12,12,16804,451,1268,68
17,4,6,6,6,310,40,62,6
17,4,6,3,3,57,15,16,2
17,4,12,12,12,6914,320,468,80
17,4,6,6,6,371,61,76,14
17,4,12,12,12,5128,288,452,36
17,4,12,12,12,13532,504,1668,96
17,4,12,12,12,11880,392,868,56
17,4,12,12,12,12108,482,1668,44
18,4,6,6,5,306,42,42,12
18,4,6,3,3,57,15,16,2
18,4,12,12,12,10238,398,868,116
18,4,6,6,6,803,69,172,12
18,4,12,12,12,20538,630,2500,100
19,4,6,6,4,111,18,28,8
19,4,6,6,6,310,40,62,6
19,4,12,12,12,6914,320,468,44
19,4,12,12,12,35952,696,3268,108
20,4,6,5,4,60,12,14,6
20,4,6,6,4,111,18,28,8
20,4,4,3,3,72,16,22,8
20,4,20,20,19,2578,199,286,132
20,4,6,5,4,60,12,14,6
20,4,6,6,6,1905,151,440,26
20,4,12,12,12,20450,622,2468,108
20,4,12,12,12,23752,638,2500,92
21,4,6,3,3,57,15,16,2
21,4,6,6,6,596,65,142,14
21,4,6,6,6,947,91,196,4
21,4,6,6,6,1905,151,440,26
21,4,12,12,12,10238,398,868,68
21,4,12,12,12,13628,488,1668,100
21,4,6,3,2,64,14,16,0
21,4,6,6,4,249,28,38,0
21,4,12,12,12,10936,470,900,116
22,4,6,6,4,111,18,28,8
22,4,12,12,12,8364,331,668,100
22,4,12,12,12,7152,332,468,88
22,4,12,12,12,15691,465,1268,104
22,4,12,12,12,11856,400,868,0
22,4,12,12,12,31734,876,3332,32
23,4,12,12,12,13018,494,1252,44
23,4,6,3,3,63,15,18,2
23,4,12,12,12,10238,398,868,72
23,4,12,12,12,11856,400,868,100
23,4,12,12,12,20032,597,1700,132
23,4,12,12,12,13628,488,1668,44
23,4,6,6,6,1365,125,340,14
23,4,12,12,12,15691,465,1268,84
24,4,6,6,6,596,65,142,14
24,4,12,12,12,5985,287,356,88
24,4,12,12,12,18977,565,1700,120
24,4,6,3,2,64,14,16,0
24,4,12,12,12,19792,603,1700,136
24,4,6,6,6,842,82,166,12
24,4,12,12,12,35952,696,3268,144
25,4,6,3,3,63,15,18,2
25,4,6,6,6,310,40,62,6
25,4,6,6,6,248,43,50,10
25,4,6,6,6,842,82,166,12
25,4,6,6,3,67,11,10,0
25,4,12,12,12,10354,438,900,144
25,4,12,12,12,35896,704,3268,168
25,4,12,12,12,15691,465,1268,40
26,4,6,6,6,310,40,62,6
26,4,6,6,6,842,82,166,12
26,4,6,6,6,479,67,106,10
26,4,6,3,3,32,11,10,2
26,4,6,6,6,6946,295,1322,84
26,4,12,12,12,19875,609,1700,156
26,4,12,12,12,19792,603,1700,0
27,4,6,6,6,310,40,62,6
27,4,6,6,6,2522,149,488,18
27,4,6,6,6,742,71,136,10
27,4,6,3,3,90,19,24,0
27,4,6,6,5,500,49,70,2
27,4,6,6,6,470,50,70,2
27,4,4,4,4,332,50,68,2
27,4,18,18,18,8202,309,948,304
27,4,14,10,10,806,60,76,6
27,4,12,12,12,16974,500,1300,24
28,4,12,12,12,18830,559,1700,208
28,4,12,12,12,10354,438,900,96
28,4,6,6,5,214,35,34,4
28,4,12,12,12,15038,445,1268,60
28,4,6,6,6,1583,131,372,50
28,4,12,12,12,40260,914,6404,220
29,4,6,6,5,214,35,34,4
29,4,6,3,3,162,22,48,2
29,4,12,12,12,18830,559,1700,104
29,4,12,12,12,11856,400,868,20
29,4,12,12,12,23752,638,2500,100
29,4,12,12,12,19792,603,1700,140
29,4,12,12,12,35952,696,3268,104
30,4,12,12,12,10354,438,900,60
30,4,6,6,6,432,61,96,14
30,4,12,12,12,35952,696,3268,44
30,4,12,12,12,35952,696,3268,100
31,4,6,6,6,596,65,142,14
31,4,6,3,3,162,22,48,2
31,4,12,12,12,18977,565,1700,140
31,4,6,6,6,2379,157,488,8
31,4,12,12,12,10238,398,868,92
31,4,12,12,12,35896,704,3268,60
3,5,6,6,6,2416,129,422,18
3,5,12,12,12,19875,609,1700,60
4,5,12,12,12,33535,673,3268,64
4,5,6,6,6,1386,97,342,14
5,5,12,12,12,18879,584,1700,144
5,5,6,6,3,67,10,10,4
6,5,6,6,6,596,65,142,14
6,5,6,6,6,775,83,136,10
6,5,6,6,6,396,54,88,10
6,5,6,3,2,64,14,16,0
6,5,6,3,3,88,25,24,4
6,5,12,12,12,4160,236,244,24
7,5,6,6,6,481,71,112,16
8,5,6,6,6,596,65,142,14
8,5,12,12,12,21736,609,2484,156
8,5,6,6,6,481,71,112,16
8,5,12,12,12,15691,465,1268,52
9,5,6,6,6,310,40,62,6
9,5,6,6,6,596,65,142,14
9,5,6,6,6,1039,99,230,26
9,5,12,12,12,15038,445,1268,140
10,5,6,6,4,111,18,28,8
10,5,6,6,6,310,40,62,6
10,5,6,5,4,60,12,14,6
10,5,6,6,3,67,11,10,2
10,5,6,3,2,64,14,16,0
11,5,6,6,6,396,54,88,10
11,5,12,12,12,18830,559,1700,148
11,5,12,12,12,15730,516,1300,92
12,5,6,6,6,596,65,142,14
12,5,6,6,3,67,11,10,2
12,5,12,12,12,10238,398,868,64
12,5,6,6,6,360,50,78,2
12,5,12,12,12,13628,488,1668,0
12,5,12,12,12,13532,504,1668,40
12,5,12,12,12,11880,392,868,44
13,5,6,6,4,111,18,28,8
13,5,6,6,6,458,57,96,10
13,5,6,6,3,67,11,10,2
13,5,6,6,6,365,42,68,12
13,5,6,6,6,396,54,88,10
13,5,6,6,6,335,69,78,14
13,5,6,6,6,688,70,138,16
13,5,12,12,12,13532,504,1668,32
14,5,6,6,6,310,40,62,6
14,5,6,6,4,113,15,16,2
14,5,12,12,12,10484,434,868,36
14,5,12,12,12,10354,438,900,144
15,5,6,6,6,596,65,142,14
15,5,12,12,12,15730,516,1300,48
15,5,12,12,12,7357,348,660,0
15,5,12,12,12,35896,704,3268,132
15,5,12,12,12,5128,288,452,36
16,5,6,6,3,67,10,10,0
16,5,6,6,6,365,42,68,12
16,5,6,6,6,396,54,88,10
16,5,6,6,6,335,69,78,14
16,5,6,6,5,306,42,42,12
16,5,12,12,12,4304,244,244,40
16,5,12,12,12,11880,392,868,28
16,5,6,3,3,57,15,16,2
16,5,12,12,12,13532,504,1668,56
16,5,12,12,12,7405,356,676,20
16,5,12,12,12,11856,400,868,44
16,5,6,3,2,64,14,16,0
17,5,6,6,4,111,18,28,8
17,5,6,5,4,53,12,12,2
17,5,6,3,3,57,15,16,2
17,5,12,12,12,6914,320,468,80
17,5,6,6,6,12979,387,2402,108
17,5,12,12,12,11880,392,868,56
17,5,12,12,12,9424,436,900,112
18,5,6,6,6,360,50,78,2
18,5,6,6,5,306,42,42,12
18,5,12,12,12,11880,392,868,4
18,5,12,12,12,7152,332,468,88
18,5,12,12,12,14270,383,1044,32
18,5,6,6,6,947,91,196,4
19,5,6,6,6,360,50,78,2
19,5,6,6,6,596,65,142,14
19,5,6,6,6,803,69,172,12
19,5,12,12,12,35952,696,3268,108
20,5,6,6,6,360,50,78,2
20,5,6,6,6,803,69,172,12
20,5,6,6,6,947,91,196,4
20,5,6,6,5,201,44,44,20
20,5,12,12,12,35952,696,3268,120
20,5,12,12,12,8163,342,660,0
20,5,6,6,6,1327,87,242,6
20,5,12,12,12,13628,488,1668,88
21,5,6,5,4,60,12,14,6
21,5,6,6,4,111,18,28,8
21,5,4,3,3,72,16,22,8
21,5,20,20,19,2578,199,286,132
21,5,12,12,12,13628,488,1668,88
21,5,6,3,3,63,15,18,2
21,5,12,12,12,10238,398,868,68
21,5,12,12,12,11856,400,868,52
21,5,12,12,12,11880,392,868,40
22,5,6,6,6,310,40,62,6
22,5,12,12,12,9079,351,644,48
22,5,6,3,3,63,15,18,2
22,5,12,12,12,10354,438,900,168
22,5,12,12,12,20032,597,1700,128
22,5,12,12,12,35952,696,3268,156
23,5,6,3,3,57,15,16,2
23,5,6,6,6,1327,87,242,6
23,5,6,5,4,237,26,48,4
23,5,6,3,2,64,14,16,0
23,5,12,12,12,35952,696,3268,240
23,5,12,12,12,13628,488,1668,28
23,5,6,5,5,392,52,94,4
23,5,12,12,12,35952,696,3268,52
24,5,6,6,6,596,65,142,14
24,5,12,12,12,4657,206,348,100
24,5,6,5,5,497,48,108,4
24,5,12,12,12,10238,398,868,92
24,5,6,6,5,278,41,38,16
24,5,12,12,12,15691,465,1268,112
24,5,12,12,12,35952,696,3268,164
25,5,12,12,12,6840,316,468,84
25,5,6,6,6,596,65,142,14
25,5,6,6,6,842,82,166,12
25,5,6,6,3,67,11,10,0
25,5,12,12,12,10354,438,900,144
25,5,12,12,12,35896,704,3268,168
25,5,12,12,12,35896,704,3268,120
26,5,6,6,6,596,65,142,14
26,5,6,6,6,479,67,106,10
26,5,6,6,6,538,53,102,12
26,5,6,6,6,531,73,124,26
26,5,12,12,12,11740,433,1268,124
26,5,6,6,6,742,71,136,10
26,5,6,6,6,742,71,136,10
26,5,12,12,12,10780,414,868,76
26,5,12,12,12,19792,603,1700,0
27,5,6,6,6,1959,178,396,58
27,5,6,6,6,1052,89,210,10
27,5,12,12,12,20450,622,2468,96
27,5,6,6,3,108,15,16,2
27,5,6,6,3,108,15,16,2
27,5,12,12,12,31502,788,3268,120
27,5,12,12,12,20450,622,2468,36
28,5,6,6,6,310,40,62,6
28,5,6,3,3,32,11,10,2
28,5,12,12,12,10354,438,900,124
28,5,12,12,12,18977,565,1700,160
28,5,12,12,12,11558,438,1252,56
28,5,12,12,12,35896,704,3268,20
28,5,12,12,12,35896,704,3268,48
29,5,6,6,6,310,40,62,6
29,5,6,6,3,108,15,16,2
29,5,6,3,3,75,25,24,10
29,5,12,12,12,20538,630,2500,104
29,5,12,12,12,13628,488,1668,8
29,5,12,12,12,13628,488,1668,60
29,5,12,12,12,23752,638,2500,68
29,5,12,12,12,13532,504,1668,24
29,5,12,12,12,20096,610,2500,72
30,5,6,6,6,742,71,136,10
30,5,6,3,3,162,22,48,2
30,5,12,12,12,7152,332,468,56
30,5,6,6,6,809,78,170,8
30,5,12,12,12,19746,561,1700,120
30,5,12,12,12,35952,696,3268,100
30,5,12,12,12,13532,504,1668,76
31,5,6,6,6,596,65,142,14
31,5,12,12,12,10354,438,900,168
31,5,12,12,12,20032,597,1700,140
31,5,12,12,12,10780,414,868,72
31,5,12,12,12,13532,504,1668,24
31,5,12,12,12,7186,336,468,40
3,6,6,6,6,310,40,62,6
3,6,6,6,6,775,83,136,10
4,6,6,6,6,596,65,142,14
4,6,6,6,6,365,42,68,12
4,6,6,6,6,396,54,88,10
4,6,6,6,6,335,69,78,14
4,6,6,6,3,67,10,10,4
5,6,6,6,6,596,65,142,14
5,6,6,6,6,775,83,136,10
5,6,6,3,3,36,11,10,0
6,6,6,6,4,111,18,28,8
6,6,12,12,12,16004,493,1252,116
6,6,6,3,3,36,11,10,0
7,6,6,6,6,596,65,142,14
7,6,6,3,2,64,14,16,0
7,6,12,12,12,13532,504,1668,56
8,6,6,6,6,1039,99,230,26
8,6,12,12,12,10354,438,900,124
9,6,6,6,4,111,18,28,8
9,6,6,6,6,596,65,142,14
9,6,6,5,4,60,12,14,6
9,6,12,12,12,5128,288,452,8
9,6,12,12,12,13532,504,1668,4
10,6,6,5,4,60,12,14,6
10,6,6,6,4,111,18,28,8
10,6,4,3,3,72,16,22,8
10,6,20,20,19,2578,199,286,132
10,6,6,6,6,458,57,96,10
11,6,6,6,6,596,65,142,14
11,6,6,6,6,365,42,68,12
11,6,6,6,6,396,54,88,10
11,6,6,6,6,335,69,78,14
11,6,12,12,12,11880,392,868,28
11,6,12,12,12,11856,400,868,40
11,6,6,6,6,360,50,78,2
12,6,6,6,6,310,40,62,6
12,6,12,12,12,6840,316,468,72
12,6,6,6,6,360,50,78,2
12,6,6,5,4,60,12,14,6
12,6,12,12,12,10238,398,868,88
12,6,12,12,12,6840,316,468,40
12,6,12,12,12,11880,392,868,44
13,6,6,6,3,67,11,10,2
13,6,6,6,3,67,10,10,0
13,6,6,6,6,688,70,138,16
13,6,12,12,12,12108,482,1668,12
13,6,12,12,12,13628,488,1668,60
14,6,6,6,3,67,11,10,2
14,6,6,6,3,67,10,10,0
14,6,12,12,12,16804,451,1268,84
14,6,12,12,12,7291,344,676,104
15,6,6,6,3,67,11,10,2
15,6,6,6,6,596,65,142,14
15,6,12,12,12,10354,438,900,80
15,6,12,12,12,35952,696,3268,56
15,6,6,6,6,803,78,168,14
16,6,6,6,6,310,40,62,6
16,6,12,12,12,10780,414,868,40
16,6,12,12,12,13532,504,1668,88
16,6,12,12,12,10238,398,868,116
16,6,12,12,12,11880,392,868,32
16,6,12,12,12,13532,504,1668,12
16,6,12,12,12,13532,504,1668,80
17,6,6,6,6,596,65,142,14
17,6,12,12,12,10780,414,868,88
17,6,12,12,12,6840,316,468,92
17,6,12,12,12,35952,696,3268,160
17,6,12,12,12,12108,482,1668,44
18,6,6,5,4,60,12,14,6
18,6,6,6,4,111,18,28,8
18,6,4,3,3,72,16,22,8
18,6,20,20,19,2578,199,286,132
18,6,6,5,4,60,12,14,6
18,6,12,12,12,11880,392,868,4
18,6,12,12,12,7152,332,468,88
18,6,12,12,12,8302,335,644,52
19,6,6,5,4,60,12,14,6
19,6,6,6,4,111,18,28,8
19,6,4,3,3,72,16,22,8
19,6,20,20,19,2578,199,286,132
19,6,12,12,12,13532,504,1668,56
19,6,12,12,12,20096,610,2500,144
20,6,6,3,3,57,15,16,2
20,6,6,6,6,310,40,62,6
20,6,6,6,6,947,91,196,4
20,6,12,12,12,37911,725,4068,188
20,6,12,12,12,23752,638,2500,92
20,6,12,12,12,13532,504,1668,36
21,6,6,6,6,596,65,142,14
21,6,6,5,4,60,12,14,6
21,6,12,12,12,20032,597,1700,160
21,6,12,12,12,11880,392,868,44
21,6,12,12,12,35896,704,3268,128
22,6,6,6,6,596,65,142,14
22,6,6,6,5,531,49,108,6
22,6,6,3,3,63,15,18,2
22,6,12,12,12,8364,331,668,100
22,6,12,12,12,20032,597,1700,128
22,6,6,5,4,237,26,48,4
23,6,6,3,3,57,15,16,2
23,6,6,6,6,1327,87,242,6
23,6,6,5,4,237,26,48,4
23,6,12,12,12,35952,696,3268,100
23,6,6,5,5,497,48,108,4
23,6,12,12,12,13628,488,1668,44
23,6,12,12,12,18830,559,1700,120
24,6,6,3,3,63,15,18,2
24,6,12,12,12,10354,438,900,136
24,6,12,12,12,10780,414,868,80
24,6,12,12,12,23752,638,2500,192
24,6,6,6,6,1959,178,396,58
25,6,6,6,6,1327,87,242,6
25,6,6,5,5,497,48,108,4
25,6,6,3,2,64,14,16,0
25,6,6,6,6,2522,149,488,18
25,6,6,3,3,106,25,28,8
25,6,12,12,12,19792,603,1700,144
25,6,12,12,12,11856,400,868,48
25,6,6,6,6,1095,89,212,10
25,6,6,6,6,1004,95,212,14
25,6,6,6,6,1034,68,160,26
25,6,4,4,4,580,66,140,20
25,6,18,18,18,7697,312,792,202
25,6,14,14,14,3858,199,440,106
26,6,6,6,6,1327,87,242,6
26,6,6,6,6,2522,149,488,18
26,6,12,12,12,11740,433,1268,124
26,6,12,12,12,18830,559,1700,188
26,6,12,12,12,20096,610,2500,156
27,6,6,6,6,596,65,142,14
27,6,6,6,6,479,67,106,10
27,6,6,3,2,64,14,16,0
27,6,12,12,12,6840,316,468,72
27,6,6,5,5,624,64,160,14
27,6,6,5,4,103,18,22,6
27,6,6,6,5,237,44,52,10
27,6,4,4,4,603,72,146,14
27,6,18,18,14,3519,155,348,74
27,6,14,14,14,3371,208,446,106
27,6,18,18,18,9275,361,940,314
28,6,6,6,6,596,65,142,14
28,6,6,3,3,32,11,10,2
28,6,8,8,8,7178,354,708,188
28,6,12,12,12,10354,438,900,124
28,6,12,12,12,10354,438,900,96
28,6,6,6,5,500,49,70,2
28,6,12,12,12,20450,622,2468,32
28,6,12,12,12,35952,696,3268,176
28,6,6,3,3,75,25,24,10
28,6,6,6,6,809,78,170,8
29,6,6,6,6,742,71,136,10
29,6,6,6,4,430,36,80,8
29,6,6,6,6,1124,114,246,10
29,6,6,6,6,222,34,42,2
29,6,4,4,4,717,86,174,14
29,6,18,18,18,8024,343,730,144
29,6,18,18,18,14891,432,1320,402
29,6,14,14,14,5902,362,680,234
30,6,6,6,6,310,40,62,6
30,6,12,12,12,34820,672,3236,72
30,6,12,12,12,35952,696,3268,44
30,6,12,12,12,13628,488,1668,60
30,6,6,6,6,2379,157,488,8
30,6,12,12,12,20450,622,2468,36
31,6,6,6,6,432,61,96,14
31,6,12,12,12,20032,597,1700,140
31,6,6,6,6,2379,157,488,8
31,6,6,6,4,188,24,36,8
31,6,12,12,12,13532,504,1668,24
31,6,12,12,12,7186,336,468,40
3,7,12,12,12,12895,473,1300,148
4,7,12,12,12,33535,673,3268,92
5,7,6,6,6,310,40,62,6
5,7,6,6,6,775,83,136,10
5,7,6,3,2,64,14,16,0
5,7,6,6,3,67,10,10,4
6,7,6,6,6,596,65,142,14
6,7,6,5,4,60,12,14,6
6,7,12,12,12,16004,493,1252,116
7,7,6,6,6,310,40,62,6
7,7,6,6,6,396,54,88,10
7,7,6,6,6,1548,125,302,36
7,7,12,12,12,19091,607,2468,112
8,7,6,6,6,310,40,62,6
8,7,6,3,2,64,14,16,0
8,7,12,12,12,15090,488,1300,0
9,7,12,12,12,7152,332,468,48
9,7,6,6,3,67,10,10,4
10,7,6,6,6,596,65,142,14
10,7,6,6,6,365,42,68,12
10,7,6,6,6,396,54,88,10
10,7,6,6,6,335,69,78,14
10,7,12,12,12,4386,276,260,44
10,7,6,6,6,458,57,96,10
11,7,6,6,3,67,11,10,2
11,7,12,12,12,10354,438,900,128
11,7,12,12,12,11856,400,868,40
11,7,12,12,12,10354,438,900,132
12,7,6,6,6,458,57,96,10
12,7,12,12,12,10238,398,868,64
12,7,12,12,12,5128,288,452,40
12,7,12,12,12,35896,704,3268,44
12,7,12,12,12,15691,465,1268,32
13,7,6,6,6,310,40,62,6
13,7,12,12,12,18830,559,1700,108
13,7,12,12,12,13532,504,1668,32
14,7,6,6,4,111,18,28,8
14,7,6,6,6,310,40,62,6
14,7,12,12,12,10936,470,900,136
14,7,12,12,12,35896,704,3268,80
15,7,6,6,6,310,40,62,6
15,7,6,6,6,360,50,78,2
15,7,6,6,6,396,54,88,10
15,7,12,12,12,15691,465,1268,48
15,7,6,5,4,53,12,12,2
15,7,12,12,12,16804,451,1268,92
16,7,6,5,4,60,12,14,6
16,7,6,6,4,111,18,28,8
16,7,4,3,3,72,16,22,8
16,7,20,20,19,2578,199,286,132
16,7,6,6,6,396,54,88,10
16,7,6,6,5,306,42,42,12
16,7,12,12,12,13532,504,1668,88
16,7,12,12,12,20032,594,2468,104
16,7,12,12,12,7090,312,468,88
16,7,12,12,12,13532,504,1668,80
17,7,6,5,4,53,12,12,2
17,7,6,6,5,306,42,42,12
17,7,12,12,12,10936,470,900,120
17,7,6,6,6,12979,387,2402,108
17,7,12,12,12,20032,594,2468,0
17,7,6,6,6,1012,74,152,22
17,7,6,6,6,5788,263,1242,108
17,7,6,3,3,57,15,16,4
17,7,4,4,4,3508,176,842,104
18,7,6,6,4,111,18,28,8
18,7,6,6,6,360,50,78,2
18,7,6,6,6,596,65,142,14
18,7,6,3,3,57,15,16,2
18,7,12,12,12,10238,398,868,116
18,7,6,6,6,803,69,172,12
18,7,12,12,12,20538,630,2500,100
18,7,6,6,6,947,91,196,4
19,7,6,6,6,360,50,78,2
19,7,6,6,6,596,65,142,14
19,7,6,6,6,12979,387,2402,108
19,7,12,12,12,23752,638,2500,20
20,7,6,6,6,360,50,78,2
20,7,6,6,6,596,65,142,14
20,7,6,6,6,310,40,62,6
20,7,6,6,6,678,78,130,14
20,7,12,12,12,15691,465,1268,32
20,7,12,12,12,13532,504,1668,96
20,7,12,12,12,13532,504,1668,32
20,7,6,5,5,233,43,38,12
20,7,6,6,5,129,25,22,16
20,7,12,12,12,35896,704,3268,36
21,7,6,6,6,12979,387,2402,108
21,7,12,12,12,10354,438,900,176
21,7,6,6,5,531,49,108,6
21,7,12,12,12,10238,398,868,68
21,7,6,3,2,64,14,16,0
21,7,12,12,12,13532,504,1668,88
21,7,12,12,12,35952,696,3268,68
22,7,6,6,4,111,18,28,8
22,7,6,6,6,947,91,196,4
22,7,6,6,6,596,65,142,14
22,7,6,6,6,1327,87,242,6
22,7,6,6,4,249,28,38,0
22,7,12,12,12,11942,450,1252,76
22,7,6,3,2,64,14,16,0
22,7,12,12,12,13628,488,1668,88
22,7,6,5,4,237,26,48,4
23,7,6,6,6,310,40,62,6
23,7,12,12,12,7790,347,676,148
23,7,12,12,12,13628,488,1668,44
23,7,12,12,12,20032,597,1700,132
23,7,12,12,12,23536,606,2468,60
23,7,12,12,12,18830,559,1700,120
24,7,6,3,3,63,15,18,2
24,7,6,5,4,237,26,48,4
24,7,12,12,12,7186,336,468,96
24,7,12,12,12,10936,470,900,112
24,7,12,12,12,23752,638,2500,192
24,7,12,12,12,13628,488,1668,96
25,7,6,3,3,63,15,18,2
25,7,6,3,2,64,14,16,0
25,7,6,6,6,2522,149,488,18
25,7,6,3,3,106,25,28,8
25,7,6,6,6,538,53,102,12
25,7,6,6,6,531,73,124,26
25,7,12,12,12,13628,488,1668,124
25,7,12,12,12,11856,400,868,48
25,7,12,12,12,23752,638,2500,92
26,7,6,5,5,497,48,108,4
26,7,6,6,6,842,82,166,12
26,7,6,6,6,1959,178,396,58
26,7,6,6,6,6946,295,1322,84
26,7,12,12,12,7357,348,660,24
26,7,12,12,12,10780,414,868,76
26,7,12,12,12,20096,610,2500,156
27,7,6,6,6,310,40,62,6
27,7,6,6,6,2522,149,488,18
27,7,6,6,5,174,44,38,6
27,7,12,12,12,20450,622,2468,124
27,7,6,6,6,2128,115,376,26
27,7,6,6,6,2812,148,522,4
27,7,6,3,3,840,64,224,18
27,7,4,4,4,1036,88,250,18
27,7,18,18,18,11509,404,1176,376
27,7,16,10,8,3040,142,460,116
27,7,18,18,12,7900,222,762,166
28,7,6,6,6,596,65,142,14
28,7,6,6,6,2128,115,376,26
28,7,6,6,6,2812,148,522,4
28,7,6,3,3,840,64,224,18
28,7,4,4,4,1036,88,250,18
28,7,20,20,20,12297,460,1176,376
28,7,16,10,8,3040,142,460,116
28,7,18,18,12,7900,222,762,166
29,7,6,6,6,310,40,62,6
29,7,6,6,5,500,49,70,2
29,7,6,6,6,809,78,170,8
29,7,6,3,3,162,22,48,2
29,7,12,12,12,18830,559,1700,104
29,7,12,12,12,13628,488,1668,60
29,7,12,12,12,11856,400,868,24
29,7,12,12,12,15691,465,1268,40
29,7,12,12,12,10410,402,868,56
30,7,6,6,5,404,36,60,6
30,7,6,3,3,78,19,24,10
30,7,12,12,12,10238,398,868,40
30,7,12,12,12,11942,450,1252,56
30,7,12,12,12,35952,696,3268,88
30,7,6,6,6,2379,157,488,8
30,7,6,6,5,684,65,114,26
31,7,6,6,6,310,40,62,6
31,7,6,3,3,78,19,24,10
31,7,12,12,12,19965,591,1700,180
31,7,6,6,4,188,24,36,8
31,7,12,12,12,10354,438,900,140
31,7,12,12,12,13532,504,1668,4
31,7,6,6,4,188,24,36,6
3,8,6,6,6,310,40,62,6
3,8,6,6,6,396,54,88,10
4,8,6,6,6,310,40,62,6
4,8,6,6,6,596,65,142,14
4,8,6,3,2,64,14,16,0
4,8,6,6,6,775,83,136,10
4,8,6,6,3,67,10,10,4
5,8,12,12,12,16638,538,1700,176
5,8,12,12,12,18484,571,1700,148
6,8,6,6,6,310,40,62,6
6,8,6,6,6,365,42,68,12
6,8,6,6,6,396,54,88,10
6,8,6,6,6,335,69,78,14
6,8,6,6,3,67,10,10,4
6,8,12,12,12,4160,236,244,24
7,8,6,6,6,365,42,68,12
7,8,6,6,6,396,54,88,10
7,8,6,6,6,335,69,78,14
7,8,6,3,3,88,25,24,4
8,8,6,6,6,596,65,142,14
8,8,6,6,6,365,42,68,12
8,8,6,6,6,396,54,88,10
8,8,6,6,6,335,69,78,14
8,8,6,5,4,60,12,14,6
8,8,6,3,2,64,14,16,0
8,8,12,12,12,10238,398,868,44
9,8,6,3,3,170,28,52,0
9,8,6,3,3,170,28,52,0
9,8,12,12,12,8364,331,668,100
10,8,6,6,3,67,11,10,2
10,8,12,12,12,13628,488,1668,84
11,8,6,3,3,170,28,52,0
11,8,6,6,6,596,65,142,14
11,8,12,12,12,13532,504,1668,84
11,8,12,12,12,10354,438,900,132
12,8,6,6,6,458,57,96,10
12,8,12,12,12,6840,316,468,72
12,8,12,12,12,5128,288,452,40
12,8,12,12,12,35896,704,3268,44
13,8,6,6,6,458,57,96,10
13,8,6,6,6,596,65,142,14
13,8,12,12,12,18830,559,1700,108
13,8,12,12,12,20450,622,2468,24
14,8,6,6,6,596,65,142,14
14,8,6,6,6,360,50,78,2
14,8,12,12,12,16804,451,1268,84
14,8,12,12,12,19746,561,1700,140
15,8,6,6,4,111,18,28,8
15,8,6,6,6,310,40,62,6
15,8,12,12,12,15730,516,1300,48
15,8,12,12,12,7357,348,660,0
15,8,6,5,4,60,12,14,6
15,8,12,12,12,35952,696,3268,56
16,8,6,6,6,360,50,78,2
16,8,6,6,6,596,65,142,14
16,8,12,12,12,10354,438,900,128
16,8,12,12,12,18977,565,1700,132
16,8,6,6,5,230,31,46,10
16,8,12,12,12,19631,555,1700,120
16,8,12,12,12,7090,312,468,88
16,8,12,12,12,15691,465,1268,24
17,8,6,6,6,360,50,78,2
17,8,6,6,6,596,65,142,14
17,8,12,12,12,10780,414,868,88
17,8,12,12,12,6840,316,468,92
17,8,12,12,12,13532,504,1668,96
17,8,6,6,6,1377,113,276,26
17,8,6,6,6,963,107,218,16
17,8,6,6,5,177,51,38,24
17,8,4,4,4,670,88,162,32
17,8,16,16,16,8825,361,916,356
17,8,18,18,18,7582,372,748,134
17,8,12,12,12,3813,239,546,258
18,8,6,6,6,310,40,62,6
18,8,12,12,12,10780,414,868,132
18,8,6,6,4,113,15,16,0
18,8,6,6,6,1018,92,220,28
18,8,12,12,12,23536,606,2468,88
19,8,6,3,3,57,15,16,2
19,8,6,6,6,12979,387,2402,108
19,8,12,12,12,13532,504,1668,44
20,8,6,6,6,12979,387,2402,108
20,8,12,12,12,15691,465,1268,32
20,8,12,12,12,13532,504,1668,96
20,8,12,12,12,13532,504,1668,32
20,8,6,5,5,233,43,38,12
20,8,6,3,3,63,15,18,2
21,8,6,3,3,75,25,24,10
21,8,12,12,12,10238,398,868,132
21,8,6,6,6,310,40,62,6
21,8,12,12,12,10238,398,868,88
21,8,6,6,5,531,49,108,6
21,8,12,12,12,13532,504,1668,28
21,8,12,12,12,13276,540,1668,120
22,8,6,6,6,947,91,196,4
22,8,6,6,6,1327,87,242,6
22,8,6,6,4,249,28,38,0
22,8,12,12,12,6914,320,468,84
22,8,12,12,12,13532,504,1668,88
22,8,12,12,12,10936,470,900,140
23,8,6,6,6,596,65,142,14
23,8,6,6,6,1140,89,190,0
23,8,6,6,6,430,47,62,18
23,8,6,6,5,285,45,64,18
23,8,4,4,4,310,46,62,18
23,8,18,18,18,4662,242,298,120
23,8,18,16,16,6678,252,638,262
23,8,12,12,10,572,56,64,18
23,8,6,5,5,392,52,94,4
23,8,12,12,12,20032,594,2468,96
24,8,12,12,12,15042,435,1252,96
24,8,6,6,6,310,40,62,6
24,8,12,12,12,4657,206,348,100
24,8,12,12,12,7186,336,468,96
24,8,12,12,12,10936,470,900,112
24,8,12,12,12,13532,504,1668,68
24,8,6,6,6,2522,149,488,18
24,8,12,12,12,13628,488,1668,96
25,8,6,6,6,596,65,142,14
25,8,12,12,12,16213,521,1300,212
25,8,6,6,6,479,67,106,10
25,8,6,3,3,32,11,10,2
25,8,12,12,12,15691,465,1268,64
25,8,6,3,3,348,36,102,12
25,8,12,12,12,42916,904,6404,156
26,8,6,6,6,310,40,62,6
26,8,12,12,12,35896,704,3268,220
26,8,12,12,12,7357,348,660,24
26,8,6,6,6,5788,263,1242,74
26,8,12,12,12,16804,451,1268,88
26,8,12,12,12,16804,451,1268,32
27,8,6,5,5,497,48,108,4
27,8,6,3,3,32,11,10,2
27,8,6,3,2,64,14,16,0
27,8,6,6,6,742,71,136,10
27,8,12,12,12,13628,488,1668,36
27,8,12,12,12,20538,630,2500,92
27,8,12,12,12,31502,788,3268,120
27,8,12,12,12,13628,488,1668,40
28,8,6,6,6,310,40,62,6
28,8,6,6,6,742,71,136,10
28,8,6,6,3,108,15,16,2
28,8,12,12,12,18830,559,1700,168
28,8,12,12,12,13628,488,1668,116
28,8,6,6,5,214,35,34,4
28,8,12,12,12,35952,696,3268,176
28,8,6,3,3,75,25,24,10
29,8,6,6,6,596,65,142,14
29,8,6,6,3,108,15,16,2
29,8,12,12,12,20538,630,2500,104
29,8,6,3,3,146,40,38,14
29,8,12,12,12,35952,696,3268,56
29,8,12,12,12,11856,400,868,24
29,8,6,3,3,78,19,24,10
29,8,12,12,12,13628,488,1668,56
29,8,6,3,3,146,40,38,18
30,8,6,6,6,310,40,62,6
30,8,12,12,12,10354,438,900,132
30,8,12,12,12,13532,504,1668,24
30,8,12,12,12,35952,696,3268,40
30,8,12,12,12,13532,504,1668,76
31,8,6,3,3,162,22,48,2
31,8,12,12,12,18977,565,1700,104
31,8,12,12,12,19965,591,1700,180
31,8,12,12,12,35896,704,3268,60
31,8,12,12,12,13628,488,1668,24
3,9,6,6,6,365,42,68,12
3,9,6,6,6,396,54,88,10
3,9,6,6,6,335,69,78,14
3,9,6,6,3,67,10,10,4
3,9,6,6,4,116,18,22,0
3,9,12,12,12,29110,751,3268,132
4,9,12,12,12,6087,303,468,104
4,9,6,6,6,775,83,136,10
4,9,6,6,6,1386,97,342,14
5,9,12,12,12,16638,538,1700,176
6,9,12,12,12,14367,483,1300,140
6,9,12,12,12,10410,402,868,20
7,9,6,6,6,596,65,142,14
7,9,6,5,4,60,12,14,6
7,9,6,6,6,481,71,112,16
8,9,6,6,4,111,18,28,8
8,9,6,6,6,310,40,62,6
8,9,6,3,3,88,25,24,4
8,9,12,12,12,15691,465,1268,52
9,9,6,5,4,60,12,14,6
9,9,6,6,4,111,18,28,8
9,9,4,3,3,72,16,22,8
9,9,20,20,19,2578,199,286,132
9,9,6,6,3,67,10,10,4
9,9,12,12,12,8364,331,668,100
10,9,12,12,12,7152,332,468,100
10,9,6,3,2,64,14,16,0
11,9,6,6,4,111,18,28,8
11,9,6,3,3,170,28,52,0
11,9,6,6,6,458,57,96,10
11,9,12,12,12,11880,392,868,28
11,9,12,12,12,16974,500,1300,76
12,9,6,6,4,111,18,28,8
12,9,6,3,3,170,28,52,0
12,9,6,6,6,596,65,142,14
12,9,12,12,12,6914,320,468,76
12,9,12,12,12,15691,465,1268,36
12,9,12,12,12,13628,488,1668,76
12,9,12,12,12,13628,488,1668,84
13,9,6,3,3,170,28,52,0
13,9,6,6,6,596,65,142,14
13,9,6,6,6,360,50,78,2
13,9,12,12,12,6840,316,468,56
13,9,6,5,4,60,12,14,6
13,9,12,12,12,20450,622,2468,24
14,9,6,6,6,365,42,68,12
14,9,6,6,6,396,54,88,10
14,9,6,6,6,335,69,78,14
14,9,12,12,12,10936,470,900,136
14,9,12,12,12,35896,704,3268,80
15,9,6,5,4,60,12,14,6
15,9,6,6,4,111,18,28,8
15,9,4,3,3,72,16,22,8
15,9,20,20,19,2578,199,286,132
15,9,12,12,12,18830,559,1700,76
15,9,12,12,12,13628,488,1668,96
15,9,12,12,12,15691,465,1268,8
15,9,12,12,12,5128,288,452,20
16,9,6,6,6,310,40,62,6
16,9,6,5,4,53,12,12,2
16,9,12,12,12,11880,392,868,72
16,9,12,12,12,4304,244,244,40
16,9,6,5,4,60,12,14,6
16,9,12,12,12,10238,398,868,116
16,9,12,12,12,13532,504,1668,56
16,9,12,12,12,13532,504,1668,12
16,9,6,6,6,12979,387,2402,108
17,9,6,6,5,306,42,42,12
17,9,12,12,12,10780,414,868,76
17,9,12,12,12,11740,433,1268,84
17,9,12,12,12,35952,696,3268,160
18,9,6,6,6,310,40,62,6
18,9,6,6,6,12979,387,2402,108
18,9,6,6,6,1371,107,266,28
18,9,12,12,12,31458,796,3332,116
19,9,6,6,6,310,40,62,6
19,9,12,12,12,6914,320,468,44
19,9,6,6,6,947,91,196,4
19,9,6,6,6,287,49,54,4
19,9,12,12,12,13532,504,1668,44
20,9,6,6,6,12979,387,2402,108
20,9,12,12,12,13532,504,1668,104
20,9,6,6,6,1327,87,242,6
21,9,6,6,4,111,18,28,8
21,9,6,3,3,75,25,24,10
21,9,12,12,12,10238,398,868,132
21,9,6,6,6,947,91,196,4
21,9,12,12,12,10238,398,868,76
21,9,6,6,6,1327,87,242,6
21,9,12,12,12,11880,392,868,44
21,9,12,12,12,35896,704,3268,128
22,9,6,3,3,57,15,16,2
22,9,6,6,6,310,40,62,6
22,9,6,6,5,531,49,108,6
22,9,12,12,12,10238,398,868,92
22,9,6,3,2,64,14,16,0
22,9,12,12,12,11856,400,868,0
22,9,6,6,6,1140,89,190,0
22,9,6,6,6,430,47,62,18
22,9,6,6,5,285,45,64,18
22,9,4,4,4,310,46,62,18
22,9,18,18,18,4662,242,298,120
22,9,18,16,16,6678,252,638,262
22,9,12,12,10,572,56,64,18
23,9,6,3,3,63,15,18,2
23,9,12,12,12,10238,398,868,72
23,9,12,12,12,11856,400,868,100
23,9,12,12,12,13532,504,1668,48
23,9,12,12,12,23536,606,2468,60
23,9,6,6,6,1365,125,340,14
23,9,12,12,12,20032,594,2468,96
24,9,12,12,12,15042,435,1252,96
24,9,6,6,6,310,40,62,6
24,9,6,5,4,237,26,48,4
24,9,6,5,5,497,48,108,4
24,9,12,12,12,10238,398,868,92
24,9,6,3,2,64,14,16,0
24,9,12,12,12,20032,597,1700,204
24,9,12,12,12,35952,696,3268,144
25,9,8,8,8,1514,107,72,40
25,9,6,5,5,497,48,108,4
25,9,12,12,12,11993,396,868,88
25,9,12,12,12,35896,704,3268,220
25,9,12,12,12,31226,724,3268,80
26,9,6,6,6,1327,87,242,6
26,9,6,6,6,1959,178,396,58
26,9,12,12,12,18830,559,1700,228
26,9,12,12,12,10936,470,900,100
26,9,12,12,12,18830,559,1700,228
27,9,6,6,6,596,65,142,14
27,9,6,6,6,1959,178,396,58
27,9,12,12,12,16197,553,1300,212
27,9,12,12,12,35896,704,3268,128
27,9,6,3,3,52,14,16,4
27,9,12,12,12,19746,561,1700,64
27,9,12,12,12,13628,488,1668,40
27,9,12,12,12,19631,555,1700,36
28,9,6,6,6,742,71,136,10
28,9,6,3,3,90,19,24,0
28,9,6,6,5,500,49,70,2
28,9,6,6,6,486,49,70,2
28,9,4,4,4,332,50,68,2
28,9,18,18,18,8304,309,948,304
28,9,16,12,10,922,60,76,6
28,9,12,12,12,35896,704,3268,20
28,9,12,12,12,35896,704,3268,48
29,9,6,6,6,596,65,142,14
29,9,6,6,5,500,49,70,2
29,9,6,6,6,809,78,170,8
29,9,12,12,12,23752,638,2500,64
29,9,12,12,12,13628,488,1668,8
29,9,12,12,12,15730,516,1300,156
29,9,12,12,12,15090,488,1300,104
29,9,12,12,12,16804,451,1268,24
30,9,6,6,6,742,71,136,10
30,9,6,3,3,162,22,48,2
30,9,6,3,3,78,19,24,10
30,9,6,5,5,497,48,108,18
30,9,6,6,5,177,51,38,24
30,9,12,12,12,19792,603,1700,100
30,9,12,12,12,35952,696,3268,104
30,9,12,12,12,20450,622,2468,36
31,9,6,6,6,310,40,62,6
31,9,6,6,5,404,36,60,6
31,9,12,12,12,18977,565,1700,104
31,9,12,12,12,20032,597,1700,128
31,9,12,12,12,13628,488,1668,28
31,9,12,12,12,13532,504,1668,4
31,9,12,12,12,13628,488,1668,24
