scene,frame,event,warmup,cpuMs,receiverMs,donorMs,viewMs,exchanges,free,examined,receiver_stage,task_wall_sum_receiver_certification,task_wall_sum_pointwise_quality,task_wall_sum_proposal,pointwise_batch,fit_bound_failed,shape_infeasible,quality_samples,quality_exact_samples
peking547,0,warmup,1,1296.0067138671875,0,0,0,0,0,0,0,0,0,0,0,0,0,0,0
peking547,1,warmup,1,0.04830000177025795,0,0,0,0,0,0,0,0,0,0,0,0,0,0,0
peking547,2,warmup,1,0.038499999791383743,0,0,0,0,0,0,0,0,0,0,0,0,0,0,0
peking547,3,move,0,15.89840030670166,0,0,15.837899999999998,0,0,0,0,0,0,0,0,0,0,0,0
peking547,4,move,0,14.358799934387207,0,0,14.3012,0,0,0,0,0,0,0,0,0,0,0,0
peking547,5,move,0,14.806599617004395,0,0,14.767000000000001,0,0,0,0,0,0,0,0,0,0,0,0
peking547,6,move,0,111.81559753417969,53.875799999999998,30.2712,14.4565,4,1,13,0.0596857,0.052812700000000004,0.510126,0.0024432,0.0019082,4,8,51146,4
peking547,7,move,0,181.39950561523438,135.6849,16.412599999999998,15.2035,6,0,20,0.1531814,0.0898957,0.5099924000000001,0.0040956000000000005,0.0022823,8,28,54562,64
peking547,8,move,0,144.90859985351562,95.722199999999987,17.007100000000001,15.743299999999998,8,1,30,0.1098824,0.0813623,0.4189319000000001,0.005535300000000001,0.0018551,11,32,41219,0
peking547,9,move,0,102.64140319824219,47.849500000000006,17.758400000000002,15.063699999999999,16,0,47,0.0639142,0.08160339999999999,0.43652350000000006,0.0075273,0.0016504,16,84,31338,0
peking547,10,move,0,130.5509033203125,61.366700000000002,18.370200000000001,15.272499999999999,20,0,59,0.0883565,0.08981260000000002,0.5142800000000001,0.008803100000000001,0.0020157,21,90,36776,0
peking547,11,move,0,234.15789794921875,74.5501,26.446000000000002,15.0421,34,0,117,0.096082,0.10674979999999999,0.7426073000000002,0.010230900000000001,0.0028541,24,202,54400,0
peking547,12,move,0,294.622314453125,96.737000000000009,29.151,15.3423,41,1,160,0.1322834,0.11701940000000001,0.8731868000000002,0.0130077,0.00363,52,361,64199,36
peking547,13,move,0,373.73001098632812,96.481700000000004,38.6233,13.9665,42,0,160,0.1159344,0.10315959999999999,0.7721714000000002,0.011981000000000002,0.0028664,48,359,52465,96
peking547,14,move,0,246.79510498046875,94.845200000000006,27.084600000000002,17.069600000000001,34,0,160,0.0925385,0.11166950000000003,0.5955935,0.014413100000000002,0.0018325,59,483,43828,52
peking547,15,move,0,280.10760498046875,117.84310000000001,25.571300000000001,18.306800000000003,37,0,160,0.1076742,0.14481260000000004,0.5634180999999998,0.01568049999999999,0.0031749,62,592,47821,4
peking547,16,recovery,0,17.943199157714844,0,0,17.883500000000002,0,0,0,0,0,0,0,0,0,0,0,0
peking547,17,recovery,0,0.037999998778104782,0,0,0,0,0,0,0,0,0,0,0,0,0,0,0
peking547,18,recovery,0,0.029899999499320984,0,0,0,0,0,0,0,0,0,0,0,0,0,0,0
peking547,19,recovery,0,0.0348999984562397,0,0,0,0,0,0,0,0,0,0,0,0,0,0,0
peking547,20,recovery,0,0.036200001835823059,0,0,0,0,0,0,0,0,0,0,0,0,0,0,0
peking547,21,recovery,0,0.03060000017285347,0,0,0,0,0,0,0,0,0,0,0,0,0,0,0
peking547,22,recovery,0,0.031300000846385956,0,0,0,0,0,0,0,0,0,0,0,0,0,0,0
peking547,23,recovery,0,0.032099999487400055,0,0,0,0,0,0,0,0,0,0,0,0,0,0,0
dem-sierra,0,reveal,1,1863.4205322265625,272.77839999999998,0,0,0,73,160,0.2530281,0.1660049,1.3492739999999999,0.006824800000000001,0.0071351,118,26,93257,2462
dem-sierra,1,reveal,1,96.088798522949219,65.899600000000007,0,16.8139,0,18,160,0.0587875,0.087287,0.23606189999999996,0.012456900000000002,0.0009359,626,255,15482,1133
dem-sierra,2,reveal,1,104.57060241699219,85.725200000000001,0,13.7463,0,4,160,0.0756579,0.07173829999999999,0.08588169999999999,0.011898799999999996,0.0008228,595,448,8090,560
dem-sierra,3,reveal,0,67.588699340820312,47.794799999999995,0,15.029499999999999,0,3,160,0.0374887,0.08167429999999999,0.0703584,0.0128257,0.0005114,612,433,6362,365
dem-sierra,4,reveal,0,108.81340026855469,88.936999999999998,0,14.647500000000001,0,3,160,0.0548133,0.07724319999999998,0.065475,0.012392499999999999,0.0006837,616,424,6244,285
dem-sierra,5,reveal,0,88.243301391601562,70.650300000000001,0,14.4871,0,3,160,0.0546983,0.08267160000000001,0.0802002,0.0124523,0.0004483,594,434,5082,508
dem-sierra,6,reveal,0,71.204803466796875,50.4651,0,16.6053,0,5,160,0.0474462,0.0832247,0.08808930000000001,0.011448599999999998,0.0003803,552,452,4803,516
dem-sierra,7,reveal,0,40.707099914550781,24.120999999999999,0,14.0924,0,2,160,0.0224722,0.075998,0.0398993,0.011784899999999997,0.0003096,546,505,2935,251
dem-sierra,8,reveal,0,91.127296447753906,70.841799999999992,0,14.6531,0,6,160,0.0656709,0.08635250000000001,0.0955757,0.012564899999999995,0.0005957,529,476,6889,505
dem-sierra,9,reveal,0,72.6697998046875,54.893900000000002,0,12.674100000000001,0,6,160,0.0524229,0.0785969,0.0782934,0.011511299999999997,0.0002905,509,475,5330,406
dem-sierra,10,reveal,0,68.795097351074219,53.705200000000005,0,11.658399999999999,0,4,160,0.0447294,0.0858174,0.064003,0.012356099999999998,0.0002842,554,470,4565,353
dem-sierra,11,reveal,0,195.08700561523438,174.09369999999998,0,12.3834,0,9,160,0.1253716,0.09193690000000002,0.18295649999999997,0.011974299999999998,0.0008717,517,434,11969,909
dem-sierra,12,reveal,0,199.83419799804688,169.2526,0,13.195,0,15,160,0.1389129,0.11037730000000001,0.2981514,0.013210899999999996,0.0018286,452,436,17343,847
dem-sierra,13,reveal,0,158.84669494628906,138.2987,0,13.3864,0,8,160,0.1324957,0.13417459999999998,0.2022501,0.0168441,0.0011249,479,496,10853,539
dem-sierra,14,reveal,0,162.28070068359375,132.5582,0,19.801300000000001,0,8,160,0.1217286,0.12397550000000002,0.2235406,0.016556399999999995,0.0007479,445,523,11385,789
dem-sierra,15,reveal,0,203.03849792480469,147.62539999999998,0,42.264400000000002,0,13,160,0.1499975,0.1423258,0.323516,0.017143399999999996,0.0014374,417,487,17593,749
dem-sierra,16,reveal,0,220.875,184.94399999999999,0,13.3582,0,22,160,0.1700391,0.18659199999999998,0.5069979,0.018105499999999993,0.0025441,389,439,25340,1598
dem-sierra,17,reveal,0,263.60031127929688,227.97540000000001,0,19.051300000000001,0,15,160,0.2406687,0.168309,0.49881680000000006,0.019059,0.0021911,416,460,24426,1923
dem-sierra,18,reveal,0,192.84429931640625,164.4332,0,13.669600000000001,0,11,160,0.1597342,0.1426136,0.284611,0.0195481,0.0011398,432,514,14621,998
dem-sierra,19,reveal,0,147.96299743652344,126.1253,0,11.480700000000001,0,7,160,0.0997264,0.13218120000000003,0.2150513,0.0204288,0.001185,437,565,13158,616
dem-sierra,20,reveal,0,310.24310302734375,202.0873,0,30.555399999999999,0,13,160,0.2052129,0.17634479999999997,0.4033538,0.022076199999999997,0.0015828,425,506,23919,1076
dem-sierra,21,reveal,0,221.154296875,189.32329999999999,0,14.7515,0,17,160,0.1743069,0.15484350000000002,0.4349194,0.019738200000000004,0.0021308,375,497,23942,1460
dem-sierra,22,reveal,0,251.19329833984375,182.61420000000001,0,29.925699999999999,0,14,160,0.1635651,0.17054940000000002,0.3640609,0.020102699999999998,0.0017229,428,481,20579,1496
dem-sierra,23,reveal,0,273.1099853515625,236.8596,0,11.523399999999999,0,18,160,0.2161964,0.1805695,0.5215001,0.02136269999999999,0.0028097,410,468,30797,1677
dem-sierra,24,reveal,0,218.8883056640625,183.40790000000001,0,19.554100000000002,0,16,160,0.1831137,0.153028,0.4695737,0.021228,0.0021712,439,444,23754,1958
dem-sierra,25,reveal,0,404.03759765625,374.28899999999999,0,11.464,0,15,160,0.3200714,0.1686222,0.45816160000000006,0.022387199999999996,0.0026775,401,511,26917,1824
dem-sierra,26,reveal,0,266.58990478515625,176.4769,0,38.403700000000001,0,14,160,0.1683145,0.14038779999999998,0.41142710000000005,0.0225006,0.0020804,418,509,22922,1541
dem-sierra,27,reveal,0,373.85110473632812,347.05960000000005,0,11.403699999999999,0,15,160,0.310186,0.22592520000000002,0.5158981,0.023771299999999995,0.0031724,373,545,29979,1843
dem-sierra,28,reveal,0,411.3037109375,346.97000000000003,0,35.521599999999999,0,16,160,0.3287554,0.20794630000000003,0.6005132,0.022965999999999993,0.0034322,307,597,33352,2455
dem-sierra,29,reveal,0,297.55859375,256.01800000000003,0,11.5497,0,19,160,0.2584132,0.1660273,0.58654,0.0205447,0.0036715,314,535,33620,1617
dem-sierra,30,reveal,0,352.10989379882812,308.34650000000005,0,14.9648,0,19,160,0.2949233,0.1326462,0.5649466,0.021014699999999994,0.0043754,284,598,35813,1238
dem-sierra,31,reveal,0,244.3450927734375,217.37110000000001,0,10.525,0,16,160,0.2088665,0.12946419999999997,0.467554,0.021194599999999994,0.0025601,314,552,25335,1474
dem-sierra,32,return,0,131.84190368652344,116.31469999999999,0,9.9764999999999997,0,4,160,0.1041119,0.083164,0.11862859999999997,0.020680299999999995,0.0010707,323,716,8501,454
dem-sierra,33,return,0,53.985801696777344,39.006399999999999,0,12.694000000000001,0,2,160,0.0329992,0.08065870000000001,0.0387878,0.021111799999999997,0.0001253,336,735,1927,148
dem-sierra,34,return,0,92.529502868652344,81.686199999999999,0,10.6037,0,0,160,0.0780022,0.10002699999999999,0.051091000000000004,0.021643699999999995,0,374,699,2160,385
dem-sierra,35,return,0,128.48109436035156,112.751,0,12.401,0,2,160,0.1142104,0.15403120000000003,0.1717234,0.023383499999999995,0.0002678,312,733,8402,1195
dem-sierra,36,return,0,177.73989868164062,163.5718,0,12.177999999999999,0,1,160,0.1528049,0.17071089999999994,0.15628799999999998,0.02422,0.0002018,359,700,7254,1021
dem-sierra,37,return,0,43.078098297119141,31.462600000000002,0,10.722799999999999,0,1,160,0.0331249,0.10165420000000003,0.044735000000000004,0.022634099999999997,5.74e-05,421,657,2195,192
dem-sierra,38,return,0,107.63330078125,92.3155,0,12.698499999999999,0,3,160,0.0814328,0.1417272,0.1200842,0.0232549,0.0002126,438,616,5855,711
dem-sierra,39,return,0,73.050300598144531,60.098800000000004,0,11.461499999999999,0,1,160,0.0739952,0.11168380000000001,0.0636508,0.020584499999999995,9.14e-05,462,609,3315,289
dem-sierra,40,return,0,90.877799987792969,70.495100000000008,0,19.0093,0,1,160,0.0596059,0.13404050000000003,0.052137100000000006,0.022399199999999998,7.58e-05,420,652,2328,376
dem-sierra,41,return,0,113.21700286865234,84.541699999999992,0,22.950100000000003,0,6,160,0.0903976,0.14272230000000002,0.1286768,0.020341699999999997,0.0005073,412,617,4327,676
dem-sierra,42,return,0,71.097801208496094,55.997,0,12.042199999999999,0,4,160,0.0606179,0.13492629999999997,0.13115130000000003,0.020805299999999992,0.0005804,397,647,6897,525
dem-sierra,43,return,0,57.519699096679688,44.885799999999996,0,10.867900000000001,0,1,160,0.0521658,0.1461127,0.0861196,0.021991899999999998,8.51e-05,425,635,4880,390
dem-sierra,44,return,0,76.975303649902344,63.363699999999994,0,11.6713,0,1,160,0.0657232,0.11855409999999997,0.1019377,0.0190216,0.0001075,417,643,5164,436
dem-sierra,45,return,0,58.454299926757812,41.971300000000006,0,12.9899,0,1,160,0.0478032,0.12387920000000001,0.0871008,0.0197246,0.0001677,421,650,5299,333
dem-sierra,46,return,0,100.58149719238281,84.876499999999993,0,11.8309,0,4,160,0.1032746,0.1394915,0.17463050000000002,0.020018299999999996,0.0001859,419,617,8088,1005
dem-sierra,47,return,0,72.640998840332031,53.937899999999999,0,13.671900000000001,0,6,160,0.0668798,0.1429404,0.1270859,0.01830849999999999,0.0001932,391,634,5472,612
dem-sierra,48,return,0,59.158298492431641,43.084900000000005,0,12.1562,0,6,160,0.0520448,0.12450209999999999,0.10795070000000001,0.0179959,0.0004405,381,621,4394,499
dem-sierra,49,return,0,63.977901458740234,29.268800000000002,0,33.0107,0,2,160,0.0307989,0.10106499999999999,0.049986600000000006,0.016838499999999996,7.54e-05,391,661,1759,259
dem-sierra,50,return,0,43.400199890136719,27.5778,0,14.486600000000001,0,1,160,0.0290782,0.11143299999999998,0.0446485,0.017041099999999997,7.41e-05,432,627,1673,173
dem-sierra,51,return,0,49.340000152587891,34.219499999999996,0,13.9146,0,1,160,0.0355026,0.10881410000000001,0.039388,0.016094299999999995,6.58e-05,444,624,1231,201
dem-sierra,52,return,0,48.947799682617188,31.715100000000003,0,15.796100000000001,0,1,160,0.0302011,0.10858519999999999,0.0332468,0.0163156,8.37e-05,452,610,1242,157
dem-sierra,53,return,0,49.930801391601562,35.654699999999998,0,13.194700000000001,0,1,160,0.0337746,0.1057192,0.038837899999999995,0.014921099999999994,4.52e-05,525,537,1593,209
dem-sierra,54,return,0,41.130599975585938,28.5062,0,12.484399999999999,0,0,160,0.0285776,0.11108389999999997,0.023740200000000003,0.015570499999999998,0,537,530,738,144
dem-sierra,55,return,0,41.451301574707031,27.309900000000003,0,12.761800000000001,0,1,160,0.0271686,0.1043674,0.0389965,0.014838899999999999,9.8e-05,497,558,1674,202
dem-sierra,56,return,0,43.070098876953125,29.932099999999998,0,12.9262,0,0,160,0.0269814,0.10441740000000001,0.0254097,0.015497899999999997,0,497,567,805,160
dem-sierra,57,return,0,41.478099822998047,28.004899999999999,0,13.222,0,0,160,0.0248411,0.1023947,0.023627,0.014892299999999999,0,504,562,714,141
dem-sierra,58,return,0,41.507598876953125,28.021699999999999,0,13.270199999999999,0,0,160,0.0286994,0.09616559999999996,0.0237529,0.014015199999999998,0,526,540,714,141
dem-sierra,59,return,0,36.799301147460938,21.5319,0,15.094099999999999,0,0,160,0.0253874,0.09525589999999999,0.014114799999999999,0.014682699999999995,0,548,526,532,57
dem-sierra,60,return,0,56.356899261474609,33.345500000000001,0,20.551199999999998,0,2,160,0.0356103,0.0951368,0.043418200000000004,0.014614200000000003,0.0001264,559,495,2360,191
dem-sierra,61,return,0,60.812000274658203,43.6066,0,17.067700000000002,0,0,160,0.0397223,0.09306640000000001,0.0275068,0.014964500000000002,0,546,528,1037,172
dem-sierra,62,return,0,51.986198425292969,34.635199999999998,0,17.118299999999998,0,0,160,0.0303176,0.08392070000000001,0.0204255,0.014891799999999997,0,563,516,895,150
dem-sierra,63,return,0,32.901298522949219,17.233600000000003,0,15.5329,0,0,160,0.018444,0.08765909999999999,0.0050072,0.015138899999999995,0,611,490,224,16
dem-sierra,64,recovery,0,38.828701019287109,19.2103,0,19.426500000000001,0,0,160,0.0197039,0.0799229,0.0043305,0.015127099999999996,0,605,496,224,16
dem-sierra,65,recovery,0,24.002399444580078,23.8307,0,0,0,0,160,0.0200057,0.08654799999999999,0.0049960000000000004,0.015557599999999998,0,605,496,224,16
dem-sierra,66,recovery,0,19.92140007019043,19.535599999999999,0,0,0,0,160,0.0201296,0.0836953,0.004662,0.015536499999999993,0,605,496,224,16
dem-sierra,67,recovery,0,15.902099609375,15.755999999999998,0,0,0,0,160,0.0213261,0.0863036,0.0050249,0.0155757,0,605,496,224,16
dem-sierra,68,recovery,0,22.681499481201172,22.4894,0,0,0,0,160,0.020399,0.0848676,0.0050378,0.0152866,0,605,496,224,16
dem-sierra,69,recovery,0,18.086599349975586,17.866300000000003,0,0,0,0,160,0.0198732,0.0845733,0.0050594,0.015348199999999996,0,605,496,224,16
dem-sierra,70,recovery,0,17.507200241088867,17.328699999999998,0,0,0,0,160,0.0209588,0.08456059999999999,0.0056787999999999995,0.015209299999999993,0,605,496,224,16
dem-sierra,71,recovery,0,15.67650032043457,15.497800000000002,0,0,0,0,160,0.0207085,0.08631969999999999,0.0058139,0.0157203,0,605,496,224,16
dem-sierra,72,recovery,0,25.950599670410156,25.566300000000002,0,0,0,0,160,0.01977,0.08196490000000001,0.0058308000000000006,0.015614299999999996,0,605,496,224,16
dem-sierra,73,recovery,0,24.304300308227539,24.153700000000001,0,0,0,0,160,0.0208751,0.0829487,0.0054894,0.015388799999999998,0,605,496,224,16
dem-sierra,74,recovery,0,16.611799240112305,16.451599999999999,0,0,0,0,160,0.0211133,0.0874838,0.005623899999999999,0.016192099999999997,0,605,496,224,16
dem-sierra,75,recovery,0,18.126199722290039,17.976700000000001,0,0,0,0,160,0.0218592,0.0871075,0.0056766,0.016216499999999995,0,605,496,224,16
dem-sierra,76,recovery,0,21.593900680541992,21.3064,0,0,0,0,160,0.0216803,0.0843142,0.0052637,0.0157793,0,605,496,224,16
dem-sierra,77,recovery,0,18.272300720214844,18.072499999999998,0,0,0,0,160,0.0201985,0.0848437,0.0051495,0.015342699999999997,0,605,496,224,16
dem-sierra,78,recovery,0,20.432600021362305,20.2776,0,0,0,0,160,0.0206909,0.0820308,0.0051864,0.0157654,0,605,496,224,16
dem-sierra,79,recovery,0,29.29210090637207,28.918499999999998,0,0,0,0,160,0.0203698,0.07992350000000001,0.0049771,0.0158156,0,605,496,224,16
dem-sierra,80,recovery,0,16.755500793457031,16.587399999999999,0,0,0,0,160,0.0193757,0.074888,0.0044313,0.014715299999999997,0,605,496,224,16
dem-sierra,81,recovery,0,18.936300277709961,18.761300000000002,0,0,0,0,160,0.0213479,0.08235549999999998,0.0053476,0.016021299999999995,0,605,496,224,16
dem-sierra,82,recovery,0,22.009500503540039,21.773700000000002,0,0,0,0,160,0.0208807,0.08365799999999998,0.0059614,0.0163268,0,605,496,224,16
dem-sierra,83,recovery,0,21.870700836181641,21.099499999999999,0,0,0,0,160,0.0225659,0.08759200000000002,0.0060382000000000005,0.017124599999999997,0,605,496,224,16
dem-sierra,84,recovery,0,17.679399490356445,17.488199999999999,0,0,0,0,160,0.019774,0.08331140000000002,0.0047271,0.015989599999999996,0,605,496,224,16
dem-sierra,85,recovery,0,19.40519905090332,19.266300000000001,0,0,0,0,160,0.0200422,0.08509069999999999,0.0053891,0.015611999999999996,0,605,496,224,16
dem-sierra,86,recovery,0,18.712200164794922,18.549199999999999,0,0,0,0,160,0.0206557,0.0846925,0.0055173,0.016093399999999994,0,605,496,224,16
dem-sierra,87,recovery,0,32.982799530029297,32.773900000000005,0,0,0,0,160,0.0205262,0.08048939999999999,0.0049667,0.015348499999999998,0,605,496,224,16
dem-sierra,88,recovery,0,20.892400741577148,20.7423,0,0,0,0,160,0.0205857,0.0832049,0.0046438,0.0156519,0,605,496,224,16
dem-sierra,89,recovery,0,20.093799591064453,19.938000000000002,0,0,0,0,160,0.0209877,0.08622129999999999,0.005634800000000001,0.016621499999999997,0,605,496,224,16
dem-sierra,90,recovery,0,20.596599578857422,20.415599999999998,0,0,0,0,160,0.0189825,0.08075290000000002,0.005169900000000001,0.015570199999999998,0,605,496,224,16
dem-sierra,91,recovery,0,57.179698944091797,56.9206,0,0,0,0,160,0.0177239,0.07366160000000001,0.0048592999999999996,0.014274399999999998,0,605,496,224,16
dem-sierra,92,recovery,0,31.581399917602539,30.762699999999999,0,0,0,0,160,0.0216453,0.08488219999999999,0.0052952,0.016237599999999998,0,605,496,224,16
dem-sierra,93,recovery,0,19.226999282836914,18.788900000000002,0,0,0,0,160,0.0186924,0.07707509999999998,0.004776000000000001,0.014587999999999993,0,605,496,224,16
dem-sierra,94,recovery,0,18.000499725341797,17.835100000000001,0,0,0,0,160,0.018991,0.0743491,0.0046506,0.0144648,0,605,496,224,16
dem-sierra,95,recovery,0,19.968799591064453,19.807399999999998,0,0,0,0,160,0.0204968,0.0889676,0.005596800000000001,0.0164538,0,605,496,224,16
dem-canyon,0,reveal,1,5438.70458984375,46.241699999999994,43.238300000000002,0,35,0,160,0.051864,0.0322147,0.5468682000000001,0.003475500000000001,0.001732,53,8,12778,396
dem-canyon,1,reveal,1,111.53549957275391,41.318300000000001,31.790800000000001,21.363500000000002,12,0,160,0.0311106,0.06842870000000001,0.1446264,0.006651599999999998,0.0004757,792,168,4374,177
dem-canyon,2,reveal,1,118.65280151367188,66.461999999999989,27.210999999999999,21.264199999999999,1,0,160,0.0547166,0.08498599999999999,0.11082209999999999,0.008112399999999999,0.0003136,911,189,4883,418
dem-canyon,3,reveal,0,183.81500244140625,116.90589999999999,39.510999999999996,18.370999999999999,6,0,160,0.1175106,0.0916473,0.23001329999999998,0.009269799999999996,0.0007243,781,226,12671,1266
dem-canyon,4,reveal,0,125.49030303955078,77.336799999999997,24.739799999999999,19.083200000000001,2,1,160,0.0926054,0.11540879999999998,0.19613189999999997,0.010886899999999998,0.0004805,736,313,7057,775
dem-canyon,5,reveal,0,211.04249572753906,162.0462,20.263300000000001,20.905199999999997,4,0,160,0.1760636,0.13313200000000003,0.24170029999999995,0.013001099999999998,0.0008342,686,345,14738,928
dem-canyon,6,reveal,0,188.92489624023438,127.0522,34.376600000000003,18.848299999999998,3,0,160,0.1564711,0.16895179999999999,0.29262600000000005,0.014318799999999998,0.0005497,650,386,12491,1336
dem-canyon,7,reveal,0,157.17059326171875,106.45830000000001,24.258399999999998,18.719800000000003,3,0,160,0.125947,0.1826447,0.23756219999999997,0.015291399999999998,0.0003602,618,407,10383,1332
dem-canyon,8,reveal,0,145.04539489746094,104.5659,18.0396,18.3446,2,0,160,0.100236,0.2119772,0.1787845,0.0171488,0.0001164,613,413,5232,1025
dem-canyon,9,reveal,0,148.17649841308594,110.35300000000001,17.572900000000001,18.5398,1,0,160,0.1035475,0.22165300000000002,0.1724692,0.017830799999999994,4.92e-05,517,473,4527,952
dem-canyon,10,reveal,0,136.27609252929688,97.742099999999994,17.993300000000001,17.870699999999999,1,0,160,0.0983155,0.186714,0.16702109999999998,0.017395,4.84e-05,502,487,4577,817
dem-canyon,11,reveal,0,146.38699340820312,112.98869999999999,14.0695,18.5532,0,0,160,0.1040557,0.1740916,0.155249,0.018011599999999996,0,495,475,4028,686
dem-canyon,12,reveal,0,135.42149353027344,99.052300000000002,14.083699999999999,18.9834,2,0,160,0.0985294,0.17032899999999995,0.17413469999999998,0.017474399999999994,6.17e-05,471,435,4621,697
dem-canyon,13,reveal,0,131.12139892578125,96.886899999999997,15.328100000000001,18.297599999999999,0,0,160,0.1015831,0.1635251,0.1691203,0.016292099999999997,0,433,478,4331,693
dem-canyon,14,reveal,0,143.06739807128906,104.83030000000001,17.309999999999999,16.3078,3,0,160,0.0987336,0.1617517,0.1778027,0.016756700000000003,0.0001924,407,470,4927,714
dem-canyon,15,reveal,0,137.55889892578125,99.771299999999997,16.179200000000002,19.186199999999999,1,0,160,0.0899593,0.16604209999999997,0.2063227,0.016503099999999993,2.24e-05,444,373,4904,709
dem-canyon,16,reveal,0,125.55400085449219,81.341499999999996,21.3398,18.160499999999999,3,0,160,0.0848455,0.15940349999999998,0.20458230000000008,0.016238899999999997,9.61e-05,451,368,5162,745
dem-canyon,17,reveal,0,115.91200256347656,84.085999999999999,11.866099999999999,19.143599999999999,0,0,160,0.084104,0.15982130000000003,0.1855023,0.015448700000000001,0,481,351,4640,729
dem-canyon,18,reveal,0,151.86700439453125,99.422300000000007,29.3886,17.176000000000002,5,0,160,0.0886314,0.16377880000000003,0.22790170000000004,0.015322099999999991,0.0003739,456,293,5282,693
dem-canyon,19,reveal,0,114.19090270996094,82.49430000000001,13.5976,16.058300000000003,1,0,160,0.0946111,0.15782680000000002,0.2042059,0.014901799999999995,2.45e-05,505,326,4375,671
dem-canyon,20,reveal,0,101.09339904785156,70.926900000000003,12.395200000000001,15.766700000000002,1,0,160,0.0963745,0.1749963,0.23499599999999998,0.015063999999999996,1.22e-05,499,264,5049,752
dem-canyon,21,reveal,0,110.345703125,70.367100000000008,19.030899999999999,18.192599999999999,1,0,160,0.0796694,0.1474456,0.25425130000000007,0.013623699999999996,3e-05,479,231,5424,780
dem-canyon,22,reveal,0,115.20110321044922,75.204800000000006,20.577000000000002,15.963200000000001,2,0,160,0.0717685,0.15805109999999997,0.2618005,0.015477999999999997,7.24e-05,486,191,5604,832
dem-canyon,23,reveal,0,96.158599853515625,63.413300000000007,12.333299999999999,18.033200000000001,2,0,160,0.065452,0.14259,0.2288225,0.013519599999999996,2.56e-05,525,190,5305,861
dem-canyon,24,reveal,0,92.839302062988281,59.4756,13.5311,16.125400000000003,2,0,160,0.0720408,0.12884179999999998,0.2354679,0.013203900000000001,5.41e-05,444,202,5550,721
dem-canyon,25,reveal,0,95.383003234863281,62.390099999999997,14.3058,16.026299999999999,2,0,160,0.0691926,0.13055079999999994,0.26176849999999996,0.013555200000000002,3.78e-05,428,193,5889,635
dem-canyon,26,reveal,0,100.81559753417969,66.709400000000002,14.7759,15.2934,2,0,160,0.0696642,0.12841260000000004,0.27301040000000004,0.011789399999999998,6.58e-05,428,160,6520,658
dem-canyon,27,reveal,0,103.84510040283203,61.487100000000005,18.2193,16.895299999999999,5,0,160,0.0679015,0.12334079999999999,0.2976385000000001,0.0116923,0.000158,419,126,6893,832
dem-canyon,28,reveal,0,100.95950317382812,66.555199999999999,14.325100000000001,17.120199999999997,2,0,160,0.0780886,0.1238925,0.30779369999999995,0.010940199999999997,8.38e-05,466,119,7634,842
dem-canyon,29,reveal,0,146.85760498046875,107.1537,19.462400000000002,16.444700000000001,2,0,160,0.1074424,0.13050959999999998,0.29894060000000006,0.011267099999999993,5.94e-05,516,113,7921,916
dem-canyon,30,reveal,0,134.30409240722656,95.850400000000008,18.183700000000002,15.603,2,0,160,0.1058337,0.12181109999999996,0.31026719999999997,0.010852999999999998,8.04e-05,487,111,8112,867
dem-canyon,31,reveal,0,121.27960205078125,91.991699999999994,11.207999999999998,15.525300000000001,0,0,160,0.0962679,0.10500960000000002,0.36562619999999996,0.009902700000000002,0,370,84,9547,1009
dem-canyon,32,return,0,98.014297485351562,67.164199999999994,11.735000000000001,17.6159,0,0,160,0.0709931,0.08995810000000001,0.3604165999999999,0.008866599999999995,0,332,79,9488,1055
dem-canyon,33,return,0,161.97689819335938,133.47619999999998,11.2117,15.7376,0,0,160,0.1368786,0.1355858,0.3206241,0.011109099999999998,0,517,98,8487,1247
dem-canyon,34,return,0,150.45930480957031,119.3439,12.789099999999999,16.955399999999997,0,0,160,0.1149009,0.13507960000000002,0.26666019999999996,0.011564300000000003,0,570,137,7056,839
dem-canyon,35,return,0,98.705101013183594,68.574300000000008,14.282100000000002,14.785,0,0,160,0.0748316,0.12829060000000003,0.2291821,0.011725900000000001,0,571,143,4939,693
dem-canyon,36,return,0,100.80539703369141,66.483999999999995,12.3713,20.9285,0,0,160,0.065929,0.121622,0.2150522,0.012095200000000002,0,581,151,4921,677
dem-canyon,37,return,0,94.007797241210938,65.268199999999993,12.0076,15.452499999999999,0,0,160,0.0633806,0.1311612,0.1900861,0.012454299999999996,0,650,183,5016,597
dem-canyon,38,return,0,90.024696350097656,60.883000000000003,12.214600000000001,15.975,0,0,160,0.0630296,0.13371550000000001,0.1719605,0.013622000000000002,0,605,217,4335,471
dem-canyon,39,return,0,89.733497619628906,60.729500000000002,11.2117,16.876300000000001,0,0,160,0.0682035,0.13785340000000001,0.1965473,0.013670699999999997,0,611,202,4594,707
dem-canyon,40,return,0,96.427299499511719,66.458299999999994,12.457800000000001,16.410299999999999,0,0,160,0.0704862,0.1477256,0.1927079,0.013847599999999996,0,625,199,4625,811
dem-canyon,41,return,0,93.333000183105469,62.847899999999996,12.375499999999999,17.1783,0,0,160,0.0664523,0.14160480000000003,0.1700451,0.014778199999999997,0,676,200,4046,657
dem-canyon,42,return,0,105.3572998046875,73.396699999999996,14.4038,16.9849,0,0,160,0.0723832,0.14575329999999997,0.1588476,0.014674999999999995,0,684,240,3825,647
dem-canyon,43,return,0,139.11210632324219,109.00749999999999,12.1562,17.2315,0,0,160,0.0999032,0.1365602,0.20025020000000004,0.014427499999999998,0,611,272,5817,861
dem-canyon,44,return,0,106.22769927978516,75.986799999999988,12.3163,17.2469,0,0,160,0.0790331,0.1513975,0.13915499999999997,0.015828799999999997,0,600,361,3538,610
dem-canyon,45,return,0,103.70240020751953,73.951699999999988,12.2395,16.9666,0,0,160,0.0887409,0.16556969999999996,0.13775400000000002,0.0166393,0,606,367,3494,610
dem-canyon,46,return,0,118.41799926757812,88.557999999999993,13.761000000000001,15.656000000000001,0,0,160,0.0848966,0.15841389999999997,0.1408806,0.016190399999999994,0,524,461,3463,597
dem-canyon,47,return,0,130.8916015625,100.5197,12.826000000000001,17.083000000000002,0,0,160,0.0884171,0.1617388,0.1677621,0.0167184,0,489,438,4097,704
dem-canyon,48,return,0,120.08470153808594,88.121500000000012,13.423,18.1754,0,0,160,0.0943528,0.17175420000000005,0.1523291,0.016971299999999998,0,504,463,3894,658
dem-canyon,49,return,0,130.65280151367188,99.018300000000011,13.7232,17.482500000000002,0,0,160,0.0984456,0.17303999999999994,0.1425403,0.017250499999999995,0,490,526,3709,656
dem-canyon,50,return,0,115.82820129394531,97.471500000000006,0,18.140599999999999,0,0,160,0.1137715,0.1787615,0.08710310000000002,0.017536999999999997,0,517,535,2496,574
dem-canyon,51,return,0,123.75209808349609,91.203599999999994,14.063499999999999,18.023199999999999,0,0,160,0.1136327,0.18848469999999987,0.14703519999999998,0.0186365,0,554,456,3852,684
dem-canyon,52,return,0,127.53079986572266,97.651799999999994,11.7178,17.796599999999998,0,0,160,0.0951059,0.16882339999999998,0.136464,0.017708099999999994,0,562,463,3713,680
dem-canyon,53,return,0,126.61119842529297,96.679600000000008,11.914599999999998,17.6219,0,0,160,0.1119821,0.19553759999999998,0.1418528,0.0185029,0,551,486,3775,714
dem-canyon,54,return,0,126.17440032958984,107.96409999999999,0,18.029300000000003,0,0,160,0.106061,0.21605210000000002,0.10576000000000002,0.017720500000000004,0,578,463,2854,766
dem-canyon,55,return,0,107.81610107421875,89.978200000000001,0,17.692900000000002,0,0,160,0.1090244,0.21688840000000006,0.10881349999999998,0.018142,0,580,461,2944,825
dem-canyon,56,return,0,85.268699645996094,68.310299999999998,0,16.732400000000002,0,0,160,0.0817475,0.17689699999999997,0.09515569999999998,0.016335499999999996,0,582,470,2679,724
dem-canyon,57,return,0,101.63950347900391,71.403900000000007,11.6471,18.2196,0,0,160,0.0815666,0.15261880000000005,0.12682759999999998,0.014710899999999996,0,609,444,3677,731
dem-canyon,58,return,0,89.84100341796875,59.040799999999997,11.8787,18.393799999999999,0,0,160,0.0624304,0.11640759999999999,0.10544419999999999,0.012611799999999996,0,650,414,3129,538
dem-canyon,59,return,0,95.918800354003906,62.217799999999997,15.824999999999999,17.5395,0,0,160,0.0627817,0.11844019999999997,0.14962140000000002,0.011988599999999997,0,681,382,6039,781
dem-canyon,60,return,0,169.47430419921875,137.7081,13.201700000000001,18.000499999999999,0,0,160,0.1356502,0.0957433,0.1835853,0.009960399999999996,0,723,322,8375,1143
dem-canyon,61,return,0,68.572898864746094,49.424399999999999,0,18.732100000000003,0,0,160,0.0476911,0.08976139999999999,0.040132600000000004,0.008742199999999999,0,878,219,1632,425
dem-canyon,62,return,0,44.077499389648438,25.973099999999999,0,17.910800000000002,0,0,160,0.0236486,0.07852649999999999,0.012106999999999998,0.007906599999999998,0,925,186,414,141
dem-canyon,63,return,0,53.391899108886719,19.267800000000001,13.567400000000001,20.177799999999998,0,0,160,0.0202989,0.0788312,0.053285799999999994,0.0074138999999999984,0,895,185,1280,76
dem-canyon,64,recovery,0,58.964599609375,17.017399999999999,20.9376,18.5093,2,1,160,0.0162106,0.07124779999999997,0.0609985,0.007220099999999997,7.52e-05,902,185,1651,79
dem-canyon,65,recovery,0,10.661299705505371,10.557399999999999,0,0,0,0,160,0.0112528,0.069249,0,0.0071443999999999995,0,934,186,0,0
dem-canyon,66,recovery,0,11.827899932861328,11.662600000000001,0,0,0,0,160,0.0112332,0.0735014,0,0.007753299999999998,0,934,186,0,0
dem-canyon,67,recovery,0,11.683899879455566,11.473100000000001,0,0,0,0,160,0.011116,0.07318460000000002,0,0.007877199999999996,0,934,186,0,0
dem-canyon,68,recovery,0,11.814900398254395,11.6921,0,0,0,0,160,0.0112941,0.06902980000000002,0,0.007563299999999999,0,934,186,0,0
dem-canyon,69,recovery,0,11.48900032043457,11.324499999999999,0,0,0,0,160,0.0119411,0.074004,0,0.007712799999999999,0,934,186,0,0
dem-canyon,70,recovery,0,35.047401428222656,34.852899999999998,0,0,0,0,160,0.0104756,0.06432819999999997,0,0.007499599999999998,0,934,186,0,0
dem-canyon,71,recovery,0,41.173599243164062,40.874899999999997,0,0,0,0,160,0.0114954,0.07158890000000001,0,0.007674799999999997,0,934,186,0,0
dem-canyon,72,recovery,0,25.870599746704102,25.4468,0,0,0,0,160,0.010439,0.06956470000000001,0,0.007325699999999999,0,934,186,0,0
dem-canyon,73,recovery,0,17.084699630737305,16.8581,0,0,0,0,160,0.0108283,0.06696540000000002,0,0.007080699999999999,0,934,186,0,0
dem-canyon,74,recovery,0,16.600200653076172,16.302099999999999,0,0,0,0,160,0.0118031,0.0730642,0,0.007645299999999999,0,934,186,0,0
dem-canyon,75,recovery,0,11.174200057983398,10.9984,0,0,0,0,160,0.0108784,0.06975699999999999,0,0.0077063999999999995,0,934,186,0,0
dem-canyon,76,recovery,0,12.135800361633301,11.953200000000001,0,0,0,0,160,0.0105748,0.06436930000000002,0,0.007110999999999997,0,934,186,0,0
dem-canyon,77,recovery,0,12.193499565124512,12.0572,0,0,0,0,160,0.0117643,0.0699701,0,0.0073120999999999985,0,934,186,0,0
dem-canyon,78,recovery,0,12.093799591064453,11.9725,0,0,0,0,160,0.0106187,0.06980800000000001,0,0.007515799999999999,0,934,186,0,0
dem-canyon,79,recovery,0,11.161399841308594,11.053100000000001,0,0,0,0,160,0.0110734,0.07206429999999998,0,0.007743999999999997,0,934,186,0,0
dem-canyon,80,recovery,0,12.413800239562988,12.2721,0,0,0,0,160,0.011114,0.0706494,0,0.0077218999999999986,0,934,186,0,0
dem-canyon,81,recovery,0,11.317700386047363,11.209899999999999,0,0,0,0,160,0.0115488,0.0719036,0,0.007946699999999998,0,934,186,0,0
dem-canyon,82,recovery,0,10.754799842834473,10.552900000000001,0,0,0,0,160,0.0119664,0.07062230000000001,0,0.0070739,0,934,186,0,0
dem-canyon,83,recovery,0,10.983699798583984,10.803500000000001,0,0,0,0,160,0.0124261,0.07630210000000001,0,0.007832299999999999,0,934,186,0,0
dem-canyon,84,recovery,0,11.895199775695801,11.6282,0,0,0,0,160,0.0114391,0.07106410000000002,0,0.007528599999999999,0,934,186,0,0
dem-canyon,85,recovery,0,11.773099899291992,11.5844,0,0,0,0,160,0.0115763,0.068241,0,0.007034199999999997,0,934,186,0,0
dem-canyon,86,recovery,0,12.193699836730957,12.036799999999999,0,0,0,0,160,0.0109904,0.0737903,0,0.007411199999999997,0,934,186,0,0
dem-canyon,87,recovery,0,12.058799743652344,11.849,0,0,0,0,160,0.0116413,0.0736143,0,0.008119499999999998,0,934,186,0,0
dem-canyon,88,recovery,0,12.14430046081543,11.9907,0,0,0,0,160,0.0116074,0.0779456,0,0.007808199999999999,0,934,186,0,0
dem-canyon,89,recovery,0,10.396300315856934,10.2014,0,0,0,0,160,0.0125932,0.07859909999999999,0,0.008044599999999996,0,934,186,0,0
dem-canyon,90,recovery,0,11.271599769592285,11.0642,0,0,0,0,160,0.0115727,0.07464579999999998,0,0.0077824,0,934,186,0,0
dem-canyon,91,recovery,0,11.823300361633301,11.707100000000001,0,0,0,0,160,0.0118261,0.0738555,0,0.007863499999999995,0,934,186,0,0
dem-canyon,92,recovery,0,11.677200317382812,11.510400000000001,0,0,0,0,160,0.0114844,0.07038679999999999,0,0.007343099999999999,0,934,186,0,0
dem-canyon,93,recovery,0,11.945899963378906,11.7736,0,0,0,0,160,0.0117125,0.0736496,0,0.007672,0,934,186,0,0
dem-canyon,94,recovery,0,10.064000129699707,9.9291999999999998,0,0,0,0,160,0.0109613,0.07096699999999999,0,0.007846899999999997,0,934,186,0,0
dem-canyon,95,recovery,0,10.751299858093262,10.6417,0,0,0,0,160,0.0116981,0.0724274,0,0.007176499999999998,0,934,186,0,0
