frame,root,ordinal,kind,capture,path,oldReason,oldFitHeight,sampleCount,sourceHeight,unchangedBoundaryControl,status,domain0_accepted,domain0_visible,domain0_deltaLower,domain0_deltaUpper,domain0_oldMaxSquared,domain0_newMaxSquared,domain0_screenViolations,domain0_heightViolations,domain1_accepted,domain1_visible,domain1_deltaLower,domain1_deltaUpper,domain1_oldMaxSquared,domain1_newMaxSquared,domain1_screenViolations,domain1_heightViolations
48,803,0,B,dem-canyon-b50000-transactional-t8-capture,benchmark-output/cpu-refinement/qpc-04g/run-01/dem-canyon-b50000-transactional-t8-capture/proposal-48-803-0.json,certified,2.7011644149923466,1617,2.7011644149923466,True,quality_rejected,False,1617,2375948720866257282193272109039594737460683/85070591730234615865843651857942052864,1187974360433128641096636054519797368730529/42535295865117307932921825928971026432,72192984834803413195420306345662150381088443606828724034657121730560/839297956627792441960752464212779441305207045479163424076717048921,27127300139879669944324693873727911741700884848012799233628399730688/841749796182787106892250226067405720409390918468853281744633895401,220,225,False,1617,4751897339442835508770866669035287421364475/170141183460469231731687303715884105728,4751897339442835508770866669035287421365225/170141183460469231731687303715884105728,72192984834803413195420306345662150381088443606828724034657121730560/839297956627792441960752464212779441305207045479163424076717048921,27127300139879669944324693873727911741700884848012799233628399730688/841749796182787106892250226067405720409390918468853281744633895401,220,225
48,803,1,E,dem-canyon-b50000-transactional-t8-capture,benchmark-output/cpu-refinement/qpc-04g/run-01/dem-canyon-b50000-transactional-t8-capture/proposal-48-803-1.json,fit_bound_failed,3.7737555503845215,2401,4.043524734050028,,quality_rejected,False,2401,-352434423355421412342870517736633505258751/42535295865117307932921825928971026432,-2819475386843371298742964141893068042067951/340282366920938463463374607431768211456,72192984834803413195420306345662150381088443606828724034657121730560/839297956627792441960752464212779441305207045479163424076717048921,72192984834803413195420306345662150381088443606828724034657121730560/839297956627792441960752464212779441305207045479163424076717048921,1518,1537,False,2401,-2819475490487066245721780530875493192850391/340282366920938463463374607431768211456,-1409737745243533122860890265437746596424167/170141183460469231731687303715884105728,72192984834803413195420306345662150381088443606828724034657121730560/839297956627792441960752464212779441305207045479163424076717048921,72192984834803413195420306345662150381088443606828724034657121730560/839297956627792441960752464212779441305207045479163424076717048921,1518,1537
48,803,2,E,dem-canyon-b50000-transactional-t8-capture,benchmark-output/cpu-refinement/qpc-04g/run-01/dem-canyon-b50000-transactional-t8-capture/proposal-48-803-2.json,fit_bound_failed,3.11189341545105,2385,2.4623642330121656,,quality_rejected,False,2385,4016446519682235653739463555258812808290543/170141183460469231731687303715884105728,8032893039364471307478927110517625616583257/340282366920938463463374607431768211456,72192984834803413195420306345662150381088443606828724034657121730560/839297956627792441960752464212779441305207045479163424076717048921,72192984834803413195420306345662150381088443606828724034657121730560/839297956627792441960752464212779441305207045479163424076717048921,360,375,False,2385,8032893281999735365519905064076907139006055/340282366920938463463374607431768211456,4016446640999867682759952532038453569504113/170141183460469231731687303715884105728,72192984834803413195420306345662150381088443606828724034657121730560/839297956627792441960752464212779441305207045479163424076717048921,72192984834803413195420306345662150381088443606828724034657121730560/839297956627792441960752464212779441305207045479163424076717048921,360,375
48,803,3,F,dem-canyon-b50000-transactional-t8-capture,benchmark-output/cpu-refinement/qpc-04g/run-01/dem-canyon-b50000-transactional-t8-capture/proposal-48-803-3.json,shape_infeasible,3.5407106081644706,1617,,,shape_rejected,,,,,,,,,,,,,,,,
48,803,4,H,dem-canyon-b50000-transactional-t8-capture,benchmark-output/cpu-refinement/qpc-04g/run-01/dem-canyon-b50000-transactional-t8-capture/proposal-48-803-4.json,shape_infeasible,3.5407106081644706,4313,,,shape_rejected,,,,,,,,,,,,,,,,
48,4182,0,E,dem-sierra-b50000-transactional-t8-capture,benchmark-output/cpu-refinement/qpc-04g/run-01/dem-sierra-b50000-transactional-t8-capture/proposal-48-4182-0.json,certified,6.561117358536868,513,6.631726540818479,,quality_rejected,False,513,-33372766612174465971729182611398365279001/340282366920938463463374607431768211456,-8343191653043616492932295652849591319675/85070591730234615865843651857942052864,48947412040618590708255573008971901087920000057307137036087443062784/12286558956747012526430423954666562452256391989790814832360252068809,15438208031628143061212557476017439221666363662860043159378956124328516477832396800/3300238365275618334213890877144840504139117633449610800623188206474454870856532813,249,274,False,513,-33372894142242699962300229587946422118981/340282366920938463463374607431768211456,-4171611767780337495287528698493302764835/42535295865117307932921825928971026432,48947412040618590708255573008971901087920000057307137036087443062784/12286558956747012526430423954666562452256391989790814832360252068809,214248311366296130500013960503900985611054990982884694642445516800/45800007700072762096976136440143432500037786005713841814054557733,249,274
48,4182,1,E,dem-sierra-b50000-transactional-t8-capture,benchmark-output/cpu-refinement/qpc-04g/run-01/dem-sierra-b50000-transactional-t8-capture/proposal-48-4182-1.json,certified,6.6617561712923345,525,6.532326738248839,,quality_rejected,False,525,23145016298320120947017248779838727165499/85070591730234615865843651857942052864,46290032596640241894034497559677454331147/170141183460469231731687303715884105728,48947412040618590708255573008971901087920000057307137036087443062784/12286558956747012526430423954666562452256391989790814832360252068809,359075061627340781076836854689245383194623267813516388386791431804914593705792372736/100369448533028015490963677887722890503485364404105331882984910972282016422700788481,16,27,False,525,92580079994701723928250520195226386617517/340282366920938463463374607431768211456,92580079994701723928250520195226386617815/340282366920938463463374607431768211456,48947412040618590708255573008971901087920000057307137036087443062784/12286558956747012526430423954666562452256391989790814832360252068809,179394005927231983870615386615841054755768743560087320646444652691456/50144612738558684817206701694367386185991746281636537794206778897161,16,27
48,4182,2,F,dem-sierra-b50000-transactional-t8-capture,benchmark-output/cpu-refinement/qpc-04g/run-01/dem-sierra-b50000-transactional-t8-capture/proposal-48-4182-2.json,shape_infeasible,6.648065388202667,425,,,shape_rejected,,,,,,,,,,,,,,,,
48,4182,3,F,dem-sierra-b50000-transactional-t8-capture,benchmark-output/cpu-refinement/qpc-04g/run-01/dem-sierra-b50000-transactional-t8-capture/proposal-48-4182-3.json,certified,6.600242897888918,425,6.456284039738627,,quality_rejected,False,425,36995498573718918524555892606202174931377/170141183460469231731687303715884105728,36995498573718918524555892606202174931503/170141183460469231731687303715884105728,48947412040618590708255573008971901087920000057307137036087443062784/12286558956747012526430423954666562452256391989790814832360252068809,332026073204007243888839178180443335623944190391060737531129626624/86108287611726084208700754919090282598353366421241060051259256881,33,46,False,425,4624435768376173859187632249262784568235/21267647932558653966460912964485513216,18497743073504695436750528997051138273003/85070591730234615865843651857942052864,48947412040618590708255573008971901087920000057307137036087443062784/12286558956747012526430423954666562452256391989790814832360252068809,332026073204007243888839178180443335623944190391060737531129626624/86108287611726084208700754919090282598353366421241060051259256881,33,46
48,4182,4,H,dem-sierra-b50000-transactional-t8-capture,benchmark-output/cpu-refinement/qpc-04g/run-01/dem-sierra-b50000-transactional-t8-capture/proposal-48-4182-4.json,certified,6.600242897888918,1165,6.456284039738627,,quality_rejected,False,1165,36995498573718918524555892606202174931377/170141183460469231731687303715884105728,36995498573718918524555892606202174931503/170141183460469231731687303715884105728,48947412040618590708255573008971901087920000057307137036087443062784/12286558956747012526430423954666562452256391989790814832360252068809,1549235045675523120819253540151885033592740012325220315558119815554925476628660224/398965305366811107537991157489150466357363992771112304725031617758913634159204441,33,46,False,1165,4624435768376173859187632249262784568235/21267647932558653966460912964485513216,18497743073504695436750528997051138273003/85070591730234615865843651857942052864,48947412040618590708255573008971901087920000057307137036087443062784/12286558956747012526430423954666562452256391989790814832360252068809,75511970066017584244377194807087398643159284675295554493214621696/19446166916071564906337632399923041406820689377062630249231350809,33,46
95,-269,0,E,dem-sierra-b50000-transactional-t8-capture,benchmark-output/cpu-refinement/qpc-04g/run-01/dem-sierra-b50000-transactional-t8-capture/proposal-95--269-0.json,fit_bound_failed,5.394480729304996,61,5.491086063165272,,accepted,True,61,727458511320000213951706801756739208819/170141183460469231731687303715884105728,1454917022640000427903413603513478417657/340282366920938463463374607431768211456,910428045293902092174319196130021938379441223106493047693926885920440198156517376/721185366439911073891088670777097513579592692446706427520092533427363451771643609,910428045293902092174319196130021938379441223106493047693926885920440198156517376/721185366439911073891088670777097513579592692446706427520092533427363451771643609,0,0,True,61,1454917797223985280300405456743867576703/340282366920938463463374607431768211456,727458898611992640150202728371933788361/170141183460469231731687303715884105728,12634734605918922767447259736024864712228335849694183556499111936/10008457489855540656079785391200346589150443011546514214424958929,12634734605918922767447259736024864712228335849694183556499111936/10008457489855540656079785391200346589150443011546514214424958929,0,0
95,-269,1,E,dem-sierra-b50000-transactional-t8-capture,benchmark-output/cpu-refinement/qpc-04g/run-01/dem-sierra-b50000-transactional-t8-capture/proposal-95--269-1.json,fit_bound_failed,5.473826194011417,65,5.560840310582564,,accepted,True,65,643982351697071632204388347802017871371/170141183460469231731687303715884105728,160995587924267908051097086950504467845/42535295865117307932921825928971026432,910428045293902092174319196130021938379441223106493047693926885920440198156517376/721185366439911073891088670777097513579592692446706427520092533427363451771643609,910428045293902092174319196130021938379441223106493047693926885920440198156517376/721185366439911073891088670777097513579592692446706427520092533427363451771643609,0,0,True,65,643982212085213696845525648480377260391/170141183460469231731687303715884105728,40248888255325856052845353030023578775/10633823966279326983230456482242756608,12634734605918922767447259736024864712228335849694183556499111936/10008457489855540656079785391200346589150443011546514214424958929,12634734605918922767447259736024864712228335849694183556499111936/10008457489855540656079785391200346589150443011546514214424958929,0,0
95,-269,2,E,dem-sierra-b50000-transactional-t8-capture,benchmark-output/cpu-refinement/qpc-04g/run-01/dem-sierra-b50000-transactional-t8-capture/proposal-95--269-2.json,fit_bound_failed,5.4678614139556885,87,5.484903300326012,,quality_rejected,False,87,39613504726709378607559375785939973653/170141183460469231731687303715884105728,79227009453418757215118751571879947311/340282366920938463463374607431768211456,910428045293902092174319196130021938379441223106493047693926885920440198156517376/721185366439911073891088670777097513579592692446706427520092533427363451771643609,910428045293902092174319196130021938379441223106493047693926885920440198156517376/721185366439911073891088670777097513579592692446706427520092533427363451771643609,0,2,False,87,39613594791592413522582077118794254509/170141183460469231731687303715884105728,79227189583184827045164154237588509023/340282366920938463463374607431768211456,12634734605918922767447259736024864712228335849694183556499111936/10008457489855540656079785391200346589150443011546514214424958929,12634734605918922767447259736024864712228335849694183556499111936/10008457489855540656079785391200346589150443011546514214424958929,0,2
95,-269,3,F,dem-sierra-b50000-transactional-t8-capture,benchmark-output/cpu-refinement/qpc-04g/run-01/dem-sierra-b50000-transactional-t8-capture/proposal-95--269-3.json,fit_bound_failed,5.4453894457573675,35,5.51819510022972,,accepted,True,35,362835792437917624480543050834001286205/340282366920938463463374607431768211456,181417896218958812240271525417000643105/170141183460469231731687303715884105728,910428045293902092174319196130021938379441223106493047693926885920440198156517376/721185366439911073891088670777097513579592692446706427520092533427363451771643609,910428045293902092174319196130021938379441223106493047693926885920440198156517376/721185366439911073891088670777097513579592692446706427520092533427363451771643609,0,0,True,35,362837652698889679800690970025770905637/340282366920938463463374607431768211456,181418826349444839900345485012885452821/170141183460469231731687303715884105728,12634734605918922767447259736024864712228335849694183556499111936/10008457489855540656079785391200346589150443011546514214424958929,12634734605918922767447259736024864712228335849694183556499111936/10008457489855540656079785391200346589150443011546514214424958929,0,0
95,-269,4,H,dem-sierra-b50000-transactional-t8-capture,benchmark-output/cpu-refinement/qpc-04g/run-01/dem-sierra-b50000-transactional-t8-capture/proposal-95--269-4.json,fit_bound_failed,5.4453894457573675,113,5.51819510022972,,accepted,True,113,362835792437917624480543050834001286205/340282366920938463463374607431768211456,181417896218958812240271525417000643105/170141183460469231731687303715884105728,910428045293902092174319196130021938379441223106493047693926885920440198156517376/721185366439911073891088670777097513579592692446706427520092533427363451771643609,910428045293902092174319196130021938379441223106493047693926885920440198156517376/721185366439911073891088670777097513579592692446706427520092533427363451771643609,0,0,True,113,362837652698889679800690970025770905637/340282366920938463463374607431768211456,181418826349444839900345485012885452821/170141183460469231731687303715884105728,12634734605918922767447259736024864712228335849694183556499111936/10008457489855540656079785391200346589150443011546514214424958929,12634734605918922767447259736024864712228335849694183556499111936/10008457489855540656079785391200346589150443011546514214424958929,0,0
95,-269,5,H,dem-sierra-b50000-transactional-t8-capture,benchmark-output/cpu-refinement/qpc-04g/run-01/dem-sierra-b50000-transactional-t8-capture/proposal-95--269-5.json,fit_bound_failed,5.4453894457573675,313,5.51819510022972,,accepted,True,313,362835792437917624480543050834001286205/340282366920938463463374607431768211456,181417896218958812240271525417000643105/170141183460469231731687303715884105728,910428045293902092174319196130021938379441223106493047693926885920440198156517376/721185366439911073891088670777097513579592692446706427520092533427363451771643609,910428045293902092174319196130021938379441223106493047693926885920440198156517376/721185366439911073891088670777097513579592692446706427520092533427363451771643609,0,0,True,313,362837652698889679800690970025770905637/340282366920938463463374607431768211456,181418826349444839900345485012885452821/170141183460469231731687303715884105728,12634734605918922767447259736024864712228335849694183556499111936/10008457489855540656079785391200346589150443011546514214424958929,12634734605918922767447259736024864712228335849694183556499111936/10008457489855540656079785391200346589150443011546514214424958929,0,0
95,-269,6,H,dem-sierra-b50000-transactional-t8-capture,benchmark-output/cpu-refinement/qpc-04g/run-01/dem-sierra-b50000-transactional-t8-capture/proposal-95--269-6.json,fit_bound_failed,5.4453894457573675,217,5.51819510022972,,accepted,True,217,362835792437917624480543050834001286205/340282366920938463463374607431768211456,181417896218958812240271525417000643105/170141183460469231731687303715884105728,910428045293902092174319196130021938379441223106493047693926885920440198156517376/721185366439911073891088670777097513579592692446706427520092533427363451771643609,910428045293902092174319196130021938379441223106493047693926885920440198156517376/721185366439911073891088670777097513579592692446706427520092533427363451771643609,0,0,True,217,362837652698889679800690970025770905637/340282366920938463463374607431768211456,181418826349444839900345485012885452821/170141183460469231731687303715884105728,12634734605918922767447259736024864712228335849694183556499111936/10008457489855540656079785391200346589150443011546514214424958929,12634734605918922767447259736024864712228335849694183556499111936/10008457489855540656079785391200346589150443011546514214424958929,0,0
95,-270,0,E,dem-sierra-b50000-transactional-t8-capture,benchmark-output/cpu-refinement/qpc-04g/run-01/dem-sierra-b50000-transactional-t8-capture/proposal-95--270-0.json,fit_bound_failed,5.404943490230289,61,5.5101099488245335,,accepted,True,61,1995297968935811566054307011684559957527/340282366920938463463374607431768211456,124706123058488222878394188230284997347/21267647932558653966460912964485513216,910428045293902092174319196130021938379441223106493047693926885920440198156517376/721185366439911073891088670777097513579592692446706427520092533427363451771643609,910428045293902092174319196130021938379441223106493047693926885920440198156517376/721185366439911073891088670777097513579592692446706427520092533427363451771643609,0,0,True,61,249412365868308517809715517519656208185/42535295865117307932921825928971026432,1995298926946468142477724140157249665505/340282366920938463463374607431768211456,12634734605918922767447259736024864712228335849694183556499111936/10008457489855540656079785391200346589150443011546514214424958929,12634734605918922767447259736024864712228335849694183556499111936/10008457489855540656079785391200346589150443011546514214424958929,0,0
95,-270,1,E,dem-sierra-b50000-transactional-t8-capture,benchmark-output/cpu-refinement/qpc-04g/run-01/dem-sierra-b50000-transactional-t8-capture/proposal-95--270-1.json,fit_bound_failed,5.426662469112125,65,5.524060798307992,,accepted,True,65,817818755822378671109310086846492355965/170141183460469231731687303715884105728,102227344477797333888663760855811544497/21267647932558653966460912964485513216,910428045293902092174319196130021938379441223106493047693926885920440198156517376/721185366439911073891088670777097513579592692446706427520092533427363451771643609,910428045293902092174319196130021938379441223106493047693926885920440198156517376/721185366439911073891088670777097513579592692446706427520092533427363451771643609,0,0,True,65,817819047878714373099682937587188320153/170141183460469231731687303715884105728,204454761969678593274920734396797080041/42535295865117307932921825928971026432,12634734605918922767447259736024864712228335849694183556499111936/10008457489855540656079785391200346589150443011546514214424958929,12634734605918922767447259736024864712228335849694183556499111936/10008457489855540656079785391200346589150443011546514214424958929,0,0
95,-270,2,E,dem-sierra-b50000-transactional-t8-capture,benchmark-output/cpu-refinement/qpc-04g/run-01/dem-sierra-b50000-transactional-t8-capture/proposal-95--270-2.json,fit_bound_failed,5.4311604499816895,87,5.4790376022477405,,accepted,True,87,362164034095499785681376290538544020069/340282366920938463463374607431768211456,362164034095499785681376290538544020079/340282366920938463463374607431768211456,910428045293902092174319196130021938379441223106493047693926885920440198156517376/721185366439911073891088670777097513579592692446706427520092533427363451771643609,910428045293902092174319196130021938379441223106493047693926885920440198156517376/721185366439911073891088670777097513579592692446706427520092533427363451771643609,0,0,True,87,362165043017690152669672489723971656075/340282366920938463463374607431768211456,362165043017690152669672489723971656085/340282366920938463463374607431768211456,12634734605918922767447259736024864712228335849694183556499111936/10008457489855540656079785391200346589150443011546514214424958929,12634734605918922767447259736024864712228335849694183556499111936/10008457489855540656079785391200346589150443011546514214424958929,0,0
95,-270,3,F,dem-sierra-b50000-transactional-t8-capture,benchmark-output/cpu-refinement/qpc-04g/run-01/dem-sierra-b50000-transactional-t8-capture/proposal-95--270-3.json,fit_bound_failed,5.4209221364413676,35,5.519304826893177,,accepted,True,35,726077330297205905513801307337107897325/340282366920938463463374607431768211456,726077330297205905513801307337107897335/340282366920938463463374607431768211456,910428045293902092174319196130021938379441223106493047693926885920440198156517376/721185366439911073891088670777097513579592692446706427520092533427363451771643609,910428045293902092174319196130021938379441223106493047693926885920440198156517376/721185366439911073891088670777097513579592692446706427520092533427363451771643609,0,0,True,35,181520077865004231213478866470365686133/85070591730234615865843651857942052864,363040155730008462426957732940731372271/170141183460469231731687303715884105728,12634734605918922767447259736024864712228335849694183556499111936/10008457489855540656079785391200346589150443011546514214424958929,12634734605918922767447259736024864712228335849694183556499111936/10008457489855540656079785391200346589150443011546514214424958929,0,0
95,-270,4,H,dem-sierra-b50000-transactional-t8-capture,benchmark-output/cpu-refinement/qpc-04g/run-01/dem-sierra-b50000-transactional-t8-capture/proposal-95--270-4.json,fit_bound_failed,5.4209221364413676,113,5.519304826893177,,accepted,True,113,726077330297205905513801307337107897325/340282366920938463463374607431768211456,726077330297205905513801307337107897335/340282366920938463463374607431768211456,910428045293902092174319196130021938379441223106493047693926885920440198156517376/721185366439911073891088670777097513579592692446706427520092533427363451771643609,910428045293902092174319196130021938379441223106493047693926885920440198156517376/721185366439911073891088670777097513579592692446706427520092533427363451771643609,0,0,True,113,181520077865004231213478866470365686133/85070591730234615865843651857942052864,363040155730008462426957732940731372271/170141183460469231731687303715884105728,12634734605918922767447259736024864712228335849694183556499111936/10008457489855540656079785391200346589150443011546514214424958929,12634734605918922767447259736024864712228335849694183556499111936/10008457489855540656079785391200346589150443011546514214424958929,0,0
95,-270,5,H,dem-sierra-b50000-transactional-t8-capture,benchmark-output/cpu-refinement/qpc-04g/run-01/dem-sierra-b50000-transactional-t8-capture/proposal-95--270-5.json,fit_bound_failed,5.4209221364413676,365,5.519304826893177,,accepted,True,365,726077330297205905513801307337107897325/340282366920938463463374607431768211456,726077330297205905513801307337107897335/340282366920938463463374607431768211456,910428045293902092174319196130021938379441223106493047693926885920440198156517376/721185366439911073891088670777097513579592692446706427520092533427363451771643609,910428045293902092174319196130021938379441223106493047693926885920440198156517376/721185366439911073891088670777097513579592692446706427520092533427363451771643609,0,0,True,365,181520077865004231213478866470365686133/85070591730234615865843651857942052864,363040155730008462426957732940731372271/170141183460469231731687303715884105728,12634734605918922767447259736024864712228335849694183556499111936/10008457489855540656079785391200346589150443011546514214424958929,12634734605918922767447259736024864712228335849694183556499111936/10008457489855540656079785391200346589150443011546514214424958929,0,0
95,-270,6,H,dem-sierra-b50000-transactional-t8-capture,benchmark-output/cpu-refinement/qpc-04g/run-01/dem-sierra-b50000-transactional-t8-capture/proposal-95--270-6.json,fit_bound_failed,5.4209221364413676,217,5.519304826893177,,accepted,True,217,726077330297205905513801307337107897325/340282366920938463463374607431768211456,726077330297205905513801307337107897335/340282366920938463463374607431768211456,910428045293902092174319196130021938379441223106493047693926885920440198156517376/721185366439911073891088670777097513579592692446706427520092533427363451771643609,910428045293902092174319196130021938379441223106493047693926885920440198156517376/721185366439911073891088670777097513579592692446706427520092533427363451771643609,0,0,True,217,181520077865004231213478866470365686133/85070591730234615865843651857942052864,363040155730008462426957732940731372271/170141183460469231731687303715884105728,12634734605918922767447259736024864712228335849694183556499111936/10008457489855540656079785391200346589150443011546514214424958929,12634734605918922767447259736024864712228335849694183556499111936/10008457489855540656079785391200346589150443011546514214424958929,0,0
95,-271,0,E,dem-sierra-b50000-transactional-t8-capture,benchmark-output/cpu-refinement/qpc-04g/run-01/dem-sierra-b50000-transactional-t8-capture/proposal-95--271-0.json,fit_bound_failed,5.404943490230289,61,5.5101099488245335,,accepted,True,61,1995297968935811566054307011684559957527/340282366920938463463374607431768211456,124706123058488222878394188230284997347/21267647932558653966460912964485513216,910428045293902092174319196130021938379441223106493047693926885920440198156517376/721185366439911073891088670777097513579592692446706427520092533427363451771643609,910428045293902092174319196130021938379441223106493047693926885920440198156517376/721185366439911073891088670777097513579592692446706427520092533427363451771643609,0,0,True,61,249412365868308517809715517519656208185/42535295865117307932921825928971026432,1995298926946468142477724140157249665505/340282366920938463463374607431768211456,12634734605918922767447259736024864712228335849694183556499111936/10008457489855540656079785391200346589150443011546514214424958929,12634734605918922767447259736024864712228335849694183556499111936/10008457489855540656079785391200346589150443011546514214424958929,0,0
95,-271,1,E,dem-sierra-b50000-transactional-t8-capture,benchmark-output/cpu-refinement/qpc-04g/run-01/dem-sierra-b50000-transactional-t8-capture/proposal-95--271-1.json,fit_bound_failed,5.473826194011417,65,5.560840310582564,,accepted,True,65,643982351697071632204388347802017871371/170141183460469231731687303715884105728,160995587924267908051097086950504467845/42535295865117307932921825928971026432,910428045293902092174319196130021938379441223106493047693926885920440198156517376/721185366439911073891088670777097513579592692446706427520092533427363451771643609,910428045293902092174319196130021938379441223106493047693926885920440198156517376/721185366439911073891088670777097513579592692446706427520092533427363451771643609,0,0,True,65,643982212085213696845525648480377260391/170141183460469231731687303715884105728,40248888255325856052845353030023578775/10633823966279326983230456482242756608,12634734605918922767447259736024864712228335849694183556499111936/10008457489855540656079785391200346589150443011546514214424958929,12634734605918922767447259736024864712228335849694183556499111936/10008457489855540656079785391200346589150443011546514214424958929,0,0
95,-271,2,E,dem-sierra-b50000-transactional-t8-capture,benchmark-output/cpu-refinement/qpc-04g/run-01/dem-sierra-b50000-transactional-t8-capture/proposal-95--271-2.json,fit_bound_failed,5.4783241748809814,87,5.531353287810709,,accepted,True,87,441952082728584544915076948443937574935/340282366920938463463374607431768211456,220976041364292272457538474221968787473/170141183460469231731687303715884105728,910428045293902092174319196130021938379441223106493047693926885920440198156517376/721185366439911073891088670777097513579592692446706427520092533427363451771643609,910428045293902092174319196130021938379441223106493047693926885920440198156517376/721185366439911073891088670777097513579592692446706427520092533427363451771643609,0,0,True,87,220976627968125587650020304207536297707/170141183460469231731687303715884105728,441953255936251175300040608415072595425/340282366920938463463374607431768211456,12634734605918922767447259736024864712228335849694183556499111936/10008457489855540656079785391200346589150443011546514214424958929,12634734605918922767447259736024864712228335849694183556499111936/10008457489855540656079785391200346589150443011546514214424958929,0,0
95,-271,3,F,dem-sierra-b50000-transactional-t8-capture,benchmark-output/cpu-refinement/qpc-04g/run-01/dem-sierra-b50000-transactional-t8-capture/proposal-95--271-3.json,fit_bound_failed,5.452364619707561,35,5.555661586153099,,accepted,True,35,807290249066587024243866321143354000709/340282366920938463463374607431768211456,50455640566661689015241645071459625045/21267647932558653966460912964485513216,910428045293902092174319196130021938379441223106493047693926885920440198156517376/721185366439911073891088670777097513579592692446706427520092533427363451771643609,910428045293902092174319196130021938379441223106493047693926885920440198156517376/721185366439911073891088670777097513579592692446706427520092533427363451771643609,0,0,True,35,807290704470656872583839261766657736129/340282366920938463463374607431768211456,201822676117664218145959815441664434035/85070591730234615865843651857942052864,12634734605918922767447259736024864712228335849694183556499111936/10008457489855540656079785391200346589150443011546514214424958929,12634734605918922767447259736024864712228335849694183556499111936/10008457489855540656079785391200346589150443011546514214424958929,0,0
95,-271,4,H,dem-sierra-b50000-transactional-t8-capture,benchmark-output/cpu-refinement/qpc-04g/run-01/dem-sierra-b50000-transactional-t8-capture/proposal-95--271-4.json,fit_bound_failed,5.452364619707561,113,5.555661586153099,,accepted,True,113,807290249066587024243866321143354000709/340282366920938463463374607431768211456,50455640566661689015241645071459625045/21267647932558653966460912964485513216,910428045293902092174319196130021938379441223106493047693926885920440198156517376/721185366439911073891088670777097513579592692446706427520092533427363451771643609,910428045293902092174319196130021938379441223106493047693926885920440198156517376/721185366439911073891088670777097513579592692446706427520092533427363451771643609,0,0,True,113,807290704470656872583839261766657736129/340282366920938463463374607431768211456,201822676117664218145959815441664434035/85070591730234615865843651857942052864,12634734605918922767447259736024864712228335849694183556499111936/10008457489855540656079785391200346589150443011546514214424958929,12634734605918922767447259736024864712228335849694183556499111936/10008457489855540656079785391200346589150443011546514214424958929,0,0
95,-271,5,H,dem-sierra-b50000-transactional-t8-capture,benchmark-output/cpu-refinement/qpc-04g/run-01/dem-sierra-b50000-transactional-t8-capture/proposal-95--271-5.json,fit_bound_failed,5.452364619707561,365,5.555661586153099,,accepted,True,365,807290249066587024243866321143354000709/340282366920938463463374607431768211456,50455640566661689015241645071459625045/21267647932558653966460912964485513216,910428045293902092174319196130021938379441223106493047693926885920440198156517376/721185366439911073891088670777097513579592692446706427520092533427363451771643609,910428045293902092174319196130021938379441223106493047693926885920440198156517376/721185366439911073891088670777097513579592692446706427520092533427363451771643609,0,0,True,365,807290704470656872583839261766657736129/340282366920938463463374607431768211456,201822676117664218145959815441664434035/85070591730234615865843651857942052864,12634734605918922767447259736024864712228335849694183556499111936/10008457489855540656079785391200346589150443011546514214424958929,12634734605918922767447259736024864712228335849694183556499111936/10008457489855540656079785391200346589150443011546514214424958929,0,0
95,-271,6,H,dem-sierra-b50000-transactional-t8-capture,benchmark-output/cpu-refinement/qpc-04g/run-01/dem-sierra-b50000-transactional-t8-capture/proposal-95--271-6.json,fit_bound_failed,5.452364619707561,217,5.555661586153099,,accepted,True,217,807290249066587024243866321143354000709/340282366920938463463374607431768211456,50455640566661689015241645071459625045/21267647932558653966460912964485513216,910428045293902092174319196130021938379441223106493047693926885920440198156517376/721185366439911073891088670777097513579592692446706427520092533427363451771643609,910428045293902092174319196130021938379441223106493047693926885920440198156517376/721185366439911073891088670777097513579592692446706427520092533427363451771643609,0,0,True,217,807290704470656872583839261766657736129/340282366920938463463374607431768211456,201822676117664218145959815441664434035/85070591730234615865843651857942052864,12634734605918922767447259736024864712228335849694183556499111936/10008457489855540656079785391200346589150443011546514214424958929,12634734605918922767447259736024864712228335849694183556499111936/10008457489855540656079785391200346589150443011546514214424958929,0,0
95,-272,0,E,dem-sierra-b50000-transactional-t8-capture,benchmark-output/cpu-refinement/qpc-04g/run-01/dem-sierra-b50000-transactional-t8-capture/proposal-95--272-0.json,fit_bound_failed,5.394480729304996,61,5.491086063165272,,accepted,True,61,727458511320000213951706801756739208819/170141183460469231731687303715884105728,1454917022640000427903413603513478417657/340282366920938463463374607431768211456,910428045293902092174319196130021938379441223106493047693926885920440198156517376/721185366439911073891088670777097513579592692446706427520092533427363451771643609,910428045293902092174319196130021938379441223106493047693926885920440198156517376/721185366439911073891088670777097513579592692446706427520092533427363451771643609,0,0,True,61,1454917797223985280300405456743867576703/340282366920938463463374607431768211456,727458898611992640150202728371933788361/170141183460469231731687303715884105728,12634734605918922767447259736024864712228335849694183556499111936/10008457489855540656079785391200346589150443011546514214424958929,12634734605918922767447259736024864712228335849694183556499111936/10008457489855540656079785391200346589150443011546514214424958929,0,0
95,-272,1,E,dem-sierra-b50000-transactional-t8-capture,benchmark-output/cpu-refinement/qpc-04g/run-01/dem-sierra-b50000-transactional-t8-capture/proposal-95--272-1.json,fit_bound_failed,5.426662469112125,65,5.524060798307992,,accepted,True,65,817818755822378671109310086846492355965/170141183460469231731687303715884105728,102227344477797333888663760855811544497/21267647932558653966460912964485513216,910428045293902092174319196130021938379441223106493047693926885920440198156517376/721185366439911073891088670777097513579592692446706427520092533427363451771643609,910428045293902092174319196130021938379441223106493047693926885920440198156517376/721185366439911073891088670777097513579592692446706427520092533427363451771643609,0,0,True,65,817819047878714373099682937587188320153/170141183460469231731687303715884105728,204454761969678593274920734396797080041/42535295865117307932921825928971026432,12634734605918922767447259736024864712228335849694183556499111936/10008457489855540656079785391200346589150443011546514214424958929,12634734605918922767447259736024864712228335849694183556499111936/10008457489855540656079785391200346589150443011546514214424958929,0,0
95,-272,2,E,dem-sierra-b50000-transactional-t8-capture,benchmark-output/cpu-refinement/qpc-04g/run-01/dem-sierra-b50000-transactional-t8-capture/proposal-95--272-2.json,fit_bound_failed,5.4206976890563965,87,5.47364750131095,,accepted,True,87,390831129635680799681629741972857970803/340282366920938463463374607431768211456,390831129635680799681629741972857970813/340282366920938463463374607431768211456,910428045293902092174319196130021938379441223106493047693926885920440198156517376/721185366439911073891088670777097513579592692446706427520092533427363451771643609,910428045293902092174319196130021938379441223106493047693926885920440198156517376/721185366439911073891088670777097513579592692446706427520092533427363451771643609,0,0,True,87,195415902345401263566217371465226692279/170141183460469231731687303715884105728,48853975586350315891554342866306673071/42535295865117307932921825928971026432,12634734605918922767447259736024864712228335849694183556499111936/10008457489855540656079785391200346589150443011546514214424958929,12634734605918922767447259736024864712228335849694183556499111936/10008457489855540656079785391200346589150443011546514214424958929,0,0
95,-272,3,F,dem-sierra-b50000-transactional-t8-capture,benchmark-output/cpu-refinement/qpc-04g/run-01/dem-sierra-b50000-transactional-t8-capture/proposal-95--272-3.json,fit_bound_failed,5.413946962491172,35,5.511800960883136,,accepted,True,35,703158063353281616866322828709975779447/340282366920938463463374607431768211456,703158063353281616866322828709975779457/340282366920938463463374607431768211456,910428045293902092174319196130021938379441223106493047693926885920440198156517376/721185366439911073891088670777097513579592692446706427520092533427363451771643609,910428045293902092174319196130021938379441223106493047693926885920440198156517376/721185366439911073891088670777097513579592692446706427520092533427363451771643609,0,0,True,35,703158286542118125143065515128990394285/340282366920938463463374607431768211456,703158286542118125143065515128990394295/340282366920938463463374607431768211456,12634734605918922767447259736024864712228335849694183556499111936/10008457489855540656079785391200346589150443011546514214424958929,12634734605918922767447259736024864712228335849694183556499111936/10008457489855540656079785391200346589150443011546514214424958929,0,0
95,-272,4,H,dem-sierra-b50000-transactional-t8-capture,benchmark-output/cpu-refinement/qpc-04g/run-01/dem-sierra-b50000-transactional-t8-capture/proposal-95--272-4.json,fit_bound_failed,5.413946962491172,113,5.511800960883136,,accepted,True,113,703158063353281616866322828709975779447/340282366920938463463374607431768211456,703158063353281616866322828709975779457/340282366920938463463374607431768211456,910428045293902092174319196130021938379441223106493047693926885920440198156517376/721185366439911073891088670777097513579592692446706427520092533427363451771643609,910428045293902092174319196130021938379441223106493047693926885920440198156517376/721185366439911073891088670777097513579592692446706427520092533427363451771643609,0,0,True,113,703158286542118125143065515128990394285/340282366920938463463374607431768211456,703158286542118125143065515128990394295/340282366920938463463374607431768211456,12634734605918922767447259736024864712228335849694183556499111936/10008457489855540656079785391200346589150443011546514214424958929,12634734605918922767447259736024864712228335849694183556499111936/10008457489855540656079785391200346589150443011546514214424958929,0,0
95,-272,5,H,dem-sierra-b50000-transactional-t8-capture,benchmark-output/cpu-refinement/qpc-04g/run-01/dem-sierra-b50000-transactional-t8-capture/proposal-95--272-5.json,fit_bound_failed,5.413946962491172,313,5.511800960883136,,accepted,True,313,703158063353281616866322828709975779447/340282366920938463463374607431768211456,703158063353281616866322828709975779457/340282366920938463463374607431768211456,910428045293902092174319196130021938379441223106493047693926885920440198156517376/721185366439911073891088670777097513579592692446706427520092533427363451771643609,910428045293902092174319196130021938379441223106493047693926885920440198156517376/721185366439911073891088670777097513579592692446706427520092533427363451771643609,0,0,True,313,703158286542118125143065515128990394285/340282366920938463463374607431768211456,703158286542118125143065515128990394295/340282366920938463463374607431768211456,12634734605918922767447259736024864712228335849694183556499111936/10008457489855540656079785391200346589150443011546514214424958929,12634734605918922767447259736024864712228335849694183556499111936/10008457489855540656079785391200346589150443011546514214424958929,0,0
95,-272,6,H,dem-sierra-b50000-transactional-t8-capture,benchmark-output/cpu-refinement/qpc-04g/run-01/dem-sierra-b50000-transactional-t8-capture/proposal-95--272-6.json,fit_bound_failed,5.413946962491172,217,5.511800960883136,,accepted,True,217,703158063353281616866322828709975779447/340282366920938463463374607431768211456,703158063353281616866322828709975779457/340282366920938463463374607431768211456,910428045293902092174319196130021938379441223106493047693926885920440198156517376/721185366439911073891088670777097513579592692446706427520092533427363451771643609,910428045293902092174319196130021938379441223106493047693926885920440198156517376/721185366439911073891088670777097513579592692446706427520092533427363451771643609,0,0,True,217,703158286542118125143065515128990394285/340282366920938463463374607431768211456,703158286542118125143065515128990394295/340282366920938463463374607431768211456,12634734605918922767447259736024864712228335849694183556499111936/10008457489855540656079785391200346589150443011546514214424958929,12634734605918922767447259736024864712228335849694183556499111936/10008457489855540656079785391200346589150443011546514214424958929,0,0
15,599,0,E,peking547-b50000-transactional-t8-capture,benchmark-output/cpu-refinement/qpc-04g/run-01/peking547-b50000-transactional-t8-capture/proposal-15-599-0.json,fit_bound_failed,1.6404095888137817,7073,1.7389462691691462,,quality_rejected,False,7073,1302415186688659721466213435338579973479547/340282366920938463463374607431768211456,1302415186688659721466213435338579973484383/340282366920938463463374607431768211456,108224601762587599089047545798483827264643113682810239227506944/27149542493787070066223407298725517717439713212246851617332561,108224601762587599089047545798483827264643113682810239227506944/27149542493787070066223407298725517717439713212246851617332561,691,531,False,7073,651207770169570260019756466265460370527197/170141183460469231731687303715884105728,651207770169570260019756466265460370529615/170141183460469231731687303715884105728,108224601762587599089047545798483827264643113682810239227506944/27149542493787070066223407298725517717439713212246851617332561,108224601762587599089047545798483827264643113682810239227506944/27149542493787070066223407298725517717439713212246851617332561,691,531
15,599,1,B,peking547-b50000-transactional-t8-capture,benchmark-output/cpu-refinement/qpc-04g/run-01/peking547-b50000-transactional-t8-capture/proposal-15-599-1.json,certified,1.8889219501029983,3571,1.8889219501029983,True,quality_rejected,False,3571,675130042063980292064395215257258544112945/340282366920938463463374607431768211456,675130042063980292064395215257258544115265/340282366920938463463374607431768211456,108224601762587599089047545798483827264643113682810239227506944/27149542493787070066223407298725517717439713212246851617332561,220820061870371709510970743832744937527879734654814800324502683904/59250689161219523660910797417049120192030081100217319091972348041,682,577,False,3571,337565026938407718626399621018405184130495/170141183460469231731687303715884105728,337565026938407718626399621018405184131655/170141183460469231731687303715884105728,108224601762587599089047545798483827264643113682810239227506944/27149542493787070066223407298725517717439713212246851617332561,220820061870371709510970743832744937527879734654814800324502683904/59250689161219523660910797417049120192030081100217319091972348041,682,577
15,599,2,E,peking547-b50000-transactional-t8-capture,benchmark-output/cpu-refinement/qpc-04g/run-01/peking547-b50000-transactional-t8-capture/proposal-15-599-2.json,fit_bound_failed,1.6363469362258911,5322,1.6742360952162967,,quality_rejected,False,5322,8599203533315419885354523285233243600809/21267647932558653966460912964485513216,137587256533046718165672372563731897615215/340282366920938463463374607431768211456,108224601762587599089047545798483827264643113682810239227506944/27149542493787070066223407298725517717439713212246851617332561,108224601762587599089047545798483827264643113682810239227506944/27149542493787070066223407298725517717439713212246851617332561,375,315,False,5322,137587154223998400778462309288277191981941/340282366920938463463374607431768211456,34396788555999600194615577322069297996053/85070591730234615865843651857942052864,108224601762587599089047545798483827264643113682810239227506944/27149542493787070066223407298725517717439713212246851617332561,108224601762587599089047545798483827264643113682810239227506944/27149542493787070066223407298725517717439713212246851617332561,375,315
15,599,3,F,peking547-b50000-transactional-t8-capture,benchmark-output/cpu-refinement/qpc-04g/run-01/peking547-b50000-transactional-t8-capture/proposal-15-599-3.json,shape_infeasible,1.6707407633463542,3571,,,shape_rejected,,,,,,,,,,,,,,,,
15,599,4,H,peking547-b50000-transactional-t8-capture,benchmark-output/cpu-refinement/qpc-04g/run-01/peking547-b50000-transactional-t8-capture/proposal-15-599-4.json,shape_infeasible,1.6707407633463542,17154,,,shape_rejected,,,,,,,,,,,,,,,,
