frame,phase,frameMs,dispatchMs,taskSumMs,taskMaxMs,tasks,threads,waitMs,afterLastTaskMs,balanceRatio
3,view_projection,56.663902,3.26971,23.494669,3.038888,8,8,3.080335,0.044745,0.9664171976723064
3,view_scores,56.663902,3.567647,25.814941,3.423898,8,8,3.411963,0.068726,0.9424543677995081
3,receiver_stage,56.663902,8.481074,40.459747,8.297759,8,8,8.327721,0.071567,0.6094981036446107
3,donor_stage,56.663902,2.789416,16.286458,2.590227,8,8,2.641752,0.054629,0.7859570802095723
3,face_fill,56.663902,0.137154,0.002689,0.00213,8,1,0.00012,0.083186,0.15780516431924882
3,mesh_fill,56.663902,0.169085,0.030311,0.011571,8,2,0.00011,0.067096,0.3274457695964048
4,view_projection,60.952426,4.808444,33.606781,4.537412,8,8,4.61972,0.081051,0.9258245945045326
4,view_scores,60.952426,4.740802,33.526554,4.613159,8,8,4.567508,0.055661,0.9084489067036277
4,receiver_stage,60.952426,9.736461,47.950045,9.56181,8,8,9.557997,0.075638,0.6268432048953075
4,donor_stage,60.952426,3.085603,17.567147,2.917245,8,8,2.922209,0.043564,0.7527284732684433
4,face_fill,60.952426,0.132773,0.00251,0.00187,8,1,0.00082,0.081241,0.1677807486631016
4,mesh_fill,60.952426,0.136273,0.024091,0.00792,8,2,0.00011,0.070345,0.38022411616161617
5,view_projection,47.899162,4.445545,31.967798,4.252094,8,8,4.309841,0.085512,0.939766324545036
5,view_scores,47.899162,3.808934,26.697657,3.653349,8,8,3.64708,0.053526,0.9134651863262995
5,receiver_stage,47.899162,11.009354,51.694312,10.802518,8,8,10.831019,0.060592,0.598174333058274
5,donor_stage,47.899162,2.954617,16.771112,2.736471,8,8,2.809022,0.038166,0.7660921676129584
5,face_fill,47.899162,0.136444,0.002551,0.0013,8,1,0.00013,0.048386,0.24528846153846154
5,mesh_fill,47.899162,0.148354,0.02071,0.00587,8,2,0.00011,0.076782,0.4410136286201022
6,view_projection,49.034074,4.609078,31.14407,4.375092,8,8,4.433934,0.073286,0.8898118599563163
6,view_scores,49.034074,4.901922,33.217503,4.766518,8,8,4.736758,0.081856,0.8711155344425429
6,receiver_stage,49.034074,12.004664,52.939874,11.876941,8,8,11.85345,0.053061,0.5571707605518963
6,donor_stage,49.034074,3.015494,15.127848,2.801217,8,8,2.87895,0.034806,0.6750569484620436
6,face_fill,49.034074,0.160514,0.002339,0.00154,8,1,0.00013,0.097602,0.1898538961038961
6,mesh_fill,49.034074,0.134593,0.01877,0.00558,8,2,0.00011,0.06696,0.4204749103942652
7,view_projection,39.492978,3.533376,25.861964,3.353267,8,8,3.333931,0.043991,0.9640584838606648
7,view_scores,39.492978,3.575512,25.910465,3.453879,8,8,3.438728,0.050171,0.9377306283746477
7,receiver_stage,39.492978,10.604073,48.443206,10.481595,8,8,10.46429,0.057416,0.5777174895614646
7,donor_stage,39.492978,2.812367,14.946619,2.620137,8,8,2.685184,0.05079,0.7130647653157067
7,face_fill,39.492978,0.125984,0.00179,0.00112,8,1,0.00013,0.082056,0.19977678571428573
7,mesh_fill,39.492978,0.132763,0.016028,0.00457,8,2,0.00013,0.067036,0.43840262582056894
8,view_projection,43.058131,4.950648,35.393924,4.728972,8,8,4.811974,0.073292,0.9355607307465555
8,view_scores,43.058131,3.779017,26.6923,3.650874,8,8,3.633103,0.055641,0.9139010275347766
8,receiver_stage,43.058131,8.680494,55.995552,8.464327,8,8,8.52662,0.069717,0.8269344981591567
8,donor_stage,43.058131,2.841823,14.006974,2.650133,8,8,2.70775,0.0407,0.6606731624412813
8,face_fill,43.058131,0.124633,0.00192,0.0012,8,1,0.00128,0.077778,0.2
8,mesh_fill,43.058131,0.133263,0.022459,0.00802,8,2,0.00011,0.065492,0.3500467581047382
9,view_projection,40.050563,3.758387,26.657877,3.527125,8,8,3.566902,0.053227,0.9447452599496757
9,view_scores,40.050563,4.859109,31.384144,4.715287,8,8,4.787888,0.078076,0.831978626115441
9,receiver_stage,40.050563,9.990304,60.808138,9.698945,8,8,9.798168,0.097782,0.7836952627321837
9,donor_stage,40.050563,2.742831,14.030083,2.500714,8,8,2.582797,0.035991,0.7013038576182642
9,face_fill,40.050563,0.138884,0.001988,0.00128,8,1,0.00016,0.087218,0.194140625
9,mesh_fill,40.050563,0.128843,0.012621,0.00459,8,1,0.00012,0.072757,0.3437091503267974
10,view_projection,43.306627,5.288327,36.144145,5.100026,8,8,5.118423,0.045446,0.8858813906046754
10,view_scores,43.306627,3.633108,24.733269,3.428674,8,8,3.476714,0.133878,0.9017067895635456
10,receiver_stage,43.306627,10.232709,62.396708,10.029719,8,8,10.052205,0.060947,0.7776477586261389
10,donor_stage,43.306627,2.699729,14.097879,2.499874,8,8,2.549816,0.036401,0.7049294784457136
10,face_fill,43.306627,0.125753,0.00169,0.00104,8,1,0.00019,0.086182,0.20312500000000003
10,mesh_fill,43.306627,0.196895,0.036631,0.010331,8,3,0.061382,0.068032,0.44321701674571673
11,view_projection,37.871417,4.942598,35.555752,4.718612,8,8,4.758383,0.085501,0.9419017711140478
11,view_scores,37.871417,4.185242,29.925047,3.985853,8,8,3.968766,0.069905,0.9384768768441786
11,receiver_stage,37.871417,12.341249,63.833592,12.084181,8,8,12.171674,0.073521,0.6603011821818956
11,donor_stage,37.871417,2.703325,14.596694,2.480813,8,8,2.568632,0.043396,0.7354793569688647
11,face_fill,37.871417,0.126943,0.00187,0.00122,8,1,0.00011,0.087032,0.1915983606557377
11,mesh_fill,37.871417,0.140564,0.0134,0.00489,8,2,0.00012,0.073122,0.3425357873210634
12,view_projection,45.269497,3.90121,25.125448,3.612108,8,8,3.719975,0.0775,0.8694870142310251
12,view_scores,45.269497,5.103117,33.817555,4.798988,8,8,4.917513,0.179935,0.8808512075879331
12,receiver_stage,45.269497,10.985837,62.059123,10.733502,8,8,10.800023,0.069845,0.7227268765590206
12,donor_stage,45.269497,2.343896,13.939859,2.180015,8,8,2.199472,0.038751,0.7992983419838854
12,face_fill,45.269497,0.155264,0.00263,0.00119,8,1,0.00012,0.095847,0.27626050420168063
12,mesh_fill,45.269497,0.140234,0.01555,0.00771,8,1,0.00012,0.068586,0.2521076523994812
13,view_projection,42.255476,3.428068,23.865495,3.275059,8,8,3.283145,0.03942,0.9108803459723931
13,view_scores,42.255476,3.998863,28.324305,3.864134,8,8,3.86389,0.058385,0.9162565596845244
13,receiver_stage,42.255476,12.524718,58.951366,12.288147,8,8,12.352375,0.079166,0.599677131954883
13,donor_stage,42.255476,2.656628,14.555015,2.472868,8,8,2.509364,0.04491,0.7357355406758468
13,face_fill,42.255476,0.201156,0.00297,0.00139,8,1,0.00016,0.147099,0.2670863309352518
13,mesh_fill,42.255476,0.174905,0.026172,0.011601,8,2,0.00012,0.067507,0.28200155159038015
14,view_projection,43.869571,5.061261,35.890049,4.756537,8,8,4.904177,0.109083,0.9431769636186998
14,view_scores,43.869571,3.568312,25.093966,3.416684,8,8,3.417879,0.055251,0.9180672693172679
14,receiver_stage,43.869571,12.126993,58.536933,11.908696,8,8,11.979879,0.049366,0.6144347479354582
14,donor_stage,43.869571,2.628288,13.508443,2.427777,8,8,2.500015,0.043241,0.6955150225906251
14,face_fill,43.869571,0.125043,0.001949,0.00128,8,1,0.00014,0.083167,0.19033203124999998
14,mesh_fill,43.869571,0.129433,0.01934,0.00571,8,2,0.00012,0.068202,0.4233800350262697
15,view_projection,43.925583,3.530082,24.883135,3.324959,8,8,3.356987,0.045327,0.9354677380984245
15,view_scores,43.925583,3.723376,26.151275,3.568947,8,8,3.574312,0.079737,0.915931050531151
15,receiver_stage,43.925583,11.355583,64.886172,11.133357,8,8,11.178538,0.076926,0.7285108615487674
15,donor_stage,43.925583,2.550646,13.738437,2.335115,8,8,2.408242,0.04097,0.7354261460356342
15,face_fill,43.925583,0.127094,0.00202,0.00118,8,1,0.00013,0.081468,0.21398305084745764
15,mesh_fill,43.925583,0.142103,0.02233,0.00746,8,2,0.00012,0.067051,0.3741621983914209
16,view_projection,45.660214,4.644795,30.829664,4.453194,8,8,4.493952,0.045801,0.8653806683472582
16,view_scores,45.660214,3.756667,26.372688,3.588442,8,8,3.587433,0.064687,0.9186677672371464
16,receiver_stage,45.660214,8.956932,52.527068,8.806361,8,8,8.806357,0.051118,0.7455841862490079
16,donor_stage,45.660214,2.69832,13.930045,2.511895,8,8,2.568647,0.047191,0.6932039854372893
16,face_fill,45.660214,0.175775,0.006438,0.00501,8,1,0.00452,0.103079,0.16062874251497009
16,mesh_fill,45.660214,0.164504,0.032621,0.01079,8,2,0.00011,0.066631,0.3779077849860982
17,view_projection,41.749407,4.467665,32.345813,4.28528,8,8,4.336352,0.064972,0.9435151553690774
17,view_scores,41.749407,4.129627,30.066674,3.971322,8,8,3.970392,0.057328,0.9463685518323621
17,receiver_stage,41.749407,8.799782,50.42313,8.605422,8,8,8.615586,0.049851,0.7324325582173656
17,donor_stage,41.749407,2.210813,13.015382,2.027676,8,8,2.08052,0.041341,0.8023583402871071
17,face_fill,41.749407,0.153414,0.00218,0.0013,8,1,0.00012,0.093503,0.20961538461538462
17,mesh_fill,41.749407,0.153614,0.032391,0.014451,8,2,0.00011,0.059668,0.28017957234793445
18,view_projection,39.583592,4.284991,30.619204,4.111206,8,8,4.141627,0.078162,0.9309678230670027
18,view_scores,39.583592,4.610203,33.1151,4.456556,8,8,4.359176,0.058705,0.9288310300599835
18,receiver_stage,39.583592,9.248864,52.40466,9.050343,8,8,9.024918,0.070622,0.7237938385318656
18,donor_stage,39.583592,2.69481,14.261501,2.457858,8,8,2.547286,0.054582,0.725301309107361
18,face_fill,39.583592,0.126703,0.00198,0.0012,8,1,0.00014,0.082712,0.20625000000000002
18,mesh_fill,39.583592,0.128863,0.0171,0.00487,8,2,0.00012,0.070662,0.438911704312115
19,view_projection,45.773341,3.789867,25.1513,3.669845,8,8,3.621653,0.041261,0.8566880890064839
19,view_scores,45.773341,4.64497,33.86391,4.473964,8,8,4.489696,0.054397,0.9461383126909381
19,receiver_stage,45.773341,8.462902,50.782213,8.302004,8,8,8.312339,0.055716,0.7646077531400852
19,donor_stage,45.773341,2.424438,13.247557,2.252258,8,8,2.299205,0.034101,0.7352375371738052
19,face_fill,45.773341,0.155134,0.00235,0.00108,8,1,0.00012,0.095953,0.27199074074074076
19,mesh_fill,45.773341,0.156344,0.082102,0.069782,8,2,0.00011,0.035511,0.1470687283253561
20,view_projection,47.515562,3.419838,22.272223,3.13205,8,8,3.149131,0.036451,0.8888835986015549
20,view_scores,47.515562,4.46903,31.878671,4.351952,8,8,4.345136,0.053876,0.9156428827799572
20,receiver_stage,47.515562,9.750837,56.214296,9.569701,8,8,9.585813,0.060647,0.7342744564328603
20,donor_stage,47.515562,3.27544,14.396115,3.072469,8,8,3.134666,0.030146,0.5856900020797606
20,face_fill,47.515562,0.133733,0.00183,0.00111,8,1,0.00041,0.087707,0.20608108108108106
20,mesh_fill,47.515562,0.194895,0.047322,0.01935,8,3,5e-05,0.050716,0.3056976744186047
21,view_projection,31.40706,4.210854,29.992083,3.999808,8,8,4.082031,0.055866,0.9372975840340337
21,view_scores,31.40706,3.933252,28.387552,3.799518,8,8,3.797238,0.049391,0.9339195129487478
21,receiver_stage,31.40706,8.587872,46.834195,8.433118,8,8,8.418347,0.056016,0.694200457648049
21,donor_stage,31.40706,2.56572,13.414958,2.380225,8,8,2.433977,0.035175,0.7045005199088322
21,face_fill,31.40706,0.121783,0.0048,0.00187,8,2,0.00017,0.04046,0.32085561497326204
21,mesh_fill,31.40706,0.141174,0.01205,0.00543,8,1,0.00012,0.082567,0.27739410681399634
22,view_projection,38.75054,4.471105,28.318557,4.163932,8,8,4.24006,0.073881,0.8501146572518475
22,view_scores,38.75054,4.256784,29.870345,4.07419,8,8,4.08349,0.052825,0.9164504171381306
22,receiver_stage,38.75054,10.62123,51.171548,10.246273,8,8,10.460576,0.058888,0.6242702590493148
22,donor_stage,38.75054,2.375662,13.206253,2.210491,8,8,2.237708,0.040591,0.7467940946151782
22,face_fill,38.75054,0.136503,0.00198,0.00117,8,1,0.00012,0.091292,0.21153846153846154
22,mesh_fill,38.75054,0.147523,0.01588,0.00519,8,2,0.00011,0.052861,0.3824662813102119
23,view_projection,37.544594,3.920157,27.255826,3.686489,8,8,3.755173,0.065897,0.9241796869595976
23,view_scores,37.544594,4.47333,31.44197,4.308007,8,8,4.312306,0.070376,0.9123119461040802
23,receiver_stage,37.544594,11.498752,55.6507,11.231345,8,8,11.282387,0.107477,0.6193681611596831
23,donor_stage,37.544594,2.749201,15.562546,2.539725,8,8,2.600057,0.041116,0.76595625510636
23,face_fill,37.544594,0.148784,0.002049,0.0011,8,1,0.00011,0.091083,0.23284090909090907
23,mesh_fill,37.544594,0.281808,0.013981,0.004921,8,2,0.00012,0.213756,0.3551361511887828
24,view_projection,38.574829,4.743956,33.3348,4.559082,8,8,4.604033,0.06388,0.9139668907029969
24,view_scores,38.574829,3.88923,28.258944,3.732671,8,8,3.730306,0.045315,0.946337890481106
24,receiver_stage,38.574829,10.708366,49.138606,10.510471,8,8,10.534262,0.059386,0.5844006182025525
24,donor_stage,38.574829,2.573736,13.467874,2.361551,8,8,2.436603,0.043935,0.712872281818178
24,face_fill,38.574829,0.140003,0.0025,0.00147,8,1,0.00013,0.077376,0.21258503401360546
24,mesh_fill,38.574829,0.168134,0.018701,0.00634,8,2,0.00018,0.092136,0.3687105678233438
25,view_projection,37.722829,5.491357,37.335227,5.303707,8,8,5.363164,0.041221,0.8799323520322673
25,view_scores,37.722829,3.48695,25.266546,3.290485,8,8,3.347796,0.090132,0.9598336567405718
25,receiver_stage,37.722829,8.347389,46.241988,8.133469,8,8,8.185116,0.064046,0.7106744367009944
25,donor_stage,37.722829,2.217713,10.889641,2.039622,8,8,2.07865,0.040961,0.6673810760032985
25,face_fill,37.722829,0.132653,0.00179,0.0009,8,1,0.00012,0.076472,0.24861111111111112
25,mesh_fill,37.722829,0.195485,0.017209,0.0053,8,2,0.00018,0.135244,0.4058726415094339
26,view_projection,40.506325,4.179082,27.680283,3.961741,8,8,4.017518,0.045406,0.873362336154736
26,view_scores,40.506325,4.245335,29.167614,4.06921,8,8,4.096652,0.097482,0.8959851543665724
26,receiver_stage,40.506325,9.130155,53.02884,8.914525,8,8,8.914649,0.056711,0.7435735499087165
26,donor_stage,40.506325,1.814717,11.396104,1.647892,8,8,1.669624,0.055436,0.864445606872295
26,face_fill,40.506325,0.119023,0.001989,0.00108,8,1,0.00013,0.075256,0.23020833333333332
26,mesh_fill,40.506325,0.171615,0.02517,0.0093,8,2,0.00011,0.090733,0.3383064516129033
27,view_projection,42.769714,3.273081,22.637863,3.087904,8,8,3.073376,0.038106,0.9163927618863799
27,view_scores,42.769714,8.773547,30.706111,8.52951,8,8,8.641553,0.077873,0.4499981681245464
27,receiver_stage,42.769714,10.574969,58.689643,10.297901,8,8,10.371903,0.109693,0.7123981260841409
27,donor_stage,42.769714,3.330606,13.84621,3.09655,8,8,3.153472,0.037621,0.5589369621029855
27,face_fill,42.769714,0.170035,0.00431,0.00233,8,1,0.00048,0.093703,0.23122317596566522
27,mesh_fill,42.769714,0.129503,0.014461,0.004181,8,2,0.00012,0.069866,0.43234274097105957
28,view_projection,36.27405,4.332857,30.613884,4.148142,8,8,4.198592,0.055376,0.9225179610534066
28,view_scores,36.27405,3.865365,28.906736,3.765041,8,8,3.677231,0.048957,0.9597085396945212
28,receiver_stage,36.27405,8.35696,52.686768,8.214642,8,8,8.184025,0.067796,0.8017203914668467
28,donor_stage,36.27405,2.33418,12.573863,2.147555,8,8,2.197697,0.049995,0.7318708368353778
28,face_fill,36.27405,0.149374,0.00417,0.00298,8,1,0.00012,0.072566,0.17491610738255034
28,mesh_fill,36.27405,0.159664,0.02503,0.00968,8,2,0.00037,0.077406,0.3232179752066116
29,view_projection,46.088825,3.967523,27.077434,3.803563,8,8,3.809558,0.075971,0.8898706949247324
29,view_scores,46.088825,4.564578,31.917689,4.362798,8,8,4.380863,0.071091,0.9144844948127326
29,receiver_stage,46.088825,9.780588,58.995129,9.571127,8,8,9.605624,0.081172,0.7704830502196867
29,donor_stage,46.088825,2.507154,12.58557,2.301004,8,8,2.379221,0.050861,0.6836999196872323
29,face_fill,46.088825,0.130143,0.00207,0.00139,8,1,0.00013,0.086557,0.18615107913669063
29,mesh_fill,46.088825,0.181205,0.038901,0.0143,8,2,0.00012,0.080452,0.3400437062937063
30,view_projection,43.924898,4.305845,30.952179,4.096656,8,8,4.168871,0.097297,0.9444342837182326
30,view_scores,43.924898,4.707757,28.946671,4.525662,8,8,4.524123,0.062796,0.7995148278859535
30,receiver_stage,43.924898,9.011243,49.321343,8.784087,8,8,8.850368,0.069076,0.7018564223009176
30,donor_stage,43.924898,2.367396,13.231014,2.194106,8,8,2.222742,0.04517,0.753781608545804
30,face_fill,43.924898,0.142394,0.00214,0.00127,8,1,0.00016,0.096177,0.2106299212598425
30,mesh_fill,43.924898,0.133863,0.02004,0.00532,8,2,0.00013,0.064346,0.4708646616541353
31,view_projection,48.966883,5.067121,35.428044,4.899707,8,8,4.876646,0.094497,0.903830678038503
31,view_scores,48.966883,4.048534,29.576963,3.888336,8,8,3.87664,0.046475,0.9508232763320865
31,receiver_stage,48.966883,7.499769,50.518261,7.347534,8,8,7.332735,0.045206,0.8594424503513697
31,donor_stage,48.966883,1.78502,9.640147,1.610301,8,8,1.663197,0.039689,0.7483187149483234
31,face_fill,48.966883,0.193255,0.00214,0.00146,8,1,0.00012,0.080031,0.1832191780821918
31,mesh_fill,48.966883,0.135473,0.032941,0.01053,8,2,0.00011,0.063165,0.3910375118708452
