frame,phase,task,thread,startMs,endMs,durationMs
3,view_projection,view_projection/3,2,0.358745,3.233059,2.874314
3,view_projection,view_projection/2,3,0.329329,3.222548,2.893219
3,view_projection,view_projection/5,4,0.400622,3.43951,3.038888
3,view_projection,view_projection/1,5,0.317804,3.326152,3.008348
3,view_projection,view_projection/0,6,0.302384,3.179493,2.877109
3,view_projection,view_projection/6,7,0.408477,3.313491,2.905014
3,view_projection,view_projection/4,8,0.387716,3.371098,2.983382
3,view_projection,view_projection/7,9,0.442621,3.357016,2.914395
3,view_scores,view_scores/2,2,3.564127,6.984096,3.419969
3,view_scores,view_scores/1,3,3.551967,6.929604,3.377637
3,view_scores,view_scores/7,4,3.647016,6.431028,2.784012
3,view_scores,view_scores/4,5,3.600234,6.915749,3.315515
3,view_scores,view_scores/0,6,3.537082,6.96098,3.423898
3,view_scores,view_scores/3,7,3.585618,6.928484,3.342866
3,view_scores,view_scores/6,8,3.634715,6.609887,2.975172
3,view_scores,view_scores/5,9,3.626444,6.802316,3.175872
3,receiver_stage,receiver_stage/7,2,8.633032,10.025678,1.392646
3,receiver_stage,receiver_stage/5,3,8.608608,10.62823,2.019622
3,receiver_stage,receiver_stage/0,4,8.530776,14.740171,6.209395
3,receiver_stage,receiver_stage/3,5,8.568682,15.29249,6.723808
3,receiver_stage,receiver_stage/6,6,8.620534,10.928978,2.308444
3,receiver_stage,receiver_stage/4,7,8.593447,16.891206,8.297759
3,receiver_stage,receiver_stage/1,8,8.549646,14.51509,5.965444
3,receiver_stage,receiver_stage/2,9,8.558177,16.100806,7.542629
3,donor_stage,donor_stage/0,2,17.054056,18.126033,1.071977
3,donor_stage,donor_stage/1,3,17.069776,19.068432,1.998656
3,donor_stage,donor_stage/4,4,17.117788,19.517634,2.399846
3,donor_stage,donor_stage/6,5,17.142744,19.732971,2.590227
3,donor_stage,donor_stage/2,6,17.089062,19.410677,2.321615
3,donor_stage,donor_stage/7,7,17.170254,19.34138,2.171126
3,donor_stage,donor_stage/3,8,17.092242,18.839972,1.74773
3,donor_stage,donor_stage/5,9,17.139454,19.124735,1.985281
3,face_fill,face_fill/0,2,39.294889,39.297019,0.00213
3,face_fill,face_fill/1,2,39.297689,39.297739,5e-05
3,face_fill,face_fill/2,2,39.29789,39.297989,9.9e-05
3,face_fill,face_fill/3,2,39.298359,39.298429,7e-05
3,face_fill,face_fill/4,2,39.298559,39.298649,9e-05
3,face_fill,face_fill/5,2,39.298769,39.298849,8e-05
3,face_fill,face_fill/6,2,39.298969,39.299069,0.0001
3,face_fill,face_fill/7,2,39.30365,39.30372,7e-05
3,mesh_fill,mesh_fill/0,2,55.489577,55.501148,0.011571
3,mesh_fill,mesh_fill/2,2,55.502508,55.505058,0.00255
3,mesh_fill,mesh_fill/3,2,55.505218,55.507598,0.00238
3,mesh_fill,mesh_fill/4,2,55.507718,55.509738,0.00202
3,mesh_fill,mesh_fill/5,2,55.512018,55.513738,0.00172
3,mesh_fill,mesh_fill/7,2,55.514168,55.516018,0.00185
3,mesh_fill,mesh_fill/1,8,55.503838,55.509588,0.00575
3,mesh_fill,mesh_fill/6,8,55.512388,55.514858,0.00247
4,view_projection,view_projection/1,2,0.333728,4.67766,4.343932
4,view_projection,view_projection/2,3,0.354144,4.482665,4.128521
4,view_projection,view_projection/5,4,0.427497,4.201264,3.773767
4,view_projection,view_projection/7,5,0.473347,4.797249,4.323902
4,view_projection,view_projection/6,6,0.434427,4.971839,4.537412
4,view_projection,view_projection/4,7,0.40907,4.451344,4.042274
4,view_projection,view_projection/0,8,0.319708,4.526112,4.206404
4,view_projection,view_projection/3,9,0.389605,4.640174,4.250569
4,view_scores,view_scores/5,2,5.201464,8.752526,3.551062
4,view_scores,view_scores/2,3,5.150367,9.700685,4.550318
4,view_scores,view_scores/0,4,5.126312,9.739471,4.613159
4,view_scores,view_scores/6,5,5.21762,9.186152,3.968532
4,view_scores,view_scores/7,6,5.244851,8.633378,3.388527
4,view_scores,view_scores/1,7,5.129832,9.614447,4.484615
4,view_scores,view_scores/3,8,5.162758,9.661624,4.498866
4,view_scores,view_scores/4,9,5.178694,9.650169,4.471475
4,receiver_stage,receiver_stage/1,2,11.66079,17.233914,5.573124
4,receiver_stage,receiver_stage/6,3,11.771289,13.541339,1.77005
4,receiver_stage,receiver_stage/7,4,11.785744,13.386456,1.600712
4,receiver_stage,receiver_stage/2,5,11.676666,19.736054,8.059388
4,receiver_stage,receiver_stage/0,6,11.653296,19.149149,7.495853
4,receiver_stage,receiver_stage/3,7,11.697012,21.258822,9.56181
4,receiver_stage,receiver_stage/5,8,11.736048,18.466507,6.730459
4,receiver_stage,receiver_stage/4,9,11.722593,18.881242,7.158649
4,donor_stage,donor_stage/2,2,21.496074,23.880755,2.384681
4,donor_stage,donor_stage/1,3,21.478343,23.758632,2.280289
4,donor_stage,donor_stage/0,4,21.462598,22.402963,0.940365
4,donor_stage,donor_stage/6,5,21.564882,23.683277,2.118395
4,donor_stage,donor_stage/5,6,21.546872,23.40947,1.862598
4,donor_stage,donor_stage/7,7,21.582822,23.989353,2.406531
4,donor_stage,donor_stage/3,8,21.51757,24.174613,2.657043
4,donor_stage,donor_stage/4,9,21.523586,24.440831,2.917245
4,face_fill,face_fill/0,4,42.947063,42.948933,0.00187
4,face_fill,face_fill/1,4,42.949703,42.949883,0.00018
4,face_fill,face_fill/2,4,42.950273,42.950323,5e-05
4,face_fill,face_fill/3,4,42.950473,42.950523,5e-05
4,face_fill,face_fill/4,4,42.950573,42.950623,5e-05
4,face_fill,face_fill/5,4,42.955943,42.956003,6e-05
4,face_fill,face_fill/6,4,42.956053,42.956103,5e-05
4,face_fill,face_fill/7,4,42.956153,42.956353,0.0002
4,mesh_fill,mesh_fill/0,4,59.858064,59.865984,0.00792
4,mesh_fill,mesh_fill/1,4,59.866904,59.869174,0.00227
4,mesh_fill,mesh_fill/2,4,59.869254,59.871615,0.002361
4,mesh_fill,mesh_fill/4,4,59.872995,59.874905,0.00191
4,mesh_fill,mesh_fill/5,4,59.874975,59.876865,0.00189
4,mesh_fill,mesh_fill/6,4,59.876915,59.878505,0.00159
4,mesh_fill,mesh_fill/7,4,59.878805,59.880295,0.00149
4,mesh_fill,mesh_fill/3,6,59.873675,59.878335,0.00466
5,view_projection,view_projection/4,2,0.240357,4.077391,3.837034
5,view_projection,view_projection/3,3,0.225002,3.997899,3.772897
5,view_projection,view_projection/1,4,0.193321,4.235471,4.04215
5,view_projection,view_projection/2,5,0.211202,4.251086,4.039884
5,view_projection,view_projection/0,6,0.182306,4.20946,4.027154
5,view_projection,view_projection/5,7,0.250273,4.502367,4.252094
5,view_projection,view_projection/6,8,0.295195,4.406315,4.11112
5,view_projection,view_projection/7,9,0.31221,4.197675,3.885465
5,view_scores,view_scores/1,2,4.671117,8.214608,3.543491
5,view_scores,view_scores/0,3,4.650636,8.123036,3.4724
5,view_scores,view_scores/4,4,4.715628,8.227339,3.511711
5,view_scores,view_scores/5,5,4.731459,8.117316,3.385857
5,view_scores,view_scores/3,6,4.715874,8.040129,3.324255
5,view_scores,view_scores/7,7,4.767575,7.479385,2.71181
5,view_scores,view_scores/6,8,4.751145,7.845929,3.094784
5,view_scores,view_scores/2,9,4.691318,8.344667,3.653349
5,receiver_stage,receiver_stage/5,2,11.338363,17.071636,5.733273
5,receiver_stage,receiver_stage/4,3,11.335319,22.137837,10.802518
5,receiver_stage,receiver_stage/7,4,11.374076,12.894305,1.520229
5,receiver_stage,receiver_stage/3,5,11.328809,20.736817,9.408008
5,receiver_stage,receiver_stage/2,6,11.289903,21.139237,9.849334
5,receiver_stage,receiver_stage/0,7,11.263297,17.488237,6.22494
5,receiver_stage,receiver_stage/1,8,11.275302,15.988634,4.713332
5,receiver_stage,receiver_stage/6,9,11.36952,14.812198,3.442678
5,donor_stage,donor_stage/3,2,22.349293,24.492248,2.142955
5,donor_stage,donor_stage/7,3,22.42992,25.166391,2.736471
5,donor_stage,donor_stage/0,4,22.299217,23.20668,0.907463
5,donor_stage,donor_stage/5,5,22.3813,24.578556,2.197256
5,donor_stage,donor_stage/6,6,22.39871,24.680819,2.282109
5,donor_stage,donor_stage/4,7,22.367174,24.661863,2.294689
5,donor_stage,donor_stage/2,8,22.334902,24.663842,2.32894
5,donor_stage,donor_stage/1,9,22.310372,24.191601,1.881229
5,face_fill,face_fill/0,4,37.133379,37.134679,0.0013
5,face_fill,face_fill/1,4,37.135459,37.135529,7e-05
5,face_fill,face_fill/2,4,37.135609,37.135709,0.0001
5,face_fill,face_fill/3,4,37.135759,37.135829,7e-05
5,face_fill,face_fill/4,4,37.135879,37.135959,8e-05
5,face_fill,face_fill/5,4,37.136019,37.13643,0.000411
5,face_fill,face_fill/6,4,37.13656,37.13662,6e-05
5,face_fill,face_fill/7,4,37.177951,37.178411,0.00046
5,mesh_fill,mesh_fill/1,2,46.561722,46.566572,0.00485
5,mesh_fill,mesh_fill/4,2,46.567642,46.569272,0.00163
5,mesh_fill,mesh_fill/6,2,46.570402,46.571712,0.00131
5,mesh_fill,mesh_fill/0,9,46.553028,46.558898,0.00587
5,mesh_fill,mesh_fill/2,9,46.563218,46.566918,0.0037
5,mesh_fill,mesh_fill/3,9,46.567198,46.568438,0.00124
5,mesh_fill,mesh_fill/5,9,46.569668,46.570978,0.00131
5,mesh_fill,mesh_fill/7,9,46.571148,46.571948,0.0008
6,view_projection,view_projection/1,2,0.207871,4.100601,3.89273
6,view_projection,view_projection/7,3,0.336694,4.382998,4.046304
6,view_projection,view_projection/5,4,0.282968,4.218234,3.935266
6,view_projection,view_projection/2,5,0.221606,3.834549,3.612943
6,view_projection,view_projection/6,6,0.321959,4.189668,3.867709
6,view_projection,view_projection/4,7,0.277083,4.652175,4.375092
6,view_projection,view_projection/3,8,0.273548,3.921487,3.647939
6,view_projection,view_projection/0,9,0.18271,3.948797,3.766087
6,view_scores,view_scores/4,2,4.85399,9.138011,4.284021
6,view_scores,view_scores/6,3,4.920573,8.271139,3.350566
6,view_scores,view_scores/7,4,4.935093,9.05722,4.122127
6,view_scores,view_scores/0,5,4.780479,9.546997,4.766518
6,view_scores,view_scores/3,6,4.848615,9.090805,4.24219
6,view_scores,view_scores/5,7,4.911866,8.595411,3.683545
6,view_scores,view_scores/1,8,4.797089,9.10227,4.305181
6,view_scores,view_scores/2,9,4.806769,9.270124,4.463355
6,receiver_stage,receiver_stage/5,2,11.308647,18.109812,6.801165
6,receiver_stage,receiver_stage/0,3,11.239789,17.196173,5.956384
6,receiver_stage,receiver_stage/2,4,11.255796,23.132737,11.876941
6,receiver_stage,receiver_stage/7,5,11.338114,13.340355,2.002241
6,receiver_stage,receiver_stage/3,6,11.286112,19.465652,8.17954
6,receiver_stage,receiver_stage/1,7,11.248135,15.881715,4.63358
6,receiver_stage,receiver_stage/4,8,11.289392,20.630968,9.341576
6,receiver_stage,receiver_stage/6,9,11.326663,15.47511,4.148447
6,donor_stage,donor_stage/4,2,23.324857,25.337869,2.013012
6,donor_stage,donor_stage/3,3,23.319477,25.39035,2.070873
6,donor_stage,donor_stage/7,4,23.389029,26.190246,2.801217
6,donor_stage,donor_stage/0,5,23.25509,23.970229,0.715139
6,donor_stage,donor_stage/5,6,23.342393,25.354474,2.012081
6,donor_stage,donor_stage/2,7,23.283636,25.189725,1.906089
6,donor_stage,donor_stage/6,8,23.360819,25.165025,1.804206
6,donor_stage,donor_stage/1,9,23.269716,25.074947,1.805231
6,face_fill,face_fill/0,5,36.467181,36.468721,0.00154
6,face_fill,face_fill/1,5,36.469511,36.469651,0.00014
6,face_fill,face_fill/2,5,36.470212,36.470341,0.000129
6,face_fill,face_fill/3,5,36.470411,36.470491,8e-05
6,face_fill,face_fill/4,5,36.470761,36.470831,7e-05
6,face_fill,face_fill/5,5,36.470891,36.470991,0.0001
6,face_fill,face_fill/6,5,36.471041,36.471121,8e-05
6,face_fill,face_fill/7,5,36.471371,36.471571,0.0002
6,mesh_fill,mesh_fill/0,5,48.004249,48.009829,0.00558
6,mesh_fill,mesh_fill/1,5,48.010729,48.012999,0.00227
6,mesh_fill,mesh_fill/2,5,48.013159,48.014779,0.00162
6,mesh_fill,mesh_fill/3,5,48.014839,48.015849,0.00101
6,mesh_fill,mesh_fill/4,5,48.015989,48.017369,0.00138
6,mesh_fill,mesh_fill/6,5,48.02728,48.02864,0.00136
6,mesh_fill,mesh_fill/5,9,48.018664,48.022764,0.0041
6,mesh_fill,mesh_fill/7,9,48.023374,48.024824,0.00145
7,view_projection,view_projection/4,2,0.366074,3.594662,3.228588
7,view_projection,view_projection/5,3,0.405509,3.393702,2.988193
7,view_projection,view_projection/7,4,0.453462,3.656935,3.203473
7,view_projection,view_projection/1,5,0.309023,3.634134,3.325111
7,view_projection,view_projection/6,6,0.415031,3.640414,3.225383
7,view_projection,view_projection/3,7,0.365674,3.69588,3.330206
7,view_projection,view_projection/2,8,0.329933,3.537676,3.207743
7,view_projection,view_projection/0,9,0.291877,3.645144,3.353267
7,view_scores,view_scores/2,2,3.812083,7.265962,3.453879
7,view_scores,view_scores/0,3,3.783296,7.131453,3.348157
7,view_scores,view_scores/6,4,3.882251,6.915074,3.032823
7,view_scores,view_scores/3,5,3.828834,7.215041,3.386207
7,view_scores,view_scores/4,6,3.837829,7.208206,3.370377
7,view_scores,view_scores/7,7,3.891579,6.592505,2.700926
7,view_scores,view_scores/1,8,3.794803,7.156,3.361197
7,view_scores,view_scores/5,9,3.863875,7.120774,3.256899
7,receiver_stage,receiver_stage/6,2,8.904049,14.189621,5.285572
7,receiver_stage,receiver_stage/3,3,8.845243,16.49446,7.649217
7,receiver_stage,receiver_stage/1,4,8.815862,13.674478,4.858616
7,receiver_stage,receiver_stage/7,5,8.921611,10.81496,1.893349
7,receiver_stage,receiver_stage/5,6,8.873144,15.49204,6.618896
7,receiver_stage,receiver_stage/0,7,8.804786,13.515918,4.711132
7,receiver_stage,receiver_stage/4,8,8.861663,15.806492,6.944829
7,receiver_stage,receiver_stage/2,9,8.830333,19.311928,10.481595
7,donor_stage,donor_stage/3,2,19.481127,21.744955,2.263828
7,donor_stage,donor_stage/6,3,19.526999,21.922325,2.395326
7,donor_stage,donor_stage/2,4,19.469922,21.105874,1.635952
7,donor_stage,donor_stage/0,5,19.443951,20.1468,0.702849
7,donor_stage,donor_stage/4,6,19.498193,20.997072,1.498879
7,donor_stage,donor_stage/1,7,19.451657,21.362226,1.910569
7,donor_stage,donor_stage/5,8,19.525829,21.444908,1.919079
7,donor_stage,donor_stage/7,9,19.541805,22.161942,2.620137
7,face_fill,face_fill/0,5,30.019889,30.021009,0.00112
7,face_fill,face_fill/1,5,30.02151,30.02165,0.00014
7,face_fill,face_fill/2,5,30.02543,30.0255,7e-05
7,face_fill,face_fill/3,5,30.02556,30.02563,7e-05
7,face_fill,face_fill/4,5,30.02589,30.02597,8e-05
7,face_fill,face_fill/5,5,30.02603,30.02609,6e-05
7,face_fill,face_fill/6,5,30.02615,30.02633,0.00018
7,face_fill,face_fill/7,5,30.02638,30.02645,7e-05
7,mesh_fill,mesh_fill/0,5,38.75882,38.76339,0.00457
7,mesh_fill,mesh_fill/1,5,38.76434,38.76541,0.00107
7,mesh_fill,mesh_fill/2,5,38.7655,38.76675,0.00125
7,mesh_fill,mesh_fill/3,5,38.76682,38.76795,0.00113
7,mesh_fill,mesh_fill/4,5,38.768081,38.77046,0.002379
7,mesh_fill,mesh_fill/5,5,38.770511,38.77137,0.000859
7,mesh_fill,mesh_fill/7,5,38.77158,38.77264,0.00106
7,mesh_fill,mesh_fill/6,6,38.772325,38.776035,0.00371
8,view_projection,view_projection/4,2,0.179279,4.369897,4.190618
8,view_projection,view_projection/6,3,0.218995,4.947967,4.728972
8,view_projection,view_projection/2,4,0.159454,4.449685,4.290231
8,view_projection,view_projection/0,5,0.114778,4.690436,4.575658
8,view_projection,view_projection/1,6,0.131048,4.405789,4.274741
8,view_projection,view_projection/3,7,0.177314,4.730171,4.552857
8,view_projection,view_projection/5,8,0.207475,4.65544,4.447965
8,view_projection,view_projection/7,9,0.249172,4.582054,4.332882
8,view_scores,view_scores/0,2,5.06855,8.649237,3.580687
8,view_scores,view_scores/7,3,5.182834,7.932064,2.74923
8,view_scores,view_scores/2,4,5.095221,8.746095,3.650874
8,view_scores,view_scores/5,5,5.168709,8.392321,3.223612
8,view_scores,view_scores/1,6,5.079056,8.678399,3.599343
8,view_scores,view_scores/6,7,5.166488,7.937694,2.771206
8,view_scores,view_scores/4,8,5.150373,8.677633,3.52726
8,view_scores,view_scores/3,9,5.136717,8.726805,3.590088
8,receiver_stage,receiver_stage/3,2,10.295275,18.027574,7.732299
8,receiver_stage,receiver_stage/0,3,10.251264,14.987206,4.735942
8,receiver_stage,receiver_stage/7,4,10.351983,18.81631,8.464327
8,receiver_stage,receiver_stage/2,5,10.281605,18.161423,7.879818
8,receiver_stage,receiver_stage/5,6,10.323201,18.364374,8.041173
8,receiver_stage,receiver_stage/1,7,10.271509,15.081363,4.809854
8,receiver_stage,receiver_stage/4,8,10.30878,17.914116,7.605336
8,receiver_stage,receiver_stage/6,9,10.338542,17.065345,6.726803
8,donor_stage,donor_stage/4,2,19.037031,20.990841,1.95381
8,donor_stage,donor_stage/0,3,18.982054,19.61165,0.629596
8,donor_stage,donor_stage/7,4,19.084638,21.734771,2.650133
8,donor_stage,donor_stage/5,5,19.052402,20.871528,1.819126
8,donor_stage,donor_stage/6,6,19.072988,20.972441,1.899453
8,donor_stage,donor_stage/1,7,19.00256,20.322644,1.320084
8,donor_stage,donor_stage/3,8,19.024235,20.430102,1.405867
8,donor_stage,donor_stage/2,9,19.01464,21.343545,2.328905
8,face_fill,face_fill/0,3,29.543926,29.545126,0.0012
8,face_fill,face_fill/1,3,29.545876,29.545976,0.0001
8,face_fill,face_fill/2,3,29.546066,29.546166,0.0001
8,face_fill,face_fill/3,3,29.546286,29.546376,9e-05
8,face_fill,face_fill/4,3,29.546506,29.546586,8e-05
8,face_fill,face_fill/5,3,29.546636,29.546796,0.00016
8,face_fill,face_fill/6,3,29.546846,29.546936,9e-05
8,face_fill,face_fill/7,3,29.554556,29.554656,0.0001
8,mesh_fill,mesh_fill/0,3,41.871324,41.879344,0.00802
8,mesh_fill,mesh_fill/1,3,41.880305,41.882184,0.001879
8,mesh_fill,mesh_fill/2,3,41.882254,41.883674,0.00142
8,mesh_fill,mesh_fill/3,3,41.883804,41.884774,0.00097
8,mesh_fill,mesh_fill/4,3,41.884884,41.886924,0.00204
8,mesh_fill,mesh_fill/6,3,41.887795,41.889395,0.0016
8,mesh_fill,mesh_fill/7,3,41.889585,41.891055,0.00147
8,mesh_fill,mesh_fill/5,7,41.88848,41.89354,0.00506
9,view_projection,view_projection/6,2,0.429041,3.746287,3.317246
9,view_projection,view_projection/0,3,0.298612,3.665618,3.367006
9,view_projection,view_projection/7,4,0.452831,3.854959,3.402128
9,view_projection,view_projection/3,5,0.375955,3.791973,3.416018
9,view_projection,view_projection/4,6,0.410881,3.938006,3.527125
9,view_projection,view_projection/2,7,0.340433,3.732606,3.392173
9,view_projection,view_projection/1,8,0.329378,3.622043,3.292665
9,view_projection,view_projection/5,9,0.513269,3.456785,2.943516
9,view_scores,view_scores/0,2,4.054019,8.183001,4.128982
9,view_scores,view_scores/6,3,4.077765,6.854211,2.776446
9,view_scores,view_scores/2,4,4.057549,8.772836,4.715287
9,view_scores,view_scores/4,5,4.06022,8.480674,4.420454
9,view_scores,view_scores/7,6,4.101841,7.858908,3.757067
9,view_scores,view_scores/3,7,4.084825,8.617172,4.532347
9,view_scores,view_scores/1,8,4.056775,7.409021,3.352246
9,view_scores,view_scores/5,9,4.062005,7.76332,3.701315
9,receiver_stage,receiver_stage/4,2,11.056705,18.969249,7.912544
9,receiver_stage,receiver_stage/0,3,10.979013,17.598774,6.619761
9,receiver_stage,receiver_stage/7,4,11.109662,20.808607,9.698945
9,receiver_stage,receiver_stage/5,5,11.060145,20.599846,9.539701
9,receiver_stage,receiver_stage/3,6,11.048205,18.342418,7.294213
9,receiver_stage,receiver_stage/6,7,11.07763,18.86214,7.78451
9,receiver_stage,receiver_stage/1,8,10.999813,15.796132,4.796319
9,receiver_stage,receiver_stage/2,9,11.023664,18.185809,7.162145
9,donor_stage,donor_stage/5,2,21.10763,22.722141,1.614511
9,donor_stage,donor_stage/1,3,21.023227,22.496075,1.472848
9,donor_stage,donor_stage/7,4,21.163546,23.66426,2.500714
9,donor_stage,donor_stage/6,5,21.127501,23.087466,1.959965
9,donor_stage,donor_stage/3,6,21.053124,23.104361,2.051237
9,donor_stage,donor_stage/4,7,21.087659,23.086435,1.998776
9,donor_stage,donor_stage/0,8,21.009552,21.612997,0.603445
9,donor_stage,donor_stage/2,9,21.038938,22.867525,1.828587
9,face_fill,face_fill/0,8,29.088914,29.090194,0.00128
9,face_fill,face_fill/1,8,29.090865,29.091004,0.000139
9,face_fill,face_fill/2,8,29.091364,29.091494,0.00013
9,face_fill,face_fill/3,8,29.091755,29.091834,7.9e-05
9,face_fill,face_fill/4,8,29.091884,29.092034,0.00015
9,face_fill,face_fill/5,8,29.097925,29.097975,5e-05
9,face_fill,face_fill/6,8,29.098295,29.098375,8e-05
9,face_fill,face_fill/7,8,29.098865,29.098945,8e-05
9,mesh_fill,mesh_fill/0,8,39.281247,39.285837,0.00459
9,mesh_fill,mesh_fill/1,8,39.286777,39.288557,0.00178
9,mesh_fill,mesh_fill/2,8,39.288687,39.290138,0.001451
9,mesh_fill,mesh_fill/3,8,39.290278,39.291088,0.00081
9,mesh_fill,mesh_fill/4,8,39.291138,39.292498,0.00136
9,mesh_fill,mesh_fill/5,8,39.292678,39.293648,0.00097
9,mesh_fill,mesh_fill/6,8,39.293708,39.294538,0.00083
9,mesh_fill,mesh_fill/7,8,39.294788,39.295618,0.00083
10,view_projection,view_projection/2,2,0.245231,4.629359,4.384128
10,view_projection,view_projection/0,3,0.187629,4.743266,4.555637
10,view_projection,view_projection/7,4,0.330588,4.963698,4.63311
10,view_projection,view_projection/5,5,0.300753,4.350977,4.050224
10,view_projection,view_projection/6,6,0.314264,4.405184,4.09092
10,view_projection,view_projection/4,7,0.280888,5.289626,5.008738
10,view_projection,view_projection/1,8,0.215565,4.536927,4.321362
10,view_projection,view_projection/3,9,0.275008,5.375034,5.100026
10,view_scores,view_scores/3,2,5.508572,8.619082,3.11051
10,view_scores,view_scores/4,3,5.521042,8.54735,3.026308
10,view_scores,view_scores/5,4,5.530478,8.516725,2.986247
10,view_scores,view_scores/0,5,5.460766,8.438173,2.977407
10,view_scores,view_scores/1,6,5.477101,8.537765,3.060664
10,view_scores,view_scores/6,7,5.556293,8.680264,3.123971
10,view_scores,view_scores/2,8,5.491476,8.92015,3.428674
10,view_scores,view_scores/7,9,5.563569,8.583057,3.019488
10,receiver_stage,receiver_stage/5,2,11.48512,21.514839,10.029719
10,receiver_stage,receiver_stage/2,3,11.45628,18.936438,7.480158
10,receiver_stage,receiver_stage/1,4,11.424955,16.870445,5.44549
10,receiver_stage,receiver_stage/0,5,11.401484,18.526863,7.125379
10,receiver_stage,receiver_stage/3,6,11.464421,18.071876,6.607455
10,receiver_stage,receiver_stage/6,7,11.516007,20.766446,9.250439
10,receiver_stage,receiver_stage/7,8,11.534683,19.638741,8.104058
10,receiver_stage,receiver_stage/4,9,11.478262,19.832272,8.35401
10,donor_stage,donor_stage/7,2,21.789776,23.721942,1.932166
10,donor_stage,donor_stage/3,3,21.732585,23.506646,1.774061
10,donor_stage,donor_stage/0,4,21.679774,22.29174,0.611966
10,donor_stage,donor_stage/2,5,21.71313,23.494296,1.781166
10,donor_stage,donor_stage/1,6,21.69573,23.049645,1.353915
10,donor_stage,donor_stage/6,7,21.786502,24.286376,2.499874
10,donor_stage,donor_stage/4,8,21.739491,23.511471,1.77198
10,donor_stage,donor_stage/5,9,21.780782,24.153533,2.372751
10,face_fill,face_fill/0,4,29.151292,29.152332,0.00104
10,face_fill,face_fill/1,4,29.152772,29.152882,0.00011
10,face_fill,face_fill/2,4,29.153052,29.153152,0.0001
10,face_fill,face_fill/3,4,29.153292,29.153352,6e-05
10,face_fill,face_fill/4,4,29.153402,29.153482,8e-05
10,face_fill,face_fill/5,4,29.153532,29.153622,9e-05
10,face_fill,face_fill/6,4,29.153902,29.154052,0.00015
10,face_fill,face_fill/7,4,29.154212,29.154272,6e-05
10,mesh_fill,mesh_fill/0,4,41.877735,41.888066,0.010331
10,mesh_fill,mesh_fill/2,4,41.889946,41.892356,0.00241
10,mesh_fill,mesh_fill/3,4,41.892656,41.895096,0.00244
10,mesh_fill,mesh_fill/4,5,41.932272,41.939522,0.00725
10,mesh_fill,mesh_fill/1,6,41.887161,41.893861,0.0067
10,mesh_fill,mesh_fill/5,6,41.897681,41.900741,0.00306
10,mesh_fill,mesh_fill/6,6,41.901561,41.903811,0.00225
10,mesh_fill,mesh_fill/7,6,41.904101,41.906291,0.00219
11,view_projection,view_projection/2,2,0.283992,4.950637,4.666645
11,view_projection,view_projection/1,3,0.264597,4.983209,4.718612
11,view_projection,view_projection/5,4,0.354475,4.777489,4.423014
11,view_projection,view_projection/4,5,0.34755,5.038531,4.690981
11,view_projection,view_projection/0,6,0.248342,4.921102,4.67276
11,view_projection,view_projection/7,7,0.38719,4.369393,3.982203
11,view_projection,view_projection/3,8,0.332059,4.801474,4.469415
11,view_projection,view_projection/6,9,0.364125,4.296247,3.932122
11,view_scores,view_scores/5,2,5.308797,9.110205,3.801408
11,view_scores,view_scores/7,3,5.373129,8.551811,3.178682
11,view_scores,view_scores/2,4,5.258906,9.240479,3.981573
11,view_scores,view_scores/6,5,5.363884,8.551127,3.187243
11,view_scores,view_scores/4,6,5.308212,9.199882,3.89167
11,view_scores,view_scores/1,7,5.222645,9.164726,3.942081
11,view_scores,view_scores/3,8,5.264341,9.220878,3.956537
11,view_scores,view_scores/0,9,5.22046,9.206313,3.985853
11,receiver_stage,receiver_stage/2,2,10.812819,15.793517,4.980698
11,receiver_stage,receiver_stage/1,3,10.770298,16.763587,5.993289
11,receiver_stage,receiver_stage/7,4,10.887117,22.971298,12.084181
11,receiver_stage,receiver_stage/0,5,10.765473,16.83602,6.070547
11,receiver_stage,receiver_stage/4,6,10.829575,18.488472,7.658897
11,receiver_stage,receiver_stage/3,7,10.828164,19.096212,8.268048
11,receiver_stage,receiver_stage/6,8,10.880721,20.746489,9.865768
11,receiver_stage,receiver_stage/5,9,10.849351,19.761515,8.912164
11,donor_stage,donor_stage/0,2,23.126987,23.702892,0.575905
11,donor_stage,donor_stage/1,3,23.138687,24.450931,1.312244
11,donor_stage,donor_stage/7,4,23.260886,25.741699,2.480813
11,donor_stage,donor_stage/2,5,23.153932,24.684042,1.53011
11,donor_stage,donor_stage/3,6,23.164233,25.219756,2.055523
11,donor_stage,donor_stage/5,7,23.216969,25.503788,2.286819
11,donor_stage,donor_stage/6,8,23.22843,25.486242,2.257812
11,donor_stage,donor_stage/4,9,23.201615,25.299083,2.097468
11,face_fill,face_fill/0,2,29.915502,29.916722,0.00122
11,face_fill,face_fill/1,2,29.917142,29.917252,0.00011
11,face_fill,face_fill/2,2,29.917312,29.917412,0.0001
11,face_fill,face_fill/3,2,29.917542,29.917612,7e-05
11,face_fill,face_fill/4,2,29.917742,29.917812,7e-05
11,face_fill,face_fill/5,2,29.917942,29.917992,5e-05
11,face_fill,face_fill/6,2,29.918292,29.918382,9e-05
11,face_fill,face_fill/7,2,29.918442,29.918602,0.00016
11,mesh_fill,mesh_fill/0,2,36.946673,36.951563,0.00489
11,mesh_fill,mesh_fill/1,2,36.952213,36.953093,0.00088
11,mesh_fill,mesh_fill/2,2,36.960863,36.961503,0.00064
11,mesh_fill,mesh_fill/4,2,36.967564,36.968504,0.00094
11,mesh_fill,mesh_fill/5,2,36.968574,36.969284,0.00071
11,mesh_fill,mesh_fill/6,2,36.969334,36.970004,0.00067
11,mesh_fill,mesh_fill/3,3,36.965954,36.969114,0.00316
11,mesh_fill,mesh_fill/7,3,36.969924,36.971434,0.00151
12,view_projection,view_projection/0,2,0.318403,3.273399,2.954996
12,view_projection,view_projection/1,3,0.337633,3.177256,2.839623
12,view_projection,view_projection/7,4,0.478538,4.090646,3.612108
12,view_projection,view_projection/2,5,0.36574,3.570062,3.204322
12,view_projection,view_projection/3,6,0.379381,3.233654,2.854273
12,view_projection,view_projection/5,7,0.439862,4.046693,3.606831
12,view_projection,view_projection/6,8,0.452557,3.246009,2.793452
12,view_projection,view_projection/4,9,0.417702,3.677545,3.259843
12,view_scores,view_scores/3,2,4.300126,9.094039,4.793913
12,view_scores,view_scores/0,3,4.246444,9.022278,4.775834
12,view_scores,view_scores/7,4,4.384394,7.838063,3.453669
12,view_scores,view_scores/4,5,4.325282,8.521505,4.196223
12,view_scores,view_scores/1,6,4.27629,8.960896,4.684606
12,view_scores,view_scores/6,7,4.372713,7.825311,3.452598
12,view_scores,view_scores/2,8,4.294426,9.093414,4.798988
12,view_scores,view_scores/5,9,4.333643,7.995367,3.661724
12,receiver_stage,receiver_stage/6,2,11.650681,22.384183,10.733502
12,receiver_stage,receiver_stage/5,3,11.627739,20.613077,8.985338
12,receiver_stage,receiver_stage/1,4,11.562493,16.772228,5.209735
12,receiver_stage,receiver_stage/3,5,11.585209,20.603107,9.017898
12,receiver_stage,receiver_stage/4,6,11.60573,18.102602,6.496872
12,receiver_stage,receiver_stage/0,7,11.533422,17.766093,6.232671
12,receiver_stage,receiver_stage/7,8,11.666426,21.931145,10.264719
12,receiver_stage,receiver_stage/2,9,11.575128,16.693516,5.118388
12,donor_stage,donor_stage/7,2,22.646934,24.293407,1.646473
12,donor_stage,donor_stage/5,3,22.613399,24.793414,2.180015
12,donor_stage,donor_stage/1,4,22.549127,24.078226,1.529099
12,donor_stage,donor_stage/4,5,22.590998,24.765744,2.174746
12,donor_stage,donor_stage/3,6,22.572972,24.486927,1.913955
12,donor_stage,donor_stage/2,7,22.559982,24.402494,1.842512
12,donor_stage,donor_stage/6,8,22.628983,24.715717,2.086734
12,donor_stage,donor_stage/0,9,22.528616,23.094941,0.566325
12,face_fill,face_fill/0,9,31.614866,31.616056,0.00119
12,face_fill,face_fill/1,9,31.617196,31.617266,7e-05
12,face_fill,face_fill/2,9,31.617336,31.617746,0.00041
12,face_fill,face_fill/3,9,31.617996,31.618076,8e-05
12,face_fill,face_fill/4,9,31.618396,31.618496,0.0001
12,face_fill,face_fill/5,9,31.618946,31.619016,7e-05
12,face_fill,face_fill/6,9,31.619586,31.620196,0.00061
12,face_fill,face_fill/7,9,31.620776,31.620876,0.0001
12,mesh_fill,mesh_fill/0,9,44.155234,44.162944,0.00771
12,mesh_fill,mesh_fill/1,9,44.164404,44.165474,0.00107
12,mesh_fill,mesh_fill/2,9,44.165784,44.166854,0.00107
12,mesh_fill,mesh_fill/3,9,44.166985,44.168055,0.00107
12,mesh_fill,mesh_fill/4,9,44.168235,44.169275,0.00104
12,mesh_fill,mesh_fill/5,9,44.169345,44.170665,0.00132
12,mesh_fill,mesh_fill/6,9,44.179995,44.181185,0.00119
12,mesh_fill,mesh_fill/7,9,44.181735,44.182815,0.00108
13,view_projection,view_projection/3,2,0.202451,2.828899,2.626448
13,view_projection,view_projection/6,3,0.273758,3.487096,3.213338
13,view_projection,view_projection/0,4,0.14412,3.0649,2.92078
13,view_projection,view_projection/7,5,0.279863,3.353603,3.07374
13,view_projection,view_projection/5,6,0.260353,3.491751,3.231398
13,view_projection,view_projection/2,7,0.192531,2.920211,2.72768
13,view_projection,view_projection/4,8,0.214746,3.011798,2.797052
13,view_projection,view_projection/1,9,0.189116,3.464175,3.275059
13,view_scores,view_scores/0,2,3.572658,7.436792,3.864134
13,view_scores,view_scores/6,3,3.669771,6.544105,2.874334
13,view_scores,view_scores/3,4,3.623294,7.471989,3.848695
13,view_scores,view_scores/4,5,3.628875,7.380111,3.751236
13,view_scores,view_scores/7,6,3.701117,6.52498,2.823863
13,view_scores,view_scores/1,7,3.587048,7.367406,3.780358
13,view_scores,view_scores/2,8,3.603299,7.423837,3.820538
13,view_scores,view_scores/5,9,3.64364,7.204787,3.561147
13,receiver_stage,receiver_stage/6,2,9.277019,19.076282,9.799263
13,receiver_stage,receiver_stage/1,3,9.194143,14.314285,5.120142
13,receiver_stage,receiver_stage/7,4,9.287491,21.575638,12.288147
13,receiver_stage,receiver_stage/3,5,9.222279,17.427161,8.204882
13,receiver_stage,receiver_stage/0,6,9.185278,14.946947,5.761669
13,receiver_stage,receiver_stage/4,7,9.234794,16.201404,6.96661
13,receiver_stage,receiver_stage/5,8,9.252615,15.608523,6.355908
13,receiver_stage,receiver_stage/2,9,9.209038,13.663783,4.454745
13,donor_stage,donor_stage/6,2,21.85999,23.468202,1.608212
13,donor_stage,donor_stage/1,3,21.782818,23.204054,1.421236
13,donor_stage,donor_stage/7,4,21.875276,24.261887,2.386611
13,donor_stage,donor_stage/5,5,21.850646,24.323514,2.472868
13,donor_stage,donor_stage/2,6,21.793958,23.98487,2.190912
13,donor_stage,donor_stage/4,7,21.822759,23.713638,1.890879
13,donor_stage,donor_stage/3,8,21.808508,23.661226,1.852718
13,donor_stage,donor_stage/0,9,21.755682,22.487261,0.731579
13,face_fill,face_fill/0,9,28.095516,28.096906,0.00139
13,face_fill,face_fill/1,9,28.097236,28.097346,0.00011
13,face_fill,face_fill/2,9,28.097416,28.097516,0.0001
13,face_fill,face_fill/3,9,28.097626,28.097886,0.00026
13,face_fill,face_fill/4,9,28.098466,28.098556,9e-05
13,face_fill,face_fill/5,9,28.098606,28.098726,0.00012
13,face_fill,face_fill/6,9,28.099106,28.099176,7e-05
13,face_fill,face_fill/7,9,28.099516,28.100346,0.00083
13,mesh_fill,mesh_fill/1,3,40.368257,40.373857,0.0056
13,mesh_fill,mesh_fill/3,3,40.375177,40.376738,0.001561
13,mesh_fill,mesh_fill/4,3,40.376958,40.379098,0.00214
13,mesh_fill,mesh_fill/5,3,40.379378,40.380908,0.00153
13,mesh_fill,mesh_fill/6,3,40.381298,40.382618,0.00132
13,mesh_fill,mesh_fill/7,3,40.383458,40.384548,0.00109
13,mesh_fill,mesh_fill/0,9,40.360552,40.372153,0.011601
13,mesh_fill,mesh_fill/2,9,40.388543,40.389873,0.00133
14,view_projection,view_projection/2,2,0.271552,4.573877,4.302325
14,view_projection,view_projection/0,3,0.228896,4.920367,4.691471
14,view_projection,view_projection/5,4,0.328944,4.789919,4.460975
14,view_projection,view_projection/7,5,0.370905,5.127442,4.756537
14,view_projection,view_projection/6,6,0.339714,4.471291,4.131577
14,view_projection,view_projection/4,7,0.298258,4.84779,4.549532
14,view_projection,view_projection/3,8,0.287027,4.836084,4.549057
14,view_projection,view_projection/1,9,0.243136,4.691711,4.448575
14,view_scores,view_scores/1,2,5.304106,8.656373,3.352267
14,view_scores,view_scores/6,3,5.40691,8.259863,2.852953
14,view_scores,view_scores/3,4,5.336658,8.732955,3.396297
14,view_scores,view_scores/7,5,5.41927,8.14321,2.72394
14,view_scores,view_scores/0,6,5.298367,8.626188,3.327821
14,view_scores,view_scores/5,7,5.374574,8.045177,2.670603
14,view_scores,view_scores/4,8,5.349798,8.703199,3.353401
14,view_scores,view_scores/2,9,5.333332,8.750016,3.416684
14,receiver_stage,receiver_stage/4,2,10.406858,18.457016,8.050158
14,receiver_stage,receiver_stage/2,3,10.371067,14.699519,4.328452
14,receiver_stage,receiver_stage/7,4,10.470536,22.379232,11.908696
14,receiver_stage,receiver_stage/1,5,10.384882,15.624487,5.239605
14,receiver_stage,receiver_stage/3,6,10.383723,18.685147,8.301424
14,receiver_stage,receiver_stage/0,7,10.342996,15.473159,5.130163
14,receiver_stage,receiver_stage/5,8,10.423389,17.259705,6.836316
14,receiver_stage,receiver_stage/6,9,10.459546,19.201665,8.742119
14,donor_stage,donor_stage/4,2,22.556302,24.074351,1.518049
14,donor_stage,donor_stage/0,3,22.494115,23.033119,0.539004
14,donor_stage,donor_stage/7,4,22.610479,25.038256,2.427777
14,donor_stage,donor_stage/2,5,22.525151,24.724608,2.199457
14,donor_stage,donor_stage/6,6,22.601163,24.934483,2.33332
14,donor_stage,donor_stage/1,7,22.507185,24.019224,1.512039
14,donor_stage,donor_stage/3,8,22.536551,24.059111,1.52256
14,donor_stage,donor_stage/5,9,22.587408,24.043645,1.456237
14,face_fill,face_fill/0,3,30.639794,30.641074,0.00128
14,face_fill,face_fill/1,3,30.641515,30.641644,0.000129
14,face_fill,face_fill/2,3,30.641724,30.641824,0.0001
14,face_fill,face_fill/3,3,30.642184,30.642264,8e-05
14,face_fill,face_fill/4,3,30.646235,30.646335,0.0001
14,face_fill,face_fill/5,3,30.646465,30.646545,8e-05
14,face_fill,face_fill/6,3,30.646615,30.646725,0.00011
14,face_fill,face_fill/7,3,30.646845,30.646915,7e-05
14,mesh_fill,mesh_fill/0,3,42.828219,42.833929,0.00571
14,mesh_fill,mesh_fill/1,3,42.834669,42.836259,0.00159
14,mesh_fill,mesh_fill/2,3,42.836359,42.837749,0.00139
14,mesh_fill,mesh_fill/3,3,42.837829,42.839329,0.0015
14,mesh_fill,mesh_fill/4,3,42.839379,42.841109,0.00173
14,mesh_fill,mesh_fill/6,3,42.841189,42.843039,0.00185
14,mesh_fill,mesh_fill/7,3,42.843259,42.844319,0.00106
14,mesh_fill,mesh_fill/5,7,42.841915,42.846425,0.00451
15,view_projection,view_projection/4,2,0.461003,3.785962,3.324959
15,view_projection,view_projection/0,3,0.358399,3.546191,3.187792
15,view_projection,view_projection/7,4,0.526229,3.608629,3.0824
15,view_projection,view_projection/5,5,0.471103,3.668505,3.197402
15,view_projection,view_projection/6,6,0.479518,3.504211,3.024693
15,view_projection,view_projection/1,7,0.38166,3.526971,3.145311
15,view_projection,view_projection/3,8,0.431861,3.360696,2.928835
15,view_projection,view_projection/2,9,0.403905,3.395648,2.991743
15,view_scores,view_scores/7,2,3.984577,6.672413,2.687836
15,view_scores,view_scores/4,3,3.930881,7.334664,3.403783
15,view_scores,view_scores/5,4,3.965423,7.349095,3.383672
15,view_scores,view_scores/6,5,3.975793,6.844287,2.868494
15,view_scores,view_scores/2,6,3.906381,7.475328,3.568947
15,view_scores,view_scores/3,7,3.918556,7.36661,3.448054
15,view_scores,view_scores/0,8,3.87367,7.242541,3.368871
15,view_scores,view_scores/1,9,3.88702,7.308638,3.421618
15,receiver_stage,receiver_stage/0,2,10.146602,14.631257,4.484655
15,receiver_stage,receiver_stage/4,3,10.208414,19.108163,8.899749
15,receiver_stage,receiver_stage/5,4,10.23392,21.367277,11.133357
15,receiver_stage,receiver_stage/1,5,10.154052,16.108705,5.954653
15,receiver_stage,receiver_stage/7,6,10.267921,19.75566,9.487739
15,receiver_stage,receiver_stage/6,7,10.241558,20.661753,10.420195
15,receiver_stage,receiver_stage/2,8,10.177662,15.167821,4.990159
15,receiver_stage,receiver_stage/3,9,10.186138,19.701803,9.515665
15,donor_stage,donor_stage/0,2,21.543736,22.330966,0.78723
15,donor_stage,donor_stage/3,3,21.593567,23.090066,1.496499
15,donor_stage,donor_stage/7,4,21.673155,24.00827,2.335115
15,donor_stage,donor_stage/2,5,21.589612,23.340906,1.751294
15,donor_stage,donor_stage/6,6,21.660335,23.958613,2.298278
15,donor_stage,donor_stage/5,7,21.642032,23.318116,1.676084
15,donor_stage,donor_stage/1,8,21.561576,22.988953,1.427377
15,donor_stage,donor_stage/4,9,21.623009,23.589569,1.96656
15,face_fill,face_fill/0,2,31.645341,31.646521,0.00118
15,face_fill,face_fill/1,2,31.647141,31.647371,0.00023
15,face_fill,face_fill/2,2,31.647441,31.647551,0.00011
15,face_fill,face_fill/3,2,31.647841,31.647921,8e-05
15,face_fill,face_fill/4,2,31.648071,31.648151,8e-05
15,face_fill,face_fill/5,2,31.648281,31.648461,0.00018
15,face_fill,face_fill/6,2,31.648581,31.648671,9e-05
15,face_fill,face_fill/7,2,31.648801,31.648871,7e-05
15,mesh_fill,mesh_fill/0,2,42.913627,42.921087,0.00746
15,mesh_fill,mesh_fill/1,2,42.922017,42.924257,0.00224
15,mesh_fill,mesh_fill/4,2,42.933718,42.935378,0.00166
15,mesh_fill,mesh_fill/6,2,42.935488,42.936988,0.0015
15,mesh_fill,mesh_fill/7,2,42.937288,42.938498,0.00121
15,mesh_fill,mesh_fill/2,8,42.927217,42.931687,0.00447
15,mesh_fill,mesh_fill/3,8,42.933567,42.934977,0.00141
15,mesh_fill,mesh_fill/5,8,42.935058,42.937438,0.00238
16,view_projection,view_projection/1,2,0.118649,3.719046,3.600397
16,view_projection,view_projection/2,3,0.154029,3.545497,3.391468
16,view_projection,view_projection/7,4,0.245277,4.341883,4.096606
16,view_projection,view_projection/5,5,0.210332,4.663526,4.453194
16,view_projection,view_projection/6,6,0.211816,3.977143,3.765327
16,view_projection,view_projection/3,7,0.16932,3.681101,3.511781
16,view_projection,view_projection/0,8,0.104148,3.813604,3.709456
16,view_projection,view_projection/4,9,0.198207,4.499642,4.301435
16,view_scores,view_scores/1,2,4.81393,8.402372,3.588442
16,view_scores,view_scores/0,3,4.831745,8.212472,3.380727
16,view_scores,view_scores/5,4,4.871657,7.888484,3.016827
16,view_scores,view_scores/7,5,4.919063,7.765126,2.846063
16,view_scores,view_scores/3,6,4.848386,8.401363,3.552977
16,view_scores,view_scores/4,7,4.854431,8.377702,3.523271
16,view_scores,view_scores/2,8,4.82603,8.402487,3.576457
16,view_scores,view_scores/6,9,4.905008,7.792932,2.887924
16,receiver_stage,receiver_stage/7,2,10.246195,16.83512,6.588925
16,receiver_stage,receiver_stage/3,3,10.167278,18.973639,8.806361
16,receiver_stage,receiver_stage/2,4,10.150723,14.535631,4.384908
16,receiver_stage,receiver_stage/0,5,10.119547,14.486739,4.367192
16,receiver_stage,receiver_stage/6,6,10.20364,17.963305,7.759665
16,receiver_stage,receiver_stage/4,7,10.181213,18.886083,8.70487
16,receiver_stage,receiver_stage/5,8,10.191693,16.531716,6.340023
16,receiver_stage,receiver_stage/1,9,10.133552,15.708676,5.575124
16,donor_stage,donor_stage/4,2,19.138839,20.966561,1.827722
16,donor_stage,donor_stage/7,3,19.188665,21.514651,2.325986
16,donor_stage,donor_stage/1,4,19.098789,20.805743,1.706954
16,donor_stage,donor_stage/0,5,19.083682,19.648837,0.565155
16,donor_stage,donor_stage/5,6,19.152821,21.318321,2.1655
16,donor_stage,donor_stage/6,7,19.188361,21.700256,2.511895
16,donor_stage,donor_stage/3,8,19.126964,20.53609,1.409126
16,donor_stage,donor_stage/2,9,19.117339,20.535046,1.417707
16,face_fill,face_fill/0,5,30.475046,30.480056,0.00501
16,face_fill,face_fill/1,5,30.480656,30.480776,0.00012
16,face_fill,face_fill/2,5,30.480957,30.481286,0.000329
16,face_fill,face_fill/3,5,30.481327,30.481696,0.000369
16,face_fill,face_fill/4,5,30.481746,30.481826,8e-05
16,face_fill,face_fill/5,5,30.482646,30.482696,5e-05
16,face_fill,face_fill/6,5,30.482936,30.482976,4e-05
16,face_fill,face_fill/7,5,30.483436,30.483876,0.00044
16,mesh_fill,mesh_fill/0,5,44.298679,44.309469,0.01079
16,mesh_fill,mesh_fill/2,5,44.310199,44.314289,0.00409
16,mesh_fill,mesh_fill/3,5,44.325969,44.327939,0.00197
16,mesh_fill,mesh_fill/1,9,44.311009,44.316469,0.00546
16,mesh_fill,mesh_fill/4,9,44.317439,44.320669,0.00323
16,mesh_fill,mesh_fill/5,9,44.321299,44.32442,0.003121
16,mesh_fill,mesh_fill/6,9,44.32449,44.32628,0.00179
16,mesh_fill,mesh_fill/7,9,44.32648,44.32865,0.00217
17,view_projection,view_projection/4,2,0.179315,4.464595,4.28528
17,view_projection,view_projection/6,3,0.193125,4.244759,4.051634
17,view_projection,view_projection/1,4,0.119233,4.042335,3.923102
17,view_projection,view_projection/0,5,0.110543,4.27588,4.165337
17,view_projection,view_projection/5,6,0.18328,4.133092,3.949812
17,view_projection,view_projection/7,7,0.218906,4.470455,4.251549
17,view_projection,view_projection/3,8,0.1714,4.258495,4.087095
17,view_projection,view_projection/2,9,0.141379,3.773383,3.632004
17,view_scores,view_scores/7,2,4.721227,7.97506,3.253833
17,view_scores,view_scores/3,3,4.647635,8.583446,3.935811
17,view_scores,view_scores/1,4,4.608459,8.550921,3.942462
17,view_scores,view_scores/5,5,4.676801,8.454158,3.777357
17,view_scores,view_scores/2,6,4.63343,8.604752,3.971322
17,view_scores,view_scores/6,7,4.698935,7.969316,3.270381
17,view_scores,view_scores/4,8,4.6577,8.609296,3.951596
17,view_scores,view_scores/0,9,4.602334,8.566246,3.963912
17,receiver_stage,receiver_stage/1,2,10.225494,15.539131,5.313637
17,receiver_stage,receiver_stage/4,3,10.29427,18.673146,8.378876
17,receiver_stage,receiver_stage/3,4,10.27428,18.879702,8.605422
17,receiver_stage,receiver_stage/2,5,10.224839,14.284119,4.05928
17,receiver_stage,receiver_stage/5,6,10.317712,17.207184,6.889472
17,receiver_stage,receiver_stage/0,7,10.200247,14.461027,4.26078
17,receiver_stage,receiver_stage/7,8,10.324416,15.050878,4.726462
17,receiver_stage,receiver_stage/6,9,10.358168,18.547369,8.189201
17,donor_stage,donor_stage/3,2,19.040141,20.940204,1.900063
17,donor_stage,donor_stage/6,3,19.081737,20.668887,1.58715
17,donor_stage,donor_stage/7,4,19.094759,21.122435,2.027676
17,donor_stage,donor_stage/0,5,18.9912,19.438101,0.446901
17,donor_stage,donor_stage/4,6,19.050012,21.034018,1.984006
17,donor_stage,donor_stage/1,7,19.00813,20.566301,1.558171
17,donor_stage,donor_stage/2,8,19.01603,20.56023,1.5442
17,donor_stage,donor_stage/5,9,19.069468,21.036683,1.967215
17,face_fill,face_fill/0,5,27.14116,27.14246,0.0013
17,face_fill,face_fill/1,5,27.14311,27.14322,0.00011
17,face_fill,face_fill/2,5,27.14364,27.14373,9e-05
17,face_fill,face_fill/3,5,27.14378,27.14384,6e-05
17,face_fill,face_fill/4,5,27.14389,27.14398,9e-05
17,face_fill,face_fill/5,5,27.14402,27.14438,0.00036
17,face_fill,face_fill/6,5,27.14489,27.14497,8e-05
17,face_fill,face_fill/7,5,27.14514,27.14523,9e-05
17,mesh_fill,mesh_fill/0,5,40.364561,40.379012,0.014451
17,mesh_fill,mesh_fill/2,5,40.381022,40.383342,0.00232
17,mesh_fill,mesh_fill/4,5,40.383472,40.384992,0.00152
17,mesh_fill,mesh_fill/6,5,40.387382,40.389332,0.00195
17,mesh_fill,mesh_fill/1,8,40.375406,40.381776,0.00637
17,mesh_fill,mesh_fill/3,8,40.382996,40.385056,0.00206
17,mesh_fill,mesh_fill/5,8,40.386056,40.388226,0.00217
17,mesh_fill,mesh_fill/7,8,40.388896,40.390446,0.00155
18,view_projection,view_projection/3,2,0.17986,3.931837,3.751977
18,view_projection,view_projection/4,3,0.197145,4.300381,4.103236
18,view_projection,view_projection/6,4,0.244743,3.967663,3.72292
18,view_projection,view_projection/0,5,0.147944,4.25915,4.111206
18,view_projection,view_projection/5,6,0.221847,3.955768,3.733921
18,view_projection,view_projection/1,7,0.153044,4.046725,3.893681
18,view_projection,view_projection/2,8,0.165979,4.005863,3.839884
18,view_projection,view_projection/7,9,0.255023,3.717402,3.462379
18,view_scores,view_scores/1,2,4.475865,8.932421,4.456556
18,view_scores,view_scores/6,3,4.63279,8.740496,4.107706
18,view_scores,view_scores/2,4,4.518872,8.9115,4.392628
18,view_scores,view_scores/7,5,4.637255,7.956151,3.318896
18,view_scores,view_scores/3,6,4.520507,8.90764,4.387133
18,view_scores,view_scores/5,7,4.601639,8.339486,3.737847
18,view_scores,view_scores/4,8,4.561848,8.869434,4.307586
18,view_scores,view_scores/0,9,4.469776,8.876524,4.406748
18,receiver_stage,receiver_stage/7,2,10.759902,17.360548,6.600646
18,receiver_stage,receiver_stage/2,3,10.66123,14.497904,3.836674
18,receiver_stage,receiver_stage/6,4,10.751223,17.716402,6.965179
18,receiver_stage,receiver_stage/0,5,10.63881,14.797727,4.158917
18,receiver_stage,receiver_stage/4,6,10.712013,19.632207,8.920194
18,receiver_stage,receiver_stage/1,7,10.657045,16.235819,5.578774
18,receiver_stage,receiver_stage/3,8,10.676996,19.727339,9.050343
18,receiver_stage,receiver_stage/5,9,10.713457,18.00739,7.293933
18,donor_stage,donor_stage/3,2,19.941255,22.018798,2.077543
18,donor_stage,donor_stage/0,3,19.893303,20.489079,0.595776
18,donor_stage,donor_stage/4,4,19.957976,21.582288,1.624312
18,donor_stage,donor_stage/1,5,19.914644,21.546386,1.631742
18,donor_stage,donor_stage/6,6,20.004592,21.909406,1.904814
18,donor_stage,donor_stage/2,7,19.931399,21.771816,1.840417
18,donor_stage,donor_stage/7,8,20.026892,22.48475,2.457858
18,donor_stage,donor_stage/5,9,19.977012,22.106051,2.129039
18,face_fill,face_fill/0,3,27.49928,27.50048,0.0012
18,face_fill,face_fill/1,3,27.50094,27.50115,0.00021
18,face_fill,face_fill/2,3,27.50136,27.50145,9e-05
18,face_fill,face_fill/3,3,27.50169,27.50177,8e-05
18,face_fill,face_fill/4,3,27.50183,27.50188,5e-05
18,face_fill,face_fill/5,3,27.50194,27.5021,0.00016
18,face_fill,face_fill/6,3,27.50225,27.50235,0.0001
18,face_fill,face_fill/7,3,27.50248,27.50257,9e-05
18,mesh_fill,mesh_fill/0,3,38.430516,38.435386,0.00487
18,mesh_fill,mesh_fill/1,3,38.436116,38.437656,0.00154
18,mesh_fill,mesh_fill/2,3,38.437746,38.439706,0.00196
18,mesh_fill,mesh_fill/3,3,38.439756,38.440936,0.00118
18,mesh_fill,mesh_fill/4,3,38.441056,38.442506,0.00145
18,mesh_fill,mesh_fill/5,3,38.447036,38.448236,0.0012
18,mesh_fill,mesh_fill/7,3,38.448476,38.449746,0.00127
18,mesh_fill,mesh_fill/6,5,38.446422,38.450052,0.00363
19,view_projection,view_projection/6,2,0.421382,3.305816,2.884434
19,view_projection,view_projection/0,3,0.304558,3.507951,3.203393
19,view_projection,view_projection/2,4,0.348634,3.507546,3.158912
19,view_projection,view_projection/1,5,0.323938,3.993783,3.669845
19,view_projection,view_projection/4,6,0.408662,3.781699,3.373037
19,view_projection,view_projection/3,7,0.35952,3.364857,3.005337
19,view_projection,view_projection/7,8,0.449177,3.287031,2.837854
19,view_projection,view_projection/5,9,0.414497,3.432985,3.018488
19,view_scores,view_scores/2,2,4.129687,8.570581,4.440894
19,view_scores,view_scores/5,3,4.185629,8.533265,4.347636
19,view_scores,view_scores/4,4,4.160953,8.584827,4.423874
19,view_scores,view_scores/6,5,4.208813,8.014857,3.806044
19,view_scores,view_scores/7,6,4.237736,7.753736,3.516
19,view_scores,view_scores/1,7,4.126957,8.54013,4.413173
19,view_scores,view_scores/0,8,4.092886,8.535211,4.442325
19,view_scores,view_scores/3,9,4.153203,8.627167,4.473964
19,receiver_stage,receiver_stage/5,2,10.590864,17.455485,6.864621
19,receiver_stage,receiver_stage/2,3,10.556042,14.189866,3.633824
19,receiver_stage,receiver_stage/6,4,10.616775,18.622051,8.005276
19,receiver_stage,receiver_stage/1,5,10.530802,16.047954,5.517152
19,receiver_stage,receiver_stage/0,6,10.525417,14.310415,3.784998
19,receiver_stage,receiver_stage/4,7,10.587228,17.161788,6.57456
19,receiver_stage,receiver_stage/3,8,10.577273,18.879277,8.302004
19,receiver_stage,receiver_stage/7,9,10.637761,18.737539,8.099778
19,donor_stage,donor_stage/4,2,19.047707,20.600627,1.55292
19,donor_stage,donor_stage/0,3,18.99478,19.487683,0.492903
19,donor_stage,donor_stage/5,4,19.061057,20.647378,1.586321
19,donor_stage,donor_stage/2,5,19.026411,21.115845,2.089434
19,donor_stage,donor_stage/1,6,19.012291,20.581382,1.569091
19,donor_stage,donor_stage/3,7,19.037351,20.592941,1.55559
19,donor_stage,donor_stage/7,8,19.095353,21.347611,2.252258
19,donor_stage,donor_stage/6,9,19.077043,21.226083,2.14904
19,face_fill,face_fill/0,3,26.221657,26.222737,0.00108
19,face_fill,face_fill/1,3,26.223197,26.223297,0.0001
19,face_fill,face_fill/2,3,26.223677,26.223787,0.00011
19,face_fill,face_fill/3,3,26.224117,26.224317,0.0002
19,face_fill,face_fill/4,3,26.224627,26.224877,0.00025
19,face_fill,face_fill/5,3,26.226337,26.226417,8e-05
19,face_fill,face_fill/6,3,26.226647,26.226727,8e-05
19,face_fill,face_fill/7,3,26.226877,26.227327,0.00045
19,mesh_fill,mesh_fill/0,3,44.063197,44.132979,0.069782
19,mesh_fill,mesh_fill/1,6,44.078678,44.082398,0.00372
19,mesh_fill,mesh_fill/2,6,44.083118,44.084848,0.00173
19,mesh_fill,mesh_fill/3,6,44.085238,44.086848,0.00161
19,mesh_fill,mesh_fill/4,6,44.086918,44.088198,0.00128
19,mesh_fill,mesh_fill/5,6,44.088328,44.089628,0.0013
19,mesh_fill,mesh_fill/6,6,44.089678,44.091088,0.00141
19,mesh_fill,mesh_fill/7,6,44.091258,44.092528,0.00127
20,view_projection,view_projection/2,2,0.421156,3.012033,2.590877
20,view_projection,view_projection/3,3,0.435032,2.946047,2.511015
20,view_projection,view_projection/4,4,0.454083,3.586133,3.13205
20,view_projection,view_projection/6,5,0.478163,3.492951,3.014788
20,view_projection,view_projection/0,6,0.378436,3.050555,2.672119
20,view_projection,view_projection/1,7,0.391641,2.983297,2.591656
20,view_projection,view_projection/7,8,0.52435,3.481001,2.956651
20,view_projection,view_projection/5,9,0.474799,3.277866,2.803067
20,view_scores,view_scores/3,2,3.696447,7.663178,3.966731
20,view_scores,view_scores/0,3,3.662395,7.935755,4.27336
20,view_scores,view_scores/7,4,3.753423,7.907275,4.153852
20,view_scores,view_scores/6,5,3.741663,7.099318,3.357655
20,view_scores,view_scores/2,6,3.686506,8.038458,4.351952
20,view_scores,view_scores/1,7,3.678906,7.855984,4.177078
20,view_scores,view_scores/5,8,3.725341,7.158786,3.433445
20,view_scores,view_scores/4,9,3.709391,7.873989,4.164598
20,receiver_stage,receiver_stage/2,2,10.020149,13.443317,3.423168
20,receiver_stage,receiver_stage/6,3,10.098645,18.657912,8.559267
20,receiver_stage,receiver_stage/5,4,10.071377,17.42363,7.352253
20,receiver_stage,receiver_stage/0,5,9.993009,14.682169,4.68916
20,receiver_stage,receiver_stage/7,6,10.117178,18.849417,8.732239
20,receiver_stage,receiver_stage/3,7,10.05055,19.620251,9.569701
20,receiver_stage,receiver_stage/1,8,10.012739,14.667239,4.6545
20,receiver_stage,receiver_stage/4,9,10.061901,19.295909,9.234008
20,donor_stage,donor_stage/0,2,19.75988,20.295544,0.535664
20,donor_stage,donor_stage/4,3,19.835513,21.364232,1.528719
20,donor_stage,donor_stage/3,4,19.811487,21.518981,1.707494
20,donor_stage,donor_stage/2,5,19.805852,21.551327,1.745475
20,donor_stage,donor_stage/5,6,19.848989,21.299746,1.450757
20,donor_stage,donor_stage/7,7,19.891254,22.963723,3.072469
20,donor_stage,donor_stage/1,8,19.803682,21.777903,1.974221
20,donor_stage,donor_stage/6,9,19.879289,22.260605,2.381316
20,face_fill,face_fill/0,2,31.199436,31.200546,0.00111
20,face_fill,face_fill/1,2,31.201286,31.201396,0.00011
20,face_fill,face_fill/2,2,31.201456,31.201556,0.0001
20,face_fill,face_fill/3,2,31.201856,31.201956,0.0001
20,face_fill,face_fill/4,2,31.205976,31.206066,9e-05
20,face_fill,face_fill/5,2,31.206196,31.206366,0.00017
20,face_fill,face_fill/6,2,31.206416,31.206496,8e-05
20,face_fill,face_fill/7,2,31.206716,31.206786,7e-05
20,mesh_fill,mesh_fill/0,2,46.169442,46.188792,0.01935
20,mesh_fill,mesh_fill/2,3,46.216658,46.225868,0.00921
20,mesh_fill,mesh_fill/4,3,46.230988,46.233518,0.00253
20,mesh_fill,mesh_fill/6,3,46.233698,46.236669,0.002971
20,mesh_fill,mesh_fill/1,6,46.220383,46.226334,0.005951
20,mesh_fill,mesh_fill/3,6,46.230894,46.232824,0.00193
20,mesh_fill,mesh_fill/5,6,46.233134,46.235944,0.00281
20,mesh_fill,mesh_fill/7,6,46.236334,46.238904,0.00257
21,view_projection,view_projection/3,2,0.16171,4.127692,3.965982
21,view_projection,view_projection/0,3,0.105689,3.670311,3.564622
21,view_projection,view_projection/2,4,0.13193,3.828935,3.697005
21,view_projection,view_projection/4,5,0.182946,4.156403,3.973457
21,view_projection,view_projection/1,6,0.126389,3.733153,3.606764
21,view_projection,view_projection/7,7,0.234132,3.487536,3.253404
21,view_projection,view_projection/5,8,0.193301,4.124342,3.931041
21,view_projection,view_projection/6,9,0.219592,4.2194,3.999808
21,view_scores,view_scores/5,2,4.393415,7.768856,3.375441
21,view_scores,view_scores/1,3,4.336498,8.008197,3.671699
21,view_scores,view_scores/3,4,4.360539,8.011493,3.650954
21,view_scores,view_scores/6,5,4.404964,7.887064,3.4821
21,view_scores,view_scores/2,6,4.360359,8.159877,3.799518
21,view_scores,view_scores/0,7,4.321517,8.016013,3.694496
21,view_scores,view_scores/4,8,4.380313,7.661124,3.280811
21,view_scores,view_scores/7,9,4.452567,7.8851,3.432533
21,receiver_stage,receiver_stage/1,2,10.017864,14.715955,4.698091
21,receiver_stage,receiver_stage/4,3,10.080176,16.261156,6.18098
21,receiver_stage,receiver_stage/6,4,10.093902,18.205861,8.111959
21,receiver_stage,receiver_stage/3,5,10.058365,16.181568,6.123203
21,receiver_stage,receiver_stage/7,6,10.137948,12.216687,2.078739
21,receiver_stage,receiver_stage/5,7,10.090981,16.539963,6.448982
21,receiver_stage,receiver_stage/0,8,9.990904,14.750027,4.759123
21,receiver_stage,receiver_stage/2,9,10.03535,18.468468,8.433118
21,donor_stage,donor_stage/1,2,18.611606,20.606232,1.994626
21,donor_stage,donor_stage/4,3,18.655947,20.284459,1.628512
21,donor_stage,donor_stage/6,4,18.688634,20.745411,2.056777
21,donor_stage,donor_stage/3,5,18.645292,20.1296,1.484308
21,donor_stage,donor_stage/0,6,18.602401,19.253558,0.651157
21,donor_stage,donor_stage/5,7,18.670288,20.477714,1.807426
21,donor_stage,donor_stage/2,8,18.624656,20.036583,1.411927
21,donor_stage,donor_stage/7,9,18.705205,21.08543,2.380225
21,face_fill,face_fill/0,6,23.883442,23.885232,0.00179
21,face_fill,face_fill/2,6,23.887523,23.887813,0.00029
21,face_fill,face_fill/1,8,23.888647,23.890517,0.00187
21,face_fill,face_fill/3,8,23.891687,23.891867,0.00018
21,face_fill,face_fill/4,8,23.904418,23.904548,0.00013
21,face_fill,face_fill/5,8,23.904658,23.904788,0.00013
21,face_fill,face_fill/6,8,23.904888,23.905088,0.0002
21,face_fill,face_fill/7,8,23.905258,23.905468,0.00021
21,mesh_fill,mesh_fill/0,8,30.168314,30.173744,0.00543
21,mesh_fill,mesh_fill/1,8,30.174494,30.175714,0.00122
21,mesh_fill,mesh_fill/2,8,30.175844,30.176964,0.00112
21,mesh_fill,mesh_fill/3,8,30.177124,30.178084,0.00096
21,mesh_fill,mesh_fill/4,8,30.178144,30.179084,0.00094
21,mesh_fill,mesh_fill/5,8,30.179164,30.180014,0.00085
21,mesh_fill,mesh_fill/6,8,30.180094,30.180774,0.00068
21,mesh_fill,mesh_fill/7,8,30.181044,30.181894,0.00085
22,view_projection,view_projection/5,2,0.562759,4.27901,3.716251
22,view_projection,view_projection/4,3,0.544644,3.787743,3.243099
22,view_projection,view_projection/6,4,0.576141,4.740073,4.163932
22,view_projection,view_projection/2,5,0.489368,3.612473,3.123105
22,view_projection,view_projection/1,6,0.479703,3.87011,3.390407
22,view_projection,view_projection/3,7,0.525804,4.09013,3.564326
22,view_projection,view_projection/0,8,0.460556,3.916225,3.455669
22,view_projection,view_projection/7,9,0.605372,4.26714,3.661768
22,view_scores,view_scores/6,2,5.007115,8.436988,3.429873
22,view_scores,view_scores/4,3,4.949788,8.960246,4.010458
22,view_scores,view_scores/7,4,5.030616,8.441124,3.410508
22,view_scores,view_scores/0,5,4.933777,8.855573,3.921796
22,view_scores,view_scores/1,6,4.918612,8.977812,4.0592
22,view_scores,view_scores/3,7,4.945213,9.019403,4.07419
22,view_scores,view_scores/2,8,4.935128,8.558891,3.623763
22,view_scores,view_scores/5,9,4.968714,8.309271,3.340557
22,receiver_stage,receiver_stage/2,2,11.324302,19.270397,7.946095
22,receiver_stage,receiver_stage/5,3,11.418795,18.123217,6.704422
22,receiver_stage,receiver_stage/1,4,11.147548,16.167427,5.019879
22,receiver_stage,receiver_stage/4,5,11.386919,21.633192,10.246273
22,receiver_stage,receiver_stage/6,6,11.498923,18.659637,7.160714
22,receiver_stage,receiver_stage/7,7,11.517701,13.874632,2.356931
22,receiver_stage,receiver_stage/3,8,11.364057,18.541343,7.177286
22,receiver_stage,receiver_stage/0,9,11.123542,15.68349,4.559948
22,donor_stage,donor_stage/6,2,21.872425,23.782403,1.909978
22,donor_stage,donor_stage/3,3,21.821303,23.158498,1.337195
22,donor_stage,donor_stage/2,4,21.803758,23.573649,1.769891
22,donor_stage,donor_stage/7,5,21.88256,24.006139,2.123579
22,donor_stage,donor_stage/5,6,21.853,24.063491,2.210491
22,donor_stage,donor_stage/0,7,21.767796,22.32605,0.558254
22,donor_stage,donor_stage/4,8,21.838518,23.366157,1.527639
22,donor_stage,donor_stage/1,9,21.786932,23.556158,1.769226
22,face_fill,face_fill/0,7,27.444568,27.445738,0.00117
22,face_fill,face_fill/1,7,27.446698,27.446828,0.00013
22,face_fill,face_fill/2,7,27.446898,27.447118,0.00022
22,face_fill,face_fill/3,7,27.447368,27.447458,9e-05
22,face_fill,face_fill/4,7,27.447858,27.447948,9e-05
22,face_fill,face_fill/5,7,27.448228,27.448348,0.00012
22,face_fill,face_fill/6,7,27.448628,27.448708,8e-05
22,face_fill,face_fill/7,7,27.448968,27.449048,8e-05
22,mesh_fill,mesh_fill/3,3,37.639031,37.642271,0.00324
22,mesh_fill,mesh_fill/0,7,37.628011,37.633201,0.00519
22,mesh_fill,mesh_fill/1,7,37.634581,37.636101,0.00152
22,mesh_fill,mesh_fill/2,7,37.636191,37.637681,0.00149
22,mesh_fill,mesh_fill/4,7,37.637831,37.638891,0.00106
22,mesh_fill,mesh_fill/5,7,37.639181,37.640141,0.00096
22,mesh_fill,mesh_fill/6,7,37.640281,37.641271,0.00099
22,mesh_fill,mesh_fill/7,7,37.667262,37.668692,0.00143
23,view_projection,view_projection/5,2,0.265653,3.952142,3.686489
23,view_projection,view_projection/3,3,0.192045,3.469365,3.27732
23,view_projection,view_projection/4,4,0.227577,3.672595,3.445018
23,view_projection,view_projection/7,5,0.279073,3.758573,3.4795
23,view_projection,view_projection/6,6,0.271618,3.408159,3.136541
23,view_projection,view_projection/1,7,0.15905,3.630843,3.471793
23,view_projection,view_projection/0,8,0.148519,3.66469,3.516171
23,view_projection,view_projection/2,9,0.17361,3.416604,3.242994
23,view_scores,view_scores/7,2,4.196069,7.484544,3.288475
23,view_scores,view_scores/2,3,4.114506,8.422513,4.308007
23,view_scores,view_scores/5,4,4.171739,7.436653,3.264914
23,view_scores,view_scores/6,5,4.174657,7.621876,3.447219
23,view_scores,view_scores/0,6,4.093886,8.370597,4.276711
23,view_scores,view_scores/3,7,4.137092,8.422923,4.285831
23,view_scores,view_scores/4,8,4.140002,8.404623,4.264621
23,view_scores,view_scores/1,9,4.094376,8.400568,4.306192
23,receiver_stage,receiver_stage/1,2,10.341972,15.108155,4.766183
23,receiver_stage,receiver_stage/6,3,10.440825,18.041665,7.60084
23,receiver_stage,receiver_stage/0,4,10.323342,14.994957,4.671615
23,receiver_stage,receiver_stage/2,5,10.353737,18.40837,8.054633
23,receiver_stage,receiver_stage/3,6,10.379939,15.777178,5.397239
23,receiver_stage,receiver_stage/7,7,10.44312,13.635428,3.192308
23,receiver_stage,receiver_stage/5,8,10.410324,21.146861,10.736537
23,receiver_stage,receiver_stage/4,9,10.395144,21.626489,11.231345
23,donor_stage,donor_stage/2,2,21.86579,23.658066,1.792276
23,donor_stage,donor_stage/6,3,21.928282,24.409916,2.481634
23,donor_stage,donor_stage/1,4,21.851614,23.329282,1.477668
23,donor_stage,donor_stage/4,5,21.915675,23.844995,1.92932
23,donor_stage,donor_stage/3,6,21.876965,24.046986,2.170021
23,donor_stage,donor_stage/0,7,21.834729,22.541577,0.706848
23,donor_stage,donor_stage/5,8,21.922111,24.387165,2.465054
23,donor_stage,donor_stage/7,9,21.945027,24.484752,2.539725
23,face_fill,face_fill/0,7,28.221373,28.222473,0.0011
23,face_fill,face_fill/1,7,28.223063,28.223123,6e-05
23,face_fill,face_fill/2,7,28.223293,28.223383,9e-05
23,face_fill,face_fill/3,7,28.223433,28.223723,0.00029
23,face_fill,face_fill/4,7,28.223774,28.223853,7.9e-05
23,face_fill,face_fill/5,7,28.224183,28.224273,9e-05
23,face_fill,face_fill/6,7,28.224583,28.224643,6e-05
23,face_fill,face_fill/7,7,28.224863,28.225143,0.00028
23,mesh_fill,mesh_fill/6,4,36.145318,36.149128,0.00381
23,mesh_fill,mesh_fill/7,4,36.150778,36.151838,0.00106
23,mesh_fill,mesh_fill/0,7,36.129917,36.134838,0.004921
23,mesh_fill,mesh_fill/1,7,36.135738,36.136848,0.00111
23,mesh_fill,mesh_fill/2,7,36.137218,36.138018,0.0008
23,mesh_fill,mesh_fill/3,7,36.138158,36.138828,0.00067
23,mesh_fill,mesh_fill/4,7,36.138878,36.139758,0.00088
23,mesh_fill,mesh_fill/5,7,36.149378,36.150108,0.00073
24,view_projection,view_projection/2,2,0.318683,4.448174,4.129491
24,view_projection,view_projection/6,3,0.397805,4.588158,4.190353
24,view_projection,view_projection/1,4,0.319608,4.510211,4.190603
24,view_projection,view_projection/3,5,0.332688,4.312801,3.980113
24,view_projection,view_projection/4,6,0.36397,4.923052,4.559082
24,view_projection,view_projection/0,7,0.291067,4.619939,4.328872
24,view_projection,view_projection/5,8,0.379814,4.351557,3.971743
24,view_projection,view_projection/7,9,0.417366,4.401909,3.984543
24,view_scores,view_scores/3,2,5.119757,8.802186,3.682429
24,view_scores,view_scores/5,3,5.151793,8.499089,3.347296
24,view_scores,view_scores/4,4,5.133187,8.787357,3.65417
24,view_scores,view_scores/0,5,5.04754,8.779576,3.732036
24,view_scores,view_scores/7,6,5.223685,8.504464,3.280779
24,view_scores,view_scores/6,7,5.158657,8.256083,3.097426
24,view_scores,view_scores/1,8,5.07007,8.802741,3.732671
24,view_scores,view_scores/2,9,5.101291,8.833428,3.732137
24,receiver_stage,receiver_stage/7,2,10.763108,12.293627,1.530519
24,receiver_stage,receiver_stage/1,3,10.656514,15.521384,4.86487
24,receiver_stage,receiver_stage/4,4,10.698031,17.798009,7.099978
24,receiver_stage,receiver_stage/3,5,10.68142,17.140632,6.459212
24,receiver_stage,receiver_stage/2,6,10.675925,18.0353,7.359375
24,receiver_stage,receiver_stage/0,7,10.633524,15.489419,4.855895
24,receiver_stage,receiver_stage/5,8,10.713146,21.223617,10.510471
24,receiver_stage,receiver_stage/6,9,10.752463,17.210749,6.458286
24,donor_stage,donor_stage/0,2,21.361331,21.830423,0.469092
24,donor_stage,donor_stage/2,3,21.395231,22.819698,1.424467
24,donor_stage,donor_stage/5,4,21.455044,23.438035,1.982991
24,donor_stage,donor_stage/3,5,21.426617,23.213409,1.786792
24,donor_stage,donor_stage/7,6,21.488,23.848525,2.360525
24,donor_stage,donor_stage/1,7,21.390411,22.685945,1.295534
24,donor_stage,donor_stage/6,8,21.472218,23.25914,1.786922
24,donor_stage,donor_stage/4,9,21.437628,23.799179,2.361551
24,face_fill,face_fill/0,2,27.036367,27.037837,0.00147
24,face_fill,face_fill/1,2,27.038687,27.038747,6e-05
24,face_fill,face_fill/2,2,27.038997,27.039097,0.0001
24,face_fill,face_fill/3,2,27.039287,27.039577,0.00029
24,face_fill,face_fill/4,2,27.039827,27.040167,0.00034
24,face_fill,face_fill/5,2,27.040227,27.040317,9e-05
24,face_fill,face_fill/6,2,27.040867,27.040947,8e-05
24,face_fill,face_fill/7,2,27.041387,27.041457,7e-05
24,mesh_fill,mesh_fill/0,2,37.727253,37.733593,0.00634
24,mesh_fill,mesh_fill/1,2,37.734733,37.736963,0.00223
24,mesh_fill,mesh_fill/2,7,37.744263,37.747864,0.003601
24,mesh_fill,mesh_fill/3,7,37.748634,37.750234,0.0016
24,mesh_fill,mesh_fill/4,7,37.750354,37.751674,0.00132
24,mesh_fill,mesh_fill/5,7,37.751764,37.753134,0.00137
24,mesh_fill,mesh_fill/6,7,37.753204,37.754454,0.00125
24,mesh_fill,mesh_fill/7,7,37.754684,37.755674,0.00099
25,view_projection,view_projection/2,2,0.14877,4.584984,4.436214
25,view_projection,view_projection/1,3,0.113979,4.471691,4.357712
25,view_projection,view_projection/5,4,0.194126,4.437996,4.24387
25,view_projection,view_projection/3,5,0.15436,5.429936,5.275576
25,view_projection,view_projection/7,6,0.207941,5.511648,5.303707
25,view_projection,view_projection/0,7,0.099389,4.572314,4.472925
25,view_projection,view_projection/4,8,0.179961,4.79724,4.617279
25,view_projection,view_projection/6,9,0.208398,4.836342,4.627944
25,view_scores,view_scores/3,2,5.635461,8.883635,3.248174
25,view_scores,view_scores/1,3,5.609411,8.829484,3.220073
25,view_scores,view_scores/0,4,5.599126,8.726136,3.12701
25,view_scores,view_scores/7,5,5.712964,8.950287,3.237323
25,view_scores,view_scores/6,6,5.701699,8.534972,2.833273
25,view_scores,view_scores/2,7,5.622741,8.913226,3.290485
25,view_scores,view_scores/4,8,5.671047,8.829694,3.158647
25,view_scores,view_scores/5,9,5.675388,8.826949,3.151561
25,receiver_stage,receiver_stage/4,2,11.585115,19.065988,7.480873
25,receiver_stage,receiver_stage/3,3,11.546364,18.129424,6.58306
25,receiver_stage,receiver_stage/1,4,11.526544,15.723182,4.196638
25,receiver_stage,receiver_stage/7,5,11.619001,12.918645,1.299644
25,receiver_stage,receiver_stage/0,6,11.501793,16.01733,4.515537
25,receiver_stage,receiver_stage/6,7,11.60265,18.116768,6.514118
25,receiver_stage,receiver_stage/5,8,11.602046,19.735515,8.133469
25,receiver_stage,receiver_stage/2,9,11.533869,19.052518,7.518649
25,donor_stage,donor_stage/6,2,19.964812,22.004434,2.039622
25,donor_stage,donor_stage/4,3,19.93179,21.230484,1.298694
25,donor_stage,donor_stage/1,4,19.884759,21.019619,1.13486
25,donor_stage,donor_stage/0,5,19.881389,20.454904,0.573515
25,donor_stage,donor_stage/2,6,19.90633,21.280875,1.374545
25,donor_stage,donor_stage/3,7,19.914495,21.411203,1.496708
25,donor_stage,donor_stage/7,8,19.982686,21.424273,1.441587
25,donor_stage,donor_stage/5,9,19.947841,21.477951,1.53011
25,face_fill,face_fill/0,5,26.580482,26.581382,0.0009
25,face_fill,face_fill/1,5,26.581952,26.582082,0.00013
25,face_fill,face_fill/2,5,26.582882,26.582942,6e-05
25,face_fill,face_fill/3,5,26.583492,26.583562,7e-05
25,face_fill,face_fill/4,5,26.583962,26.584402,0.00044
25,face_fill,face_fill/5,5,26.584452,26.584512,6e-05
25,face_fill,face_fill/6,5,26.584772,26.584842,7e-05
25,face_fill,face_fill/7,5,26.590362,26.590422,6e-05
25,mesh_fill,mesh_fill/6,4,36.820776,36.825176,0.0044
25,mesh_fill,mesh_fill/0,5,36.80753,36.81283,0.0053
25,mesh_fill,mesh_fill/1,5,36.81373,36.81526,0.00153
25,mesh_fill,mesh_fill/2,5,36.81533,36.81637,0.00104
25,mesh_fill,mesh_fill/3,5,36.81642,36.81754,0.00112
25,mesh_fill,mesh_fill/4,5,36.81759,36.81885,0.00126
25,mesh_fill,mesh_fill/5,5,36.81896,36.82032,0.00136
25,mesh_fill,mesh_fill/7,5,36.820521,36.82172,0.001199
26,view_projection,view_projection/6,2,0.530438,3.493044,2.962606
26,view_projection,view_projection/2,3,0.434641,3.830709,3.396068
26,view_projection,view_projection/1,4,0.411461,3.930252,3.518791
26,view_projection,view_projection/0,5,0.385614,3.991827,3.606213
26,view_projection,view_projection/3,6,0.470707,3.919746,3.449039
26,view_projection,view_projection/4,7,0.473842,3.928241,3.454399
26,view_projection,view_projection/5,8,0.515974,4.477715,3.961741
26,view_projection,view_projection/7,9,0.53673,3.868156,3.331426
26,view_scores,view_scores/0,2,4.568808,8.452828,3.88402
26,view_scores,view_scores/1,3,4.581428,8.524404,3.942976
26,view_scores,view_scores/7,4,4.677637,8.360701,3.683064
26,view_scores,view_scores/5,5,4.659101,7.783011,3.12391
26,view_scores,view_scores/3,6,4.61176,8.644543,4.032783
26,view_scores,view_scores/4,7,4.659901,8.324295,3.664394
26,view_scores,view_scores/6,8,4.674146,7.441403,2.767257
26,view_scores,view_scores/2,9,4.602104,8.671314,4.06921
26,receiver_stage,receiver_stage/4,2,11.425475,18.655911,7.230436
26,receiver_stage,receiver_stage/5,3,11.456746,20.256113,8.799367
26,receiver_stage,receiver_stage/3,4,11.41757,20.332095,8.914525
26,receiver_stage,receiver_stage/1,5,11.378084,15.648494,4.27041
26,receiver_stage,receiver_stage/6,6,11.464352,18.529183,7.064831
26,receiver_stage,receiver_stage/2,7,11.394324,20.00389,8.609566
26,receiver_stage,receiver_stage/0,8,11.336117,16.034178,4.698061
26,receiver_stage,receiver_stage/7,9,11.480552,14.922196,3.441644
26,donor_stage,donor_stage/4,2,20.53841,22.032389,1.493979
26,donor_stage,donor_stage/6,3,20.570195,22.039393,1.469198
26,donor_stage,donor_stage/7,4,20.586237,22.183238,1.597001
26,donor_stage,donor_stage/1,5,20.484289,21.969717,1.485428
26,donor_stage,donor_stage/3,6,20.513815,22.161707,1.647892
26,donor_stage,donor_stage/5,7,20.555781,22.170483,1.614702
26,donor_stage,donor_stage/2,8,20.501444,21.963462,1.462018
26,donor_stage,donor_stage/0,9,20.474504,21.10039,0.625886
26,face_fill,face_fill/0,9,27.060223,27.061303,0.00108
26,face_fill,face_fill/1,9,27.061753,27.061853,0.0001
26,face_fill,face_fill/2,9,27.061933,27.062043,0.00011
26,face_fill,face_fill/3,9,27.062294,27.062393,9.9e-05
26,face_fill,face_fill/4,9,27.066624,27.066714,9e-05
26,face_fill,face_fill/5,9,27.066794,27.067144,0.00035
26,face_fill,face_fill/6,9,27.067194,27.067264,7e-05
26,face_fill,face_fill/7,9,27.067324,27.067414,9e-05
26,mesh_fill,mesh_fill/5,8,39.1535,39.15818,0.00468
26,mesh_fill,mesh_fill/0,9,39.13321,39.14251,0.0093
26,mesh_fill,mesh_fill/1,9,39.14306,39.14577,0.00271
26,mesh_fill,mesh_fill/2,9,39.14587,39.14769,0.00182
26,mesh_fill,mesh_fill/3,9,39.14796,39.15003,0.00207
26,mesh_fill,mesh_fill/4,9,39.15012,39.15161,0.00149
26,mesh_fill,mesh_fill/6,9,39.15292,39.15466,0.00174
26,mesh_fill,mesh_fill/7,9,39.15493,39.15629,0.00136
27,view_projection,view_projection/3,2,0.464749,3.552653,3.087904
27,view_projection,view_projection/4,3,0.536735,3.486321,2.949586
27,view_projection,view_projection/7,4,0.6883,3.344428,2.656128
27,view_projection,view_projection/2,5,0.445963,3.081346,2.635383
27,view_projection,view_projection/5,6,0.536745,3.405139,2.868394
27,view_projection,view_projection/6,7,0.625162,3.439835,2.814673
27,view_projection,view_projection/1,8,0.400277,3.386844,2.986567
27,view_projection,view_projection/0,9,0.376142,3.01537,2.639228
27,view_scores,view_scores/6,2,3.753229,6.609713,2.856484
27,view_scores,view_scores/7,3,3.757293,12.286803,8.52951
27,view_scores,view_scores/2,4,3.658521,6.748706,3.090185
27,view_scores,view_scores/1,5,3.642085,6.720054,3.077969
27,view_scores,view_scores/4,6,3.691867,6.689684,2.997817
27,view_scores,view_scores/5,7,3.715437,6.587106,2.871669
27,view_scores,view_scores/3,8,3.672546,6.763631,3.091085
27,view_scores,view_scores/0,9,3.629226,7.820618,4.191392
27,receiver_stage,receiver_stage/1,2,14.754096,20.33574,5.581644
27,receiver_stage,receiver_stage/7,3,14.859405,19.34247,4.483065
27,receiver_stage,receiver_stage/4,4,14.821704,21.64596,6.824256
27,receiver_stage,receiver_stage/3,5,14.788588,24.690283,9.901695
27,receiver_stage,receiver_stage/2,6,14.770762,22.205904,7.435142
27,receiver_stage,receiver_stage/0,7,14.734316,19.556691,4.822375
27,receiver_stage,receiver_stage/5,8,14.832195,24.17576,9.343565
27,receiver_stage,receiver_stage/6,9,14.847104,25.145005,10.297901
27,donor_stage,donor_stage/2,2,25.446778,27.044669,1.597891
27,donor_stage,donor_stage/0,3,25.416462,26.809097,1.392635
27,donor_stage,donor_stage/3,4,25.474629,27.241839,1.76721
27,donor_stage,donor_stage/6,5,25.53383,27.178442,1.644612
27,donor_stage,donor_stage/4,6,25.50004,27.006869,1.506829
27,donor_stage,donor_stage/1,7,25.440633,26.676885,1.236252
27,donor_stage,donor_stage/5,8,25.510215,27.114446,1.604231
27,donor_stage,donor_stage/7,9,25.540465,28.637015,3.09655
27,face_fill,face_fill/0,7,31.473402,31.475732,0.00233
27,face_fill,face_fill/1,7,31.476572,31.476932,0.00036
27,face_fill,face_fill/2,7,31.477502,31.477822,0.00032
27,face_fill,face_fill/3,7,31.478152,31.478552,0.0004
27,face_fill,face_fill/4,7,31.478692,31.479092,0.0004
27,face_fill,face_fill/5,7,31.480392,31.480462,7e-05
27,face_fill,face_fill/6,7,31.480982,31.481202,0.00022
27,face_fill,face_fill/7,7,31.481292,31.481502,0.00021
27,mesh_fill,mesh_fill/4,3,41.852296,41.855926,0.00363
27,mesh_fill,mesh_fill/0,7,41.837595,41.841776,0.004181
27,mesh_fill,mesh_fill/1,7,41.842566,41.843976,0.00141
27,mesh_fill,mesh_fill/2,7,41.844116,41.845166,0.00105
27,mesh_fill,mesh_fill/3,7,41.845216,41.846326,0.00111
27,mesh_fill,mesh_fill/5,7,41.851356,41.852676,0.00132
27,mesh_fill,mesh_fill/6,7,41.852726,41.853686,0.00096
27,mesh_fill,mesh_fill/7,7,41.853936,41.854736,0.0008
28,view_projection,view_projection/3,2,0.153494,3.865129,3.711635
28,view_projection,view_projection/1,3,0.126743,3.8691,3.742357
28,view_projection,view_projection/7,4,0.234507,4.275975,4.041468
28,view_projection,view_projection/4,5,0.171109,3.890825,3.719716
28,view_projection,view_projection/2,6,0.140294,3.954697,3.814403
28,view_projection,view_projection/0,7,0.109577,3.780842,3.671265
28,view_projection,view_projection/6,8,0.226965,3.991863,3.764898
28,view_projection,view_projection/5,9,0.19797,4.346112,4.148142
28,view_scores,view_scores/1,2,4.468965,8.12759,3.658625
28,view_scores,view_scores/2,3,4.487485,8.204132,3.716647
28,view_scores,view_scores/6,4,4.603484,8.173546,3.570062
28,view_scores,view_scores/3,5,4.501991,8.116379,3.614388
28,view_scores,view_scores/4,6,4.544772,8.1536,3.608828
28,view_scores,view_scores/0,7,4.453655,8.218696,3.765041
28,view_scores,view_scores/5,8,4.562318,8.176586,3.614268
28,view_scores,view_scores/7,9,4.603914,7.962791,3.358877
28,receiver_stage,receiver_stage/2,2,10.169102,18.383744,8.214642
28,receiver_stage,receiver_stage/6,3,10.240248,17.258515,7.018267
28,receiver_stage,receiver_stage/4,4,10.206259,17.170938,6.964679
28,receiver_stage,receiver_stage/1,5,10.151292,14.697879,4.546587
28,receiver_stage,receiver_stage/3,6,10.178158,15.931436,5.753278
28,receiver_stage,receiver_stage/7,7,10.26154,18.378314,8.116774
28,receiver_stage,receiver_stage/5,8,10.214764,17.44788,7.233116
28,receiver_stage,receiver_stage/0,9,10.145627,14.985052,4.839425
28,donor_stage,donor_stage/7,2,18.663151,20.004436,1.341285
28,donor_stage,donor_stage/4,3,18.626481,20.682523,2.056042
28,donor_stage,donor_stage/3,4,18.614485,20.106214,1.491729
28,donor_stage,donor_stage/0,5,18.561739,19.454662,0.892923
28,donor_stage,donor_stage/2,6,18.595746,20.464063,1.868317
28,donor_stage,donor_stage/6,7,18.655472,20.803027,2.147555
28,donor_stage,donor_stage/5,8,18.640046,20.071043,1.430997
28,donor_stage,donor_stage/1,9,18.575549,19.920564,1.345015
28,face_fill,face_fill/0,5,24.03164,24.03462,0.00298
28,face_fill,face_fill/1,5,24.03541,24.0356,0.00019
28,face_fill,face_fill/2,5,24.03613,24.0363,0.00017
28,face_fill,face_fill/3,5,24.03642,24.03655,0.00013
28,face_fill,face_fill/4,5,24.03693,24.03725,0.00032
28,face_fill,face_fill/5,5,24.03743,24.03757,0.00014
28,face_fill,face_fill/6,5,24.03767,24.0378,0.00013
28,face_fill,face_fill/7,5,24.04636,24.04647,0.00011
28,mesh_fill,mesh_fill/6,5,34.616203,34.623043,0.00684
28,mesh_fill,mesh_fill/0,9,34.594783,34.604463,0.00968
28,mesh_fill,mesh_fill/1,9,34.605553,34.606783,0.00123
28,mesh_fill,mesh_fill/2,9,34.606903,34.608493,0.00159
28,mesh_fill,mesh_fill/3,9,34.608553,34.609833,0.00128
28,mesh_fill,mesh_fill/4,9,34.610133,34.611683,0.00155
28,mesh_fill,mesh_fill/5,9,34.611743,34.613363,0.00162
28,mesh_fill,mesh_fill/7,9,34.614663,34.615903,0.00124
29,view_projection,view_projection/2,2,0.215742,4.019305,3.803563
29,view_projection,view_projection/7,3,0.314795,3.050815,2.73602
29,view_projection,view_projection/3,4,0.243693,3.899837,3.656144
29,view_projection,view_projection/1,5,0.198386,3.865796,3.66741
29,view_projection,view_projection/6,6,0.281907,3.043509,2.761602
29,view_projection,view_projection/5,7,0.257538,3.689737,3.432199
29,view_projection,view_projection/4,8,0.245623,3.513007,3.267384
29,view_projection,view_projection/0,9,0.185461,3.938573,3.753112
29,view_scores,view_scores/7,2,4.302602,7.811598,3.508996
29,view_scores,view_scores/1,3,4.207364,8.28357,4.076206
29,view_scores,view_scores/5,4,4.260802,7.763947,3.503145
29,view_scores,view_scores/4,5,4.253566,8.395217,4.141651
29,view_scores,view_scores/0,6,4.176349,8.424449,4.2481
29,view_scores,view_scores/3,7,4.227075,8.589873,4.362798
29,view_scores,view_scores/2,8,4.20959,8.455534,4.245944
29,view_scores,view_scores/6,9,4.275392,8.106241,3.830849
29,receiver_stage,receiver_stage/3,2,10.612955,19.860974,9.248019
29,receiver_stage,receiver_stage/1,3,10.597664,16.354592,5.756928
29,receiver_stage,receiver_stage/0,4,10.59988,15.557993,4.958113
29,receiver_stage,receiver_stage/4,5,10.63398,20.205107,9.571127
29,receiver_stage,receiver_stage/5,6,10.661507,18.413501,7.751994
29,receiver_stage,receiver_stage/7,7,10.686962,18.293192,7.60623
29,receiver_stage,receiver_stage/6,8,10.669382,17.812146,7.142764
29,receiver_stage,receiver_stage/2,9,10.600295,17.560249,6.959954
29,donor_stage,donor_stage/5,2,20.469828,22.020778,1.55095
29,donor_stage,donor_stage/1,3,20.393342,21.960693,1.567351
29,donor_stage,donor_stage/0,4,20.382492,21.310096,0.927604
29,donor_stage,donor_stage/7,5,20.49994,22.800944,2.301004
29,donor_stage,donor_stage/6,6,20.47898,21.912967,1.433987
29,donor_stage,donor_stage/4,7,20.456994,22.039975,1.582981
29,donor_stage,donor_stage/3,8,20.443873,22.357503,1.91363
29,donor_stage,donor_stage/2,9,20.409218,21.717281,1.308063
29,face_fill,face_fill/0,4,30.145089,30.146479,0.00139
29,face_fill,face_fill/1,4,30.147199,30.147309,0.00011
29,face_fill,face_fill/2,4,30.147379,30.147469,9e-05
29,face_fill,face_fill/3,4,30.147599,30.147679,8e-05
29,face_fill,face_fill/4,4,30.147749,30.147829,8e-05
29,face_fill,face_fill/5,4,30.147879,30.147959,8e-05
29,face_fill,face_fill/6,4,30.148019,30.148099,8e-05
29,face_fill,face_fill/7,4,30.148159,30.148319,0.00016
29,mesh_fill,mesh_fill/0,4,44.306359,44.31561,0.009251
29,mesh_fill,mesh_fill/1,4,44.31724,44.31948,0.00224
29,mesh_fill,mesh_fill/2,4,44.31956,44.32101,0.00145
29,mesh_fill,mesh_fill/3,4,44.32107,44.32266,0.00159
29,mesh_fill,mesh_fill/4,4,44.32291,44.33721,0.0143
29,mesh_fill,mesh_fill/7,4,44.33755,44.33958,0.00203
29,mesh_fill,mesh_fill/5,9,44.32994,44.33604,0.0061
29,mesh_fill,mesh_fill/6,9,44.33688,44.33882,0.00194
30,view_projection,view_projection/4,2,0.195015,4.291671,4.096656
30,view_projection,view_projection/3,3,0.19284,4.132192,3.939352
30,view_projection,view_projection/1,4,0.134339,3.938777,3.804438
30,view_projection,view_projection/7,5,0.22656,3.934272,3.707712
30,view_projection,view_projection/2,6,0.184515,4.068036,3.883521
30,view_projection,view_projection/5,7,0.213646,3.965802,3.752156
30,view_projection,view_projection/6,8,0.226957,3.953452,3.726495
30,view_projection,view_projection/0,9,0.124464,4.166313,4.041849
30,view_scores,view_scores/6,2,4.598754,7.687129,3.088375
30,view_scores,view_scores/4,3,4.555318,7.923235,3.367917
30,view_scores,view_scores/2,4,4.510927,9.036589,4.525662
30,view_scores,view_scores/0,5,4.462946,7.949225,3.486279
30,view_scores,view_scores/5,6,4.559063,7.903879,3.344816
30,view_scores,view_scores/3,7,4.541397,7.952535,3.411138
30,view_scores,view_scores/1,8,4.501936,8.918775,4.416839
30,view_scores,view_scores/7,9,4.59945,7.905095,3.305645
30,receiver_stage,receiver_stage/0,2,11.174489,15.711506,4.537017
30,receiver_stage,receiver_stage/3,3,11.21882,15.849479,4.630659
30,receiver_stage,receiver_stage/7,4,11.284397,20.068484,8.784087
30,receiver_stage,receiver_stage/4,5,11.23436,17.913837,6.679477
30,receiver_stage,receiver_stage/1,6,11.188969,16.390734,5.201765
30,receiver_stage,receiver_stage/5,7,11.256571,17.299477,6.042906
30,receiver_stage,receiver_stage/6,8,11.272345,18.294892,7.022547
30,receiver_stage,receiver_stage/2,9,11.20228,17.625165,6.422885
30,donor_stage,donor_stage/0,2,20.246323,21.429983,1.18366
30,donor_stage,donor_stage/1,3,20.258508,20.994867,0.736359
30,donor_stage,donor_stage/7,4,20.370087,22.422489,2.052402
30,donor_stage,donor_stage/4,5,20.325429,22.177273,1.851844
30,donor_stage,donor_stage/2,6,20.274749,21.534761,1.260012
30,donor_stage,donor_stage/3,7,20.303254,22.361552,2.058298
30,donor_stage,donor_stage/6,8,20.354571,22.248904,1.894333
30,donor_stage,donor_stage/5,9,20.327221,22.521327,2.194106
30,face_fill,face_fill/0,3,31.071732,31.073002,0.00127
30,face_fill,face_fill/1,3,31.074142,31.074272,0.00013
30,face_fill,face_fill/2,3,31.074592,31.074692,0.0001
30,face_fill,face_fill/3,3,31.074742,31.074842,0.0001
30,face_fill,face_fill/4,3,31.075252,31.075522,0.00027
30,face_fill,face_fill/5,3,31.075572,31.075652,8e-05
30,face_fill,face_fill/6,3,31.075702,31.075812,0.00011
30,face_fill,face_fill/7,3,31.076202,31.076282,8e-05
30,mesh_fill,mesh_fill/1,2,42.737773,42.742303,0.00453
30,mesh_fill,mesh_fill/5,2,42.742803,42.745103,0.0023
30,mesh_fill,mesh_fill/7,2,42.745813,42.747353,0.00154
30,mesh_fill,mesh_fill/0,3,42.732413,42.737733,0.00532
30,mesh_fill,mesh_fill/2,3,42.738563,42.740443,0.00188
30,mesh_fill,mesh_fill/3,3,42.740603,42.742053,0.00145
30,mesh_fill,mesh_fill/4,3,42.742143,42.743313,0.00117
30,mesh_fill,mesh_fill/6,3,42.743363,42.745213,0.00185
31,view_projection,view_projection/1,2,0.439977,4.80305,4.363073
31,view_projection,view_projection/0,3,0.417916,5.317623,4.899707
31,view_projection,view_projection/5,4,0.528295,5.084483,4.556188
31,view_projection,view_projection/3,5,0.474508,4.762008,4.2875
31,view_projection,view_projection/2,6,0.459443,4.618995,4.159552
31,view_projection,view_projection/6,7,0.53565,4.871161,4.335511
31,view_projection,view_projection/4,8,0.498409,5.160944,4.662535
31,view_projection,view_projection/7,9,0.561164,4.725142,4.163978
31,view_scores,view_scores/3,2,5.529613,9.417949,3.888336
31,view_scores,view_scores/7,3,5.619006,8.847779,3.228773
31,view_scores,view_scores/5,4,5.582421,9.389713,3.807292
31,view_scores,view_scores/2,5,5.515228,9.371712,3.856484
31,view_scores,view_scores/0,6,5.490093,9.324022,3.833929
31,view_scores,view_scores/4,7,5.544549,9.377998,3.833449
31,view_scores,view_scores/6,8,5.596704,8.952247,3.355543
31,view_scores,view_scores/1,9,5.498448,9.271605,3.773157
31,receiver_stage,receiver_stage/7,2,11.368405,17.689227,6.320822
31,receiver_stage,receiver_stage/0,3,11.270717,16.03566,4.764943
31,receiver_stage,receiver_stage/6,4,11.332954,18.290448,6.957494
31,receiver_stage,receiver_stage/3,5,11.303628,18.339399,7.035771
31,receiver_stage,receiver_stage/2,6,11.279297,16.488531,5.209234
31,receiver_stage,receiver_stage/5,7,11.315348,18.414361,7.099013
31,receiver_stage,receiver_stage/4,8,11.305487,17.088937,5.78345
31,receiver_stage,receiver_stage/1,9,11.275337,18.622871,7.347534
31,donor_stage,donor_stage/3,2,18.76726,20.183196,1.415936
31,donor_stage,donor_stage/0,3,18.728373,19.468852,0.740479
31,donor_stage,donor_stage/4,4,18.782956,19.524445,0.741489
31,donor_stage,donor_stage/5,5,18.796681,20.384022,1.587341
31,donor_stage,donor_stage/1,6,18.73895,19.685804,0.946854
31,donor_stage,donor_stage/6,7,18.807501,20.31945,1.511949
31,donor_stage,donor_stage/2,8,18.750009,19.835807,1.085798
31,donor_stage,donor_stage/7,9,18.826738,20.437039,1.610301
31,face_fill,face_fill/0,3,30.278102,30.279562,0.00146
31,face_fill,face_fill/1,3,30.280402,30.280522,0.00012
31,face_fill,face_fill/2,3,30.280762,30.280882,0.00012
31,face_fill,face_fill/3,3,30.281112,30.281182,7e-05
31,face_fill,face_fill/4,3,30.281422,30.281592,0.00017
31,face_fill,face_fill/5,3,30.281862,30.281942,8e-05
31,face_fill,face_fill/6,3,30.282292,30.282362,7e-05
31,face_fill,face_fill/7,3,30.286732,30.286782,5e-05
31,mesh_fill,mesh_fill/0,3,47.373518,47.384048,0.01053
31,mesh_fill,mesh_fill/2,3,47.385108,47.387658,0.00255
31,mesh_fill,mesh_fill/3,3,47.387738,47.390369,0.002631
31,mesh_fill,mesh_fill/5,3,47.390429,47.393079,0.00265
31,mesh_fill,mesh_fill/7,3,47.393209,47.395389,0.00218
31,mesh_fill,mesh_fill/1,4,47.382919,47.389229,0.00631
31,mesh_fill,mesh_fill/4,4,47.389969,47.392499,0.00253
31,mesh_fill,mesh_fill/6,4,47.392579,47.396139,0.00356
