scene,variant,phase,metric,mean,median,p95,max
dem-sierra,S0,moving,cpuMs,169.65523344894936,168.6123046875,219.3695068359375,231.3459930419922
dem-sierra,S0,moving,viewMs,10.974893103448276,11.2366,11.919,11.971300000000001
dem-sierra,S0,moving,receiverMs,129.1734068965517,123.2047,178.1325,178.1386
dem-sierra,S0,moving,donorMs,0.0,0.0,0.0,0.0
dem-sierra,S0,moving,reservationMs,0.5186620689655173,0.5012000000000001,0.9652000000000001,1.1607
dem-sierra,S0,moving,sampleRepairMs,22.668975862068965,23.4958,34.0081,36.1214
dem-sierra,S0,moving,topologyPrepareMs,1.0296206896551725,1.0008000000000001,1.6154,1.8661
dem-sierra,S0,moving,topologyPublishMs,0.16405172413793104,0.155,0.3079,0.3232
dem-sierra,S0,moving,meshPrepareMs,0.06317931034482759,0.0599,0.0993,0.101
dem-sierra,S0,return,cpuMs,124.32819437980652,121.64365005493164,155.50360107421875,156.4882049560547
dem-sierra,S0,return,viewMs,11.347509375,11.67175,12.6865,12.7114
dem-sierra,S0,return,receiverMs,104.806140625,100.2732,140.0112,140.8581
dem-sierra,S0,return,donorMs,0.0,0.0,0.0,0.0
dem-sierra,S0,return,reservationMs,0.1449125,0.08995,0.5674,0.9828
dem-sierra,S0,return,sampleRepairMs,6.21166875,4.24055,24.6558,33.4204
dem-sierra,S0,return,topologyPrepareMs,0.3459125,0.22820000000000001,1.5283,1.9886000000000001
dem-sierra,S0,return,topologyPublishMs,0.04960625,0.03435,0.1487,0.352
dem-sierra,S0,return,meshPrepareMs,0.037309375,0.0323,0.0644,0.0688
dem-sierra,S0,static,cpuMs,18.04014078131877,0.05504999868571758,98.27330017089844,106.6322021484375
dem-sierra,S0,static,viewMs,0.386921875,0.0,0.0,12.3815
dem-sierra,S0,static,receiverMs,17.2892375,0.0,92.46119999999999,94.55460000000001
dem-sierra,S0,static,donorMs,0.0,0.0,0.0,0.0
dem-sierra,S0,static,reservationMs,0.00615625,0.0,0.0535,0.0998
dem-sierra,S0,static,sampleRepairMs,0.22572499999999998,0.0,2.384,2.8575
dem-sierra,S0,static,topologyPrepareMs,0.01886875,0.0,0.1818,0.1997
dem-sierra,S0,static,topologyPublishMs,0.002853125,0.0,0.0237,0.039400000000000004
dem-sierra,S0,static,meshPrepareMs,0.005059375,0.0,0.0343,0.0526
dem-sierra,S1,moving,cpuMs,162.59235250538794,161.1531982421875,207.1082000732422,219.27149963378906
dem-sierra,S1,moving,viewMs,10.322786206896552,10.4836,11.358500000000001,11.883
dem-sierra,S1,moving,receiverMs,124.26357586206898,119.05300000000001,168.35430000000002,169.3282
dem-sierra,S1,moving,donorMs,0.0,0.0,0.0,0.0
dem-sierra,S1,moving,reservationMs,0.5362137931034483,0.522,0.8359,1.0468000000000002
dem-sierra,S1,moving,sampleRepairMs,21.494555172413794,22.673,32.1121,33.0625
dem-sierra,S1,moving,topologyPrepareMs,0.996651724137931,0.9228,1.4183,1.5534
dem-sierra,S1,moving,topologyPublishMs,0.15497241379310345,0.15330000000000002,0.2825,0.28850000000000003
dem-sierra,S1,moving,meshPrepareMs,0.06059655172413793,0.0555,0.0864,0.0931
dem-sierra,S1,return,cpuMs,120.78528642654419,120.58524703979492,151.88609313964844,153.03709411621094
dem-sierra,S1,return,viewMs,10.779609375,10.76925,12.5036,12.6345
dem-sierra,S1,return,receiverMs,102.45151875,100.40545,137.2071,137.9864
dem-sierra,S1,return,donorMs,0.0,0.0,0.0,0.0
dem-sierra,S1,return,reservationMs,0.142771875,0.0948,0.5005,0.9639
dem-sierra,S1,return,sampleRepairMs,5.63170625,4.0764499999999995,19.0056,31.0065
dem-sierra,S1,return,topologyPrepareMs,0.32984375,0.2329,1.0037,1.832
dem-sierra,S1,return,topologyPublishMs,0.056615625,0.0363,0.2257,0.2837
dem-sierra,S1,return,meshPrepareMs,0.040834375,0.034850000000000006,0.0821,0.0957
dem-sierra,S1,static,cpuMs,17.7062031715177,0.06054999865591526,93.11199951171875,107.51300048828125
dem-sierra,S1,static,viewMs,0.383078125,0.0,0.0,12.2585
dem-sierra,S1,static,receiverMs,16.976596875,0.0,91.7025,91.8992
dem-sierra,S1,static,donorMs,0.0,0.0,0.0,0.0
dem-sierra,S1,static,reservationMs,0.0064,0.0,0.0553,0.1037
dem-sierra,S1,static,sampleRepairMs,0.20453749999999998,0.0,1.9388,2.7142999999999997
dem-sierra,S1,static,topologyPrepareMs,0.017696875,0.0,0.1467,0.2129
dem-sierra,S1,static,topologyPublishMs,0.002853125,0.0,0.0229,0.039
dem-sierra,S1,static,meshPrepareMs,0.00418125,0.0,0.0304,0.037
dem-sierra,S2,moving,cpuMs,110.58909357005152,120.57640075683594,155.85960388183594,164.8477020263672
dem-sierra,S2,moving,viewMs,10.176955172413793,9.9494,11.533,11.57
dem-sierra,S2,moving,receiverMs,72.27964137931035,77.1624,109.5102,119.3668
dem-sierra,S2,moving,donorMs,0.0,0.0,0.0,0.0
dem-sierra,S2,moving,reservationMs,0.5285413793103448,0.4919,1.0726,1.1116
dem-sierra,S2,moving,sampleRepairMs,21.500541379310345,22.7235,30.490099999999998,32.2556
dem-sierra,S2,moving,topologyPrepareMs,0.9477310344827586,0.955,1.4422,1.4846
dem-sierra,S2,moving,topologyPublishMs,0.14347241379310344,0.1416,0.2171,0.23149999999999998
dem-sierra,S2,moving,meshPrepareMs,0.05816896551724138,0.0563,0.0839,0.0839
dem-sierra,S2,return,cpuMs,53.38763105869293,48.61490058898926,87.13529968261719,132.90719604492188
dem-sierra,S2,return,viewMs,10.457178125,10.626,11.7376,12.005
dem-sierra,S2,return,receiverMs,35.2802375,33.02615,63.741099999999996,74.976
dem-sierra,S2,return,donorMs,0.0,0.0,0.0,0.0
dem-sierra,S2,return,reservationMs,0.134946875,0.09235,0.5005,0.9983
dem-sierra,S2,return,sampleRepairMs,5.676259375,3.75845,19.915200000000002,36.31
dem-sierra,S2,return,topologyPrepareMs,0.30155625,0.21375,1.0123,1.8042
dem-sierra,S2,return,topologyPublishMs,0.045096875,0.0326,0.1442,0.2725
dem-sierra,S2,return,meshPrepareMs,0.038615625,0.0345,0.0787,0.085
dem-sierra,S2,static,cpuMs,4.228375055943616,0.053050000220537186,30.775800704956055,34.63370132446289
dem-sierra,S2,static,viewMs,0.3655,0.0,0.0,11.696
dem-sierra,S2,static,receiverMs,3.530425,0.0,19.5139,28.1163
dem-sierra,S2,static,donorMs,0.0,0.0,0.0,0.0
dem-sierra,S2,static,reservationMs,0.005806250000000001,0.0,0.0536,0.09050000000000001
dem-sierra,S2,static,sampleRepairMs,0.19595625,0.0,1.8895,2.6568
dem-sierra,S2,static,topologyPrepareMs,0.016353125,0.0,0.13449999999999998,0.1945
dem-sierra,S2,static,topologyPublishMs,0.002353125,0.0,0.0187,0.0309
dem-sierra,S2,static,meshPrepareMs,0.003834375,0.0,0.027200000000000002,0.0318
dem-sierra,P0,moving,cpuMs,66.57774103098902,60.22159957885742,112.45050048828125,123.32740020751953
dem-sierra,P0,moving,viewMs,9.727389655172415,9.754900000000001,10.9178,11.071100000000001
dem-sierra,P0,moving,receiverMs,46.94786551724138,39.8545,88.8772,97.4674
dem-sierra,P0,moving,donorMs,0.0,0.0,0.0,0.0
dem-sierra,P0,moving,reservationMs,0.15237931034482757,0.1643,0.2894,0.3235
dem-sierra,P0,moving,sampleRepairMs,7.581093103448276,7.9836,13.6399,18.0075
dem-sierra,P0,moving,topologyPrepareMs,0.3180655172413793,0.3432,0.5680000000000001,0.6451
dem-sierra,P0,moving,topologyPublishMs,0.0487,0.0496,0.098,0.1178
dem-sierra,P0,moving,meshPrepareMs,0.0347,0.0344,0.0471,0.061500000000000006
dem-sierra,P0,return,cpuMs,40.978440284729004,34.97094917297363,78.64649963378906,91.89820098876953
dem-sierra,P0,return,viewMs,10.055778125,10.1617,10.992099999999999,11.1156
dem-sierra,P0,return,receiverMs,29.533296875,23.7086,67.4212,81.2581
dem-sierra,P0,return,donorMs,0.0,0.0,0.0,0.0
dem-sierra,P0,return,reservationMs,0.01815,0.00965,0.0631,0.0989
dem-sierra,P0,return,sampleRepairMs,0.96723125,0.8046500000000001,2.5957,4.0444
dem-sierra,P0,return,topologyPrepareMs,0.067275,0.061649999999999996,0.18100000000000002,0.1986
dem-sierra,P0,return,topologyPublishMs,0.00950625,0.00815,0.0244,0.0318
dem-sierra,P0,return,meshPrepareMs,0.020790625,0.025400000000000002,0.0471,0.050899999999999994
dem-sierra,P0,static,cpuMs,0.8533437518635765,0.043050000444054604,0.07580000162124634,25.8617000579834
dem-sierra,P0,static,viewMs,0.34828749999999997,0.0,0.0,11.145199999999999
dem-sierra,P0,static,receiverMs,0.454390625,0.0,0.0,14.5405
dem-sierra,P0,static,donorMs,0.0,0.0,0.0,0.0
dem-sierra,P0,static,reservationMs,6.2499999999999995e-06,0.0,0.0,0.00019999999999999998
dem-sierra,P0,static,sampleRepairMs,0.0,0.0,0.0,0.0
dem-sierra,P0,static,topologyPrepareMs,0.0,0.0,0.0,0.0
dem-sierra,P0,static,topologyPublishMs,0.0,0.0,0.0,0.0
dem-sierra,P0,static,meshPrepareMs,0.0,0.0,0.0,0.0
dem-canyon,S0,moving,cpuMs,107.09871068494073,112.58910369873047,125.29560089111328,126.84110260009766
dem-canyon,S0,moving,viewMs,15.530575862068966,15.8272,17.814799999999998,17.8932
dem-canyon,S0,moving,receiverMs,74.91073448275863,78.54759999999999,91.08800000000001,91.269
dem-canyon,S0,moving,donorMs,13.07403448275862,12.5007,16.6364,20.6051
dem-canyon,S0,moving,reservationMs,0.8178172413793103,0.6865,1.4153,1.6203999999999998
dem-canyon,S0,moving,sampleRepairMs,1.8184,1.5070000000000001,4.7194,6.6271
dem-canyon,S0,moving,topologyPrepareMs,0.1642103448275862,0.1519,0.3436,0.3599
dem-canyon,S0,moving,topologyPublishMs,0.029227586206896552,0.0268,0.06559999999999999,0.0871
dem-canyon,S0,moving,meshPrepareMs,0.02977241379310345,0.0293,0.046400000000000004,0.0599
dem-canyon,S0,return,cpuMs,98.69744026660919,103.56364822387695,125.15570068359375,126.41259765625
dem-canyon,S0,return,viewMs,15.83516875,16.07135,18.496,18.5761
dem-canyon,S0,return,receiverMs,70.561121875,73.51425,95.6956,95.807
dem-canyon,S0,return,donorMs,11.18391875,11.0443,12.7589,13.6243
dem-canyon,S0,return,reservationMs,0.549059375,0.5197,0.7404999999999999,0.8218
dem-canyon,S0,return,sampleRepairMs,0.02391875,0.0,0.0,0.7654
dem-canyon,S0,return,topologyPrepareMs,0.003171875,0.0,0.0,0.1015
dem-canyon,S0,return,topologyPublishMs,0.000578125,0.0,0.0,0.0185
dem-canyon,S0,return,meshPrepareMs,0.0009125,0.0,0.0,0.0292
dem-canyon,S0,static,cpuMs,1.9103875369182788,0.02065000031143427,0.04529999941587448,60.417301177978516
dem-canyon,S0,static,viewMs,0.568825,0.0,0.0,18.2024
dem-canyon,S0,static,receiverMs,0.953853125,0.0,0.0,30.5233
dem-canyon,S0,static,donorMs,0.322478125,0.0,0.0,10.3193
dem-canyon,S0,static,reservationMs,0.0236875,0.0,0.0,0.758
dem-canyon,S0,static,sampleRepairMs,0.0,0.0,0.0,0.0
dem-canyon,S0,static,topologyPrepareMs,0.0,0.0,0.0,0.0
dem-canyon,S0,static,topologyPublishMs,0.0,0.0,0.0,0.0
dem-canyon,S0,static,meshPrepareMs,0.0,0.0,0.0,0.0
dem-canyon,S2,moving,cpuMs,65.83017586017478,63.51940155029297,83.54149627685547,86.25050354003906
dem-canyon,S2,moving,viewMs,14.787575862068966,14.977,17.1457,17.6943
dem-canyon,S2,moving,receiverMs,35.259906896551726,33.8199,44.617999999999995,47.0309
dem-canyon,S2,moving,donorMs,12.358189655172414,11.9947,16.0797,18.8386
dem-canyon,S2,moving,reservationMs,0.7950758620689655,0.709,1.5351,1.5703
dem-canyon,S2,moving,sampleRepairMs,1.6435655172413792,1.3446,3.9559,6.098
dem-canyon,S2,moving,topologyPrepareMs,0.15837241379310346,0.1538,0.3617,0.4164
dem-canyon,S2,moving,topologyPublishMs,0.029058620689655174,0.0264,0.051199999999999996,0.0766
dem-canyon,S2,moving,meshPrepareMs,0.03205862068965517,0.031099999999999996,0.0524,0.062299999999999994
dem-canyon,S2,return,cpuMs,56.95150935649872,56.74169921875,61.05030059814453,61.26219940185547
dem-canyon,S2,return,viewMs,14.8638375,14.935400000000001,17.2848,17.3401
dem-canyon,S2,return,receiverMs,30.071159375,29.4422,34.4853,34.6756
dem-canyon,S2,return,donorMs,10.762284375,10.71385,12.3149,12.3998
dem-canyon,S2,return,reservationMs,0.59229375,0.5432,0.8907999999999999,0.9758
dem-canyon,S2,return,sampleRepairMs,0.023059375,0.0,0.0,0.7379
dem-canyon,S2,return,topologyPrepareMs,0.0030625,0.0,0.0,0.098
dem-canyon,S2,return,topologyPublishMs,0.000490625,0.0,0.0,0.0157
dem-canyon,S2,return,meshPrepareMs,0.00075,0.0,0.0,0.024
dem-canyon,S2,static,cpuMs,1.784265608410351,0.024650000035762787,0.07720000296831131,56.24679946899414
dem-canyon,S2,static,viewMs,0.51729375,0.0,0.0,16.5534
dem-canyon,S2,static,receiverMs,0.8778250000000001,0.0,0.0,28.090400000000002
dem-canyon,S2,static,donorMs,0.306134375,0.0,0.0,9.7963
dem-canyon,S2,static,reservationMs,0.02760625,0.0,0.0,0.8834
dem-canyon,S2,static,sampleRepairMs,0.0,0.0,0.0,0.0
dem-canyon,S2,static,topologyPrepareMs,0.0,0.0,0.0,0.0
dem-canyon,S2,static,topologyPublishMs,0.0,0.0,0.0,0.0
dem-canyon,S2,static,meshPrepareMs,0.0,0.0,0.0,0.0
dem-canyon,P0,moving,cpuMs,71.62020347858298,72.35769653320312,84.55120086669922,88.90190124511719
dem-canyon,P0,moving,viewMs,15.058420689655172,14.9886,16.790200000000002,19.867900000000002
dem-canyon,P0,moving,receiverMs,40.00214827586207,39.1249,47.9626,47.9852
dem-canyon,P0,moving,donorMs,13.672706896551723,13.1586,19.8415,23.9859
dem-canyon,P0,moving,reservationMs,0.3797793103448276,0.3264,0.8893,1.0719
dem-canyon,P0,moving,sampleRepairMs,1.7651620689655172,1.3258,4.5377,5.8486
dem-canyon,P0,moving,topologyPrepareMs,0.15576896551724137,0.1341,0.3861,0.40709999999999996
dem-canyon,P0,moving,topologyPublishMs,0.028044827586206897,0.0268,0.06160000000000001,0.0808
dem-canyon,P0,moving,meshPrepareMs,0.03250344827586207,0.0286,0.053,0.183
dem-canyon,P0,return,cpuMs,58.82477790117264,60.78684997558594,68.17420196533203,75.5363998413086
dem-canyon,P0,return,viewMs,15.17840625,15.45945,16.7287,16.9772
dem-canyon,P0,return,receiverMs,34.56524375,36.5865,46.4441,47.648999999999994
dem-canyon,P0,return,donorMs,8.66521875,10.746950000000002,11.6197,11.802999999999999
dem-canyon,P0,return,reservationMs,0.112334375,0.0691,0.3879,0.5063
dem-canyon,P0,return,sampleRepairMs,0.0,0.0,0.0,0.0
dem-canyon,P0,return,topologyPrepareMs,0.0,0.0,0.0,0.0
dem-canyon,P0,return,topologyPublishMs,0.0,0.0,0.0,0.0
dem-canyon,P0,return,meshPrepareMs,0.0,0.0,0.0,0.0
dem-canyon,P0,static,cpuMs,1.797496851417236,0.05770000070333481,10.839799880981445,44.77199935913086
dem-canyon,P0,static,viewMs,0.519040625,0.0,0.0,16.6093
dem-canyon,P0,static,receiverMs,0.69616875,0.0,10.6887,11.588700000000001
dem-canyon,P0,static,donorMs,0.43767187500000004,0.0,0.0,14.005500000000001
dem-canyon,P0,static,reservationMs,0.00268125,0.0,0.00019999999999999998,0.0856
dem-canyon,P0,static,sampleRepairMs,0.060725,0.0,0.0,1.9432
dem-canyon,P0,static,topologyPrepareMs,0.004609375000000001,0.0,0.0,0.14750000000000002
dem-canyon,P0,static,topologyPublishMs,0.00099375,0.0,0.0,0.0318
dem-canyon,P0,static,meshPrepareMs,0.0010125,0.0,0.0,0.0324
