function,selfPercent,inclusivePercent,selfSamples,selfWeight,inclusiveWeight
__nextafter,12.417891773537692,12.417891773537692,397,795591176,795591176
"std::_Function_handler<void (unsigned long, unsigned long, ParallelRoam::Algorithms::GreedyTransactionalLod::WorkLedger&), ParallelRoam::Algorithms::GreedyTransactionalLod::TransactionalSamples::PrepareView(ParallelRoam::Algorithms::GreedyTransactionalLod::TransactionalState const&, ParallelRoam::Algorithms::GreedyTransactionalLod::Configuration const&, ParallelRoam::Algorithms::GreedyTransactionalLod::WorkLedger&, ParallelRoam::Algorithms::GreedyTransactionalLod::TransactionalExecution const&)::{lambda(auto:1, auto:2, ParallelRoam::Algorithms::GreedyTransactionalLod::WorkLedger&)#2}>::_M_invoke(std::_Any_data const&, unsigned long&&, unsigned long&&, ParallelRoam::Algorithms::GreedyTransactionalLod::WorkLedger&)",11.72974663747263,15.045355020331561,375,751503000,963927848
"std::enable_if<!boost::multiprecision::backends::is_trivial_cpp_int<boost::multiprecision::backends::cpp_int_backend<0ul, 0ul, (boost::multiprecision::cpp_integer_type)1, (boost::multiprecision::cpp_int_check_type)0, std::allocator<unsigned long long> > >::value, void>::type boost::multiprecision::backends::eval_gcd<0ul, 0ul, (boost::multiprecision::cpp_integer_type)1, (boost::multiprecision::cpp_int_check_type)0, std::allocator<unsigned long long> >(boost::multiprecision::backends::cpp_int_backend<0ul, 0ul, (boost::multiprecision::cpp_integer_type)1, (boost::multiprecision::cpp_int_check_type)0, std::allocator<unsigned long long> >&, boost::multiprecision::backends::cpp_int_backend<0ul, 0ul, (boost::multiprecision::cpp_integer_type)1, (boost::multiprecision::cpp_int_check_type)0, std::allocator<unsigned long long> > const&, boost::multiprecision::backends::cpp_int_backend<0ul, 0ul, (boost::multiprecision::cpp_integer_type)1, (boost::multiprecision::cpp_int_check_type)0, std::allocator<unsigned long long> > const&)",7.381920550516109,8.163903659680951,236,472945888,523046088
"ParallelRoam::Algorithms::GreedyTransactionalLod::TransactionalSamples::Project(ParallelRoam::Algorithms::GreedyTransactionalLod::Configuration const&, unsigned int, ParallelRoam::Algorithms::GreedyTransactionalLod::SampleValue, ParallelRoam::Algorithms::GreedyTransactionalLod::WorkLedger&) const",6.6624960900844545,6.6624960900844545,213,426853704,426853704
"void boost::multiprecision::backends::divide_unsigned_helper<boost::multiprecision::backends::cpp_int_backend<0ul, 0ul, (boost::multiprecision::cpp_integer_type)1, (boost::multiprecision::cpp_int_check_type)0, std::allocator<unsigned long long> >, boost::multiprecision::backends::cpp_int_backend<0ul, 0ul, (boost::multiprecision::cpp_integer_type)1, (boost::multiprecision::cpp_int_check_type)0, std::allocator<unsigned long long> > >(boost::multiprecision::backends::cpp_int_backend<0ul, 0ul, (boost::multiprecision::cpp_integer_type)1, (boost::multiprecision::cpp_int_check_type)0, std::allocator<unsigned long long> >*, boost::multiprecision::backends::cpp_int_backend<0ul, 0ul, (boost::multiprecision::cpp_integer_type)1, (boost::multiprecision::cpp_int_check_type)0, std::allocator<unsigned long long> > const&, unsigned long long, boost::multiprecision::backends::cpp_int_backend<0ul, 0ul, (boost::multiprecision::cpp_integer_type)1, (boost::multiprecision::cpp_int_check_type)0, std::allocator<unsigned long long> >&)",5.254926493587739,5.34876446668752,168,336673344,342685368
"std::_Function_handler<void (unsigned long, unsigned long, ParallelRoam::Algorithms::GreedyTransactionalLod::WorkLedger&), ParallelRoam::Algorithms::GreedyTransactionalLod::TransactionalSamples::PrepareView(ParallelRoam::Algorithms::GreedyTransactionalLod::TransactionalState const&, ParallelRoam::Algorithms::GreedyTransactionalLod::Configuration const&, ParallelRoam::Algorithms::GreedyTransactionalLod::WorkLedger&, ParallelRoam::Algorithms::GreedyTransactionalLod::TransactionalExecution const&)::{lambda(auto:1, auto:2, ParallelRoam::Algorithms::GreedyTransactionalLod::WorkLedger&)#1}>::_M_invoke(std::_Any_data const&, unsigned long&&, unsigned long&&, ParallelRoam::Algorithms::GreedyTransactionalLod::WorkLedger&)",4.035032843290585,11.323115420706912,129,258517032,725450896
ParallelRoam::Algorithms::GreedyTransactionalLod::TransactionalState::Vertex(long) const,3.847356897091023,3.847356897091023,123,246492984,246492984
__wrap_scalbnl,3.0966531122927745,3.0966531122927745,99,198396792,198396792
"void boost::multiprecision::backends::cpp_int_backend<0ul, 0ul, (boost::multiprecision::cpp_integer_type)1, (boost::multiprecision::cpp_int_check_type)0, std::allocator<unsigned long long> >::do_assign_float<long double>(long double)",2.752580544260244,6.193306224585549,88,176352704,396793584
__frexpl,2.5961839224272754,2.5961839224272754,83,166332664,166332664
"std::enable_if<std::is_floating_point<long double>::value, boost::multiprecision::backends::rational_adaptor<boost::multiprecision::backends::cpp_int_backend<0ul, 0ul, (boost::multiprecision::cpp_integer_type)1, (boost::multiprecision::cpp_int_check_type)0, std::allocator<unsigned long long> > >&>::type boost::multiprecision::backends::rational_adaptor<boost::multiprecision::backends::cpp_int_backend<0ul, 0ul, (boost::multiprecision::cpp_integer_type)1, (boost::multiprecision::cpp_int_check_type)0, std::allocator<unsigned long long> > >::operator=<long double>(long double) [clone .isra.0]",2.3459493274945262,20.206443540819517,75,150300600,1294589168
"std::enable_if<((!boost::multiprecision::backends::is_trivial_cpp_int<boost::multiprecision::backends::cpp_int_backend<0ul, 0ul, (boost::multiprecision::cpp_integer_type)1, (boost::multiprecision::cpp_int_check_type)0, std::allocator<unsigned long long> > >::value)&&(!boost::multiprecision::backends::is_trivial_cpp_int<boost::multiprecision::backends::cpp_int_backend<0ul, 0ul, (boost::multiprecision::cpp_integer_type)1, (boost::multiprecision::cpp_int_check_type)0, std::allocator<unsigned long long> > >::value))&&(!boost::multiprecision::backends::is_trivial_cpp_int<boost::multiprecision::backends::cpp_int_backend<0ul, 0ul, (boost::multiprecision::cpp_integer_type)1, (boost::multiprecision::cpp_int_check_type)0, std::allocator<unsigned long long> > >::value), void>::type boost::multiprecision::backends::eval_multiply<0ul, 0ul, (boost::multiprecision::cpp_integer_type)1, (boost::multiprecision::cpp_int_check_type)0, std::allocator<unsigned long long>, 0ul, 0ul, (boost::multiprecision::cpp_integer_type)1, (boost::multiprecision::cpp_int_check_type)0, std::allocator<unsigned long long>, 0ul, 0ul, (boost::multiprecision::cpp_integer_type)1, (boost::multiprecision::cpp_int_check_type)0, std::allocator<unsigned long long> >(boost::multiprecision::backends::cpp_int_backend<0ul, 0ul, (boost::multiprecision::cpp_integer_type)1, (boost::multiprecision::cpp_int_check_type)0, std::allocator<unsigned long long> >&, boost::multiprecision::backends::cpp_int_backend<0ul, 0ul, (boost::multiprecision::cpp_integer_type)1, (boost::multiprecision::cpp_int_check_type)0, std::allocator<unsigned long long> > const&, boost::multiprecision::backends::cpp_int_backend<0ul, 0ul, (boost::multiprecision::cpp_integer_type)1, (boost::multiprecision::cpp_int_check_type)0, std::allocator<unsigned long long> > const&)",2.158273381294964,2.846418517360025,69,138276552,182364728
__memmove_avx512_unaligned_erms,1.7516421645292461,1.7516421645292461,56,112224448,112224448
"ParallelRoam::Algorithms::GreedyTransactionalLod::TransactionalSamples::VisibleSupport(std::vector<unsigned int, std::allocator<unsigned int> > const&) const",1.6578041914294652,2.7838598686268377,53,106212424,178356712
"void boost::multiprecision::backends::eval_add_subtract_imp<boost::multiprecision::backends::cpp_int_backend<0ul, 0ul, (boost::multiprecision::cpp_integer_type)1, (boost::multiprecision::cpp_int_check_type)0, std::allocator<unsigned long long> > >(boost::multiprecision::backends::rational_adaptor<boost::multiprecision::backends::cpp_int_backend<0ul, 0ul, (boost::multiprecision::cpp_integer_type)1, (boost::multiprecision::cpp_int_check_type)0, std::allocator<unsigned long long> > >&, boost::multiprecision::backends::rational_adaptor<boost::multiprecision::backends::cpp_int_backend<0ul, 0ul, (boost::multiprecision::cpp_integer_type)1, (boost::multiprecision::cpp_int_check_type)0, std::allocator<unsigned long long> > > const&, boost::multiprecision::backends::rational_adaptor<boost::multiprecision::backends::cpp_int_backend<0ul, 0ul, (boost::multiprecision::cpp_integer_type)1, (boost::multiprecision::cpp_int_check_type)0, std::allocator<unsigned long long> > > const&, bool)",1.6578041914294652,10.44729433844229,53,106212424,669338672
__scalbnl,1.6265248670628714,1.6265248670628714,52,104208416,104208416
"void boost::multiprecision::backends::divide_unsigned_helper<boost::multiprecision::backends::cpp_int_backend<0ul, 0ul, (boost::multiprecision::cpp_integer_type)1, (boost::multiprecision::cpp_int_check_type)0, std::allocator<unsigned long long> >, boost::multiprecision::backends::cpp_int_backend<0ul, 0ul, (boost::multiprecision::cpp_integer_type)1, (boost::multiprecision::cpp_int_check_type)0, std::allocator<unsigned long long> >, boost::multiprecision::backends::cpp_int_backend<0ul, 0ul, (boost::multiprecision::cpp_integer_type)1, (boost::multiprecision::cpp_int_check_type)0, std::allocator<unsigned long long> > >(boost::multiprecision::backends::cpp_int_backend<0ul, 0ul, (boost::multiprecision::cpp_integer_type)1, (boost::multiprecision::cpp_int_check_type)0, std::allocator<unsigned long long> >*, boost::multiprecision::backends::cpp_int_backend<0ul, 0ul, (boost::multiprecision::cpp_integer_type)1, (boost::multiprecision::cpp_int_check_type)0, std::allocator<unsigned long long> > const&, boost::multiprecision::backends::cpp_int_backend<0ul, 0ul, (boost::multiprecision::cpp_integer_type)1, (boost::multiprecision::cpp_int_check_type)0, std::allocator<unsigned long long> > const&, boost::multiprecision::backends::cpp_int_backend<0ul, 0ul, (boost::multiprecision::cpp_integer_type)1, (boost::multiprecision::cpp_int_check_type)0, std::allocator<unsigned long long> >&)",1.5952455426962777,1.8142008132624334,51,102204408,116232464
"std::enable_if<!boost::multiprecision::backends::is_trivial_cpp_int<boost::multiprecision::backends::cpp_int_backend<0ul, 0ul, (boost::multiprecision::cpp_integer_type)1, (boost::multiprecision::cpp_int_check_type)0, std::allocator<unsigned long long> > >::value, void>::type boost::multiprecision::backends::eval_left_shift<0ul, 0ul, (boost::multiprecision::cpp_integer_type)1, (boost::multiprecision::cpp_int_check_type)0, std::allocator<unsigned long long> >(boost::multiprecision::backends::cpp_int_backend<0ul, 0ul, (boost::multiprecision::cpp_integer_type)1, (boost::multiprecision::cpp_int_check_type)0, std::allocator<unsigned long long> >&, unsigned __int128) [clone .part.0]",1.470128245229903,1.5014075695964968,47,94188376,96192384
"boost::multiprecision::backends::cpp_int_base<0ul, 18446744073709551615ul, (boost::multiprecision::cpp_integer_type)1, (boost::multiprecision::cpp_int_check_type)0, std::allocator<unsigned long long>, false>::resize(unsigned long, unsigned long) [clone .isra.0]",1.376290272130122,1.376290272130122,44,88176352,88176352
"ParallelRoam::Algorithms::GreedyTransactionalLod::TransactionalSamples::Weights(unsigned int, ParallelRoam::Algorithms::GreedyTransactionalLod::Point const&, ParallelRoam::Algorithms::GreedyTransactionalLod::Point const&, ParallelRoam::Algorithms::GreedyTransactionalLod::Point const&, std::array<double, 3ul>&) const",1.3137316233969347,11.72974663747263,42,84168336,751503000
"void std::__introsort_loop<__gnu_cxx::__normal_iterator<unsigned int*, std::vector<unsigned int, std::allocator<unsigned int> > >, long, __gnu_cxx::__ops::_Iter_less_iter>(__gnu_cxx::__normal_iterator<unsigned int*, std::vector<unsigned int, std::allocator<unsigned int> > >, __gnu_cxx::__normal_iterator<unsigned int*, std::vector<unsigned int, std::allocator<unsigned int> > >, long, __gnu_cxx::__ops::_Iter_less_iter) [clone .isra.0]",1.2511729746637472,1.2511729746637472,40,80160320,80160320
"void boost::multiprecision::backends::eval_multiply_imp<boost::multiprecision::backends::cpp_int_backend<0ul, 0ul, (boost::multiprecision::cpp_integer_type)1, (boost::multiprecision::cpp_int_check_type)0, std::allocator<unsigned long long> > >(boost::multiprecision::backends::rational_adaptor<boost::multiprecision::backends::cpp_int_backend<0ul, 0ul, (boost::multiprecision::cpp_integer_type)1, (boost::multiprecision::cpp_int_check_type)0, std::allocator<unsigned long long> > >&, boost::multiprecision::backends::rational_adaptor<boost::multiprecision::backends::cpp_int_backend<0ul, 0ul, (boost::multiprecision::cpp_integer_type)1, (boost::multiprecision::cpp_int_check_type)0, std::allocator<unsigned long long> > > const&, boost::multiprecision::backends::cpp_int_backend<0ul, 0ul, (boost::multiprecision::cpp_integer_type)1, (boost::multiprecision::cpp_int_check_type)0, std::allocator<unsigned long long> > const&, boost::multiprecision::backends::cpp_int_backend<0ul, 0ul, (boost::multiprecision::cpp_integer_type)1, (boost::multiprecision::cpp_int_check_type)0, std::allocator<unsigned long long> > const&)",1.0634970284641851,5.09852987175477,34,68136272,326653304
"ParallelRoam::Algorithms::GreedyTransactionalLod::QualityEvaluation::operator*(ParallelRoam::Algorithms::GreedyTransactionalLod::QualityEvaluation::Interval, ParallelRoam::Algorithms::GreedyTransactionalLod::QualityEvaluation::Interval)",1.0009383797309979,1.0009383797309979,32,64128256,64128256
ParallelRoam::Algorithms::GreedyTransactionalLod::TransactionalSamples::Decode(unsigned int) const,0.9696590553644041,0.9696590553644041,31,62124248,62124248
"std::optional<std::array<ParallelRoam::Algorithms::GreedyTransactionalLod::Point, 3ul> > ParallelRoam::Algorithms::GreedyTransactionalLod::QualityEvaluation::CoverPrepared<ParallelRoam::Algorithms::GreedyTransactionalLod::TransactionalQualitySampleEvidence::Cover(std::vector<std::array<ParallelRoam::Algorithms::GreedyTransactionalLod::Point, 3ul>, std::allocator<std::array<ParallelRoam::Algorithms::GreedyTransactionalLod::Point, 3ul> > > const&)::{lambda()#1}>(std::array<ParallelRoam::Algorithms::GreedyTransactionalLod::QualityEvaluation::Interval, 2ul> const&, std::vector<std::array<ParallelRoam::Algorithms::GreedyTransactionalLod::Point, 3ul>, std::allocator<std::array<ParallelRoam::Algorithms::GreedyTransactionalLod::Point, 3ul> > > const&, ParallelRoam::Algorithms::GreedyTransactionalLod::TransactionalQualitySampleEvidence::Cover(std::vector<std::array<ParallelRoam::Algorithms::GreedyTransactionalLod::Point, 3ul>, std::allocator<std::array<ParallelRoam::Algorithms::GreedyTransactionalLod::Point, 3ul> > > const&)::{lambda()#1}&&)",0.9696590553644041,9.884266499843603,31,62124248,633266528
"ParallelRoam::Algorithms::GreedyTransactionalLod::TransactionalCertification::Fit[abi:cxx11](ParallelRoam::Algorithms::GreedyTransactionalLod::TransactionalState const&, ParallelRoam::Algorithms::GreedyTransactionalLod::TransactionalSamples const&, ParallelRoam::Algorithms::GreedyTransactionalLod::Proposal&, ParallelRoam::Algorithms::GreedyTransactionalLod::WorkLedger&, ParallelRoam::Algorithms::GreedyTransactionalLod::SingleHeightFitInterval*)",0.8758210822646231,25.430090710040663,28,56112224,1629258504
"ParallelRoam::Algorithms::GreedyTransactionalLod::TransactionalSamples::BuildOrders(ParallelRoam::Algorithms::GreedyTransactionalLod::TransactionalState const&, std::vector<double, std::allocator<double> > const&, std::vector<std::optional<std::tuple<double, long, unsigned int> >, std::allocator<std::optional<std::tuple<double, long, unsigned int> > > >, ParallelRoam::Algorithms::GreedyTransactionalLod::TransactionalPriorityIndex<std::tuple<double, long, unsigned int> >&, ParallelRoam::Algorithms::GreedyTransactionalLod::TransactionalPriorityIndex<std::pair<double, long> >&, ParallelRoam::Algorithms::GreedyTransactionalLod::WorkLedger&)",0.781983109164842,1.1260556771973724,25,50100200,72144288
__vdso_clock_gettime,0.7507037847982484,0.7507037847982484,24,48096192,48096192
"std::array<ParallelRoam::Algorithms::GreedyTransactionalLod::QualityEvaluation::Interval, 4ul> ParallelRoam::Algorithms::GreedyTransactionalLod::QualityEvaluation::Clip<ParallelRoam::Algorithms::GreedyTransactionalLod::QualityEvaluation::Interval>(ParallelRoam::Algorithms::GreedyTransactionalLod::Configuration const&, ParallelRoam::Algorithms::GreedyTransactionalLod::QualityEvaluation::Interval const&, ParallelRoam::Algorithms::GreedyTransactionalLod::QualityEvaluation::Interval const&, ParallelRoam::Algorithms::GreedyTransactionalLod::QualityEvaluation::Interval const&)",0.7507037847982484,1.18861432593056,24,48096192,76152304
"std::array<ParallelRoam::Algorithms::GreedyTransactionalLod::QualityEvaluation::Interval, 3ul> ParallelRoam::Algorithms::GreedyTransactionalLod::QualityEvaluation::Reference<ParallelRoam::Algorithms::GreedyTransactionalLod::QualityEvaluation::Interval>(ParallelRoam::Algorithms::GreedyTransactionalLod::TransactionalState const&, ParallelRoam::Algorithms::GreedyTransactionalLod::TransactionalSamples const&, unsigned int)",0.688145136065061,1.4075695964967156,22,44088176,90180360
nextafter@plt,0.6255864873318736,0.6255864873318736,20,40080160,40080160
"boost::multiprecision::backends::rational_adaptor<boost::multiprecision::backends::cpp_int_backend<0ul, 0ul, (boost::multiprecision::cpp_integer_type)1, (boost::multiprecision::cpp_int_check_type)0, std::allocator<unsigned long long> > >::rational_adaptor()",0.59430716296528,0.59430716296528,19,38076152,38076152
"void boost::multiprecision::backends::subtract_unsigned<boost::multiprecision::backends::cpp_int_backend<0ul, 0ul, (boost::multiprecision::cpp_integer_type)1, (boost::multiprecision::cpp_int_check_type)0, std::allocator<unsigned long long> >, boost::multiprecision::backends::cpp_int_backend<0ul, 0ul, (boost::multiprecision::cpp_integer_type)1, (boost::multiprecision::cpp_int_check_type)0, std::allocator<unsigned long long> >, boost::multiprecision::backends::cpp_int_backend<0ul, 0ul, (boost::multiprecision::cpp_integer_type)1, (boost::multiprecision::cpp_int_check_type)0, std::allocator<unsigned long long> > >(boost::multiprecision::backends::cpp_int_backend<0ul, 0ul, (boost::multiprecision::cpp_integer_type)1, (boost::multiprecision::cpp_int_check_type)0, std::allocator<unsigned long long> >&, boost::multiprecision::backends::cpp_int_backend<0ul, 0ul, (boost::multiprecision::cpp_integer_type)1, (boost::multiprecision::cpp_int_check_type)0, std::allocator<unsigned long long> > const&, boost::multiprecision::backends::cpp_int_backend<0ul, 0ul, (boost::multiprecision::cpp_integer_type)1, (boost::multiprecision::cpp_int_check_type)0, std::allocator<unsigned long long> > const&)",0.59430716296528,0.59430716296528,19,38076152,38076152
"ParallelRoam::Algorithms::GreedyTransactionalLod::QualityEvaluation::ErrorBounds(ParallelRoam::Algorithms::GreedyTransactionalLod::TransactionalState const&, ParallelRoam::Algorithms::GreedyTransactionalLod::TransactionalSamples const&, unsigned int, ParallelRoam::Algorithms::GreedyTransactionalLod::Proposal const*, ParallelRoam::Algorithms::GreedyTransactionalLod::WorkLedger&, ParallelRoam::Algorithms::GreedyTransactionalLod::TransactionalProposalEvidence*)",0.5630278385986862,11.72974663747263,18,36072144,751503000
"ParallelRoam::Algorithms::GreedyTransactionalLod::TransactionalProposalEvidence::Get(unsigned int, ParallelRoam::Algorithms::GreedyTransactionalLod::WorkLedger&)",0.5630278385986862,9.884266499843603,18,36072144,633266528
__umodti3,0.5317485142320926,0.5317485142320926,17,34068136,34068136
"void boost::multiprecision::backends::eval_gcd_lehmer<0ul, 0ul, (boost::multiprecision::cpp_integer_type)1, (boost::multiprecision::cpp_int_check_type)0, std::allocator<unsigned long long>, boost::multiprecision::backends::cpp_int_base<0ul, 18446744073709551615ul, (boost::multiprecision::cpp_integer_type)1, (boost::multiprecision::cpp_int_check_type)0, std::allocator<unsigned long long>, false>::scoped_shared_storage>(boost::multiprecision::backends::cpp_int_backend<0ul, 0ul, (boost::multiprecision::cpp_integer_type)1, (boost::multiprecision::cpp_int_check_type)0, std::allocator<unsigned long long> >&, boost::multiprecision::backends::cpp_int_backend<0ul, 0ul, (boost::multiprecision::cpp_integer_type)1, (boost::multiprecision::cpp_int_check_type)0, std::allocator<unsigned long long> >&, unsigned long, boost::multiprecision::backends::cpp_int_base<0ul, 18446744073709551615ul, (boost::multiprecision::cpp_integer_type)1, (boost::multiprecision::cpp_int_check_type)0, std::allocator<unsigned long long>, false>::scoped_shared_storage&)",0.46918986549890523,0.6255864873318736,15,30060120,40080160
"std::array<boost::multiprecision::number<boost::multiprecision::backends::rational_adaptor<boost::multiprecision::backends::cpp_int_backend<0ul, 0ul, (boost::multiprecision::cpp_integer_type)1, (boost::multiprecision::cpp_int_check_type)0, std::allocator<unsigned long long> > >, (boost::multiprecision::expression_template_option)1>, 3ul> ParallelRoam::Algorithms::GreedyTransactionalLod::QualityEvaluation::Reference<boost::multiprecision::number<boost::multiprecision::backends::rational_adaptor<boost::multiprecision::backends::cpp_int_backend<0ul, 0ul, (boost::multiprecision::cpp_integer_type)1, (boost::multiprecision::cpp_int_check_type)0, std::allocator<unsigned long long> > >, (boost::multiprecision::expression_template_option)1> >(ParallelRoam::Algorithms::GreedyTransactionalLod::TransactionalState const&, ParallelRoam::Algorithms::GreedyTransactionalLod::TransactionalSamples const&, unsigned int)",0.43791054113231154,3.0340944635595872,14,28056112,194388776
__udivti3,0.3753518923991242,0.3753518923991242,12,24048096,24048096
ParallelRoam::Algorithms::GreedyTransactionalLod::ReceiverCursor::Next(ParallelRoam::Algorithms::GreedyTransactionalLod::WorkLedger*),0.3440725680325305,3.7847982483578355,11,22044088,242484968
__libc_malloc2,0.3440725680325305,0.781983109164842,11,22044088,50100200
_int_malloc,0.3440725680325305,0.43791054113231154,11,22044088,28056112
"ParallelRoam::Algorithms::GreedyTransactionalLod::TransactionalPointwiseQuality::Certify[abi:cxx11](ParallelRoam::Algorithms::GreedyTransactionalLod::TransactionalState const&, ParallelRoam::Algorithms::GreedyTransactionalLod::TransactionalSamples const&, ParallelRoam::Algorithms::GreedyTransactionalLod::Proposal&, bool, ParallelRoam::Algorithms::GreedyTransactionalLod::WorkLedger&)",0.3127932436659368,32.03002815139193,10,20040080,2052104192
hypot@@GLIBC_2.35,0.2815139192993431,0.2815139192993431,9,18036072,18036072
memcpy@plt,0.2815139192993431,0.2815139192993431,9,18036072,18036072
"void std::__introsort_loop<__gnu_cxx::__normal_iterator<std::pair<double, long>*, std::vector<std::pair<double, long>, std::allocator<std::pair<double, long> > > >, long, __gnu_cxx::__ops::_Iter_comp_iter<ParallelRoam::Algorithms::GreedyTransactionalLod::TransactionalPriorityIndex<std::pair<double, long> >::Sort(std::vector<std::pair<double, long>, std::allocator<std::pair<double, long> > >&, ParallelRoam::Algorithms::GreedyTransactionalLod::WorkLedger&)::{lambda(std::pair<double, long> const&, std::pair<double, long> const&)#1}> >(__gnu_cxx::__normal_iterator<std::pair<double, long>*, std::vector<std::pair<double, long>, std::allocator<std::pair<double, long> > > >, __gnu_cxx::__normal_iterator<std::pair<double, long>*, std::vector<std::pair<double, long>, std::allocator<std::pair<double, long> > > >, long, __gnu_cxx::__ops::_Iter_comp_iter<ParallelRoam::Algorithms::GreedyTransactionalLod::TransactionalPriorityIndex<std::pair<double, long> >::Sort(std::vector<std::pair<double, long>, std::allocator<std::pair<double, long> > >&, ParallelRoam::Algorithms::GreedyTransactionalLod::WorkLedger&)::{lambda(std::pair<double, long> const&, std::pair<double, long> const&)#1}>)",0.2815139192993431,0.2815139192993431,9,18036072,18036072
"std::enable_if<(!boost::multiprecision::backends::is_trivial_cpp_int<boost::multiprecision::backends::cpp_int_backend<0ul, 0ul, (boost::multiprecision::cpp_integer_type)1, (boost::multiprecision::cpp_int_check_type)0, std::allocator<unsigned long long> > >::value)&&(!boost::multiprecision::backends::is_trivial_cpp_int<boost::multiprecision::backends::cpp_int_backend<0ul, 0ul, (boost::multiprecision::cpp_integer_type)1, (boost::multiprecision::cpp_int_check_type)0, std::allocator<unsigned long long> > >::value), void>::type boost::multiprecision::backends::eval_multiply<0ul, 0ul, (boost::multiprecision::cpp_integer_type)1, (boost::multiprecision::cpp_int_check_type)0, std::allocator<unsigned long long>, 0ul, 0ul, (boost::multiprecision::cpp_integer_type)1, (boost::multiprecision::cpp_int_check_type)0, std::allocator<unsigned long long> >(boost::multiprecision::backends::cpp_int_backend<0ul, 0ul, (boost::multiprecision::cpp_integer_type)1, (boost::multiprecision::cpp_int_check_type)0, std::allocator<unsigned long long> >&, boost::multiprecision::backends::cpp_int_backend<0ul, 0ul, (boost::multiprecision::cpp_integer_type)1, (boost::multiprecision::cpp_int_check_type)0, std::allocator<unsigned long long> > const&, unsigned long long const&)",0.25023459493274947,0.25023459493274947,8,16032064,16032064
"ParallelRoam::Algorithms::GreedyTransactionalLod::QualityEvaluation::operator/(ParallelRoam::Algorithms::GreedyTransactionalLod::QualityEvaluation::Interval, ParallelRoam::Algorithms::GreedyTransactionalLod::QualityEvaluation::Interval)",0.21895527056615577,0.21895527056615577,7,14028056,14028056
"ParallelRoam::Algorithms::GreedyTransactionalLod::TransactionalPredicates::Shape(ParallelRoam::Algorithms::GreedyTransactionalLod::Point const&, ParallelRoam::Algorithms::GreedyTransactionalLod::Point const&, ParallelRoam::Algorithms::GreedyTransactionalLod::Point const&)",0.21895527056615577,3.7847982483578355,7,14028056,242484968
"ParallelRoam::Algorithms::GreedyTransactionalLod::TransactionalSamples::Priority(ParallelRoam::Algorithms::GreedyTransactionalLod::Configuration const&, std::array<ParallelRoam::Algorithms::GreedyTransactionalLod::Point, 3ul> const&, double)",0.21895527056615577,0.21895527056615577,7,14028056,14028056
_int_free_merge_chunk,0.21895527056615577,0.21895527056615577,7,14028056,14028056
"boost::multiprecision::backends::cpp_int_backend<0ul, 0ul, (boost::multiprecision::cpp_integer_type)1, (boost::multiprecision::cpp_int_check_type)0, std::allocator<unsigned long long> >::~cpp_int_backend()",0.21895527056615577,0.21895527056615577,7,14028056,14028056
"std::array<boost::multiprecision::number<boost::multiprecision::backends::rational_adaptor<boost::multiprecision::backends::cpp_int_backend<0ul, 0ul, (boost::multiprecision::cpp_integer_type)1, (boost::multiprecision::cpp_int_check_type)0, std::allocator<unsigned long long> > >, (boost::multiprecision::expression_template_option)1>, 4ul> ParallelRoam::Algorithms::GreedyTransactionalLod::QualityEvaluation::Clip<boost::multiprecision::number<boost::multiprecision::backends::rational_adaptor<boost::multiprecision::backends::cpp_int_backend<0ul, 0ul, (boost::multiprecision::cpp_integer_type)1, (boost::multiprecision::cpp_int_check_type)0, std::allocator<unsigned long long> > >, (boost::multiprecision::expression_template_option)1> >(ParallelRoam::Algorithms::GreedyTransactionalLod::Configuration const&, boost::multiprecision::number<boost::multiprecision::backends::rational_adaptor<boost::multiprecision::backends::cpp_int_backend<0ul, 0ul, (boost::multiprecision::cpp_integer_type)1, (boost::multiprecision::cpp_int_check_type)0, std::allocator<unsigned long long> > >, (boost::multiprecision::expression_template_option)1> const&, boost::multiprecision::number<boost::multiprecision::backends::rational_adaptor<boost::multiprecision::backends::cpp_int_backend<0ul, 0ul, (boost::multiprecision::cpp_integer_type)1, (boost::multiprecision::cpp_int_check_type)0, std::allocator<unsigned long long> > >, (boost::multiprecision::expression_template_option)1> const&, boost::multiprecision::number<boost::multiprecision::backends::rational_adaptor<boost::multiprecision::backends::cpp_int_backend<0ul, 0ul, (boost::multiprecision::cpp_integer_type)1, (boost::multiprecision::cpp_int_check_type)0, std::allocator<unsigned long long> > >, (boost::multiprecision::expression_template_option)1> const&)",0.21895527056615577,5.786675007819831,7,14028056,370741480
"ParallelRoam::Algorithms::GreedyTransactionalLod::(anonymous namespace)::Prepare(ParallelRoam::Algorithms::GreedyTransactionalLod::TransactionalState const&, ParallelRoam::Algorithms::GreedyTransactionalLod::TransactionalSamples const&, unsigned int, char, std::vector<unsigned int, std::allocator<unsigned int> >, ParallelRoam::Algorithms::GreedyTransactionalLod::Point const&, long, unsigned long)",0.1876759461995621,3.1904910853925554,6,12024048,204408816
"boost::multiprecision::backends::rational_adaptor<boost::multiprecision::backends::cpp_int_backend<0ul, 0ul, (boost::multiprecision::cpp_integer_type)1, (boost::multiprecision::cpp_int_check_type)0, std::allocator<unsigned long long> > >::rational_adaptor<unsigned long long>(unsigned long long const&, std::enable_if<std::is_constructible<boost::multiprecision::backends::cpp_int_backend<0ul, 0ul, (boost::multiprecision::cpp_integer_type)1, (boost::multiprecision::cpp_int_check_type)0, std::allocator<unsigned long long> >, unsigned long long>::value&&(!std::is_floating_point<unsigned long long>::value), void>::type const*)",0.1876759461995621,0.21895527056615577,6,12024048,14028056
clock_gettime@@GLIBC_2.17,0.1876759461995621,0.9071004066312167,6,12024048,58116232
"std::enable_if<std::is_convertible<unsigned long long, boost::multiprecision::backends::cpp_int_backend<0ul, 0ul, (boost::multiprecision::cpp_integer_type)1, (boost::multiprecision::cpp_int_check_type)0, std::allocator<unsigned long long> > >::value&&std::is_integral<unsigned long long>::value, void>::type boost::multiprecision::backends::eval_divide<boost::multiprecision::backends::cpp_int_backend<0ul, 0ul, (boost::multiprecision::cpp_integer_type)1, (boost::multiprecision::cpp_int_check_type)0, std::allocator<unsigned long long> >, unsigned long long>(boost::multiprecision::backends::rational_adaptor<boost::multiprecision::backends::cpp_int_backend<0ul, 0ul, (boost::multiprecision::cpp_integer_type)1, (boost::multiprecision::cpp_int_check_type)0, std::allocator<unsigned long long> > >&, unsigned long long)",0.1876759461995621,0.40663121676571784,6,12024048,26052104
"ParallelRoam::Algorithms::GreedyTransactionalLod::QualityEvaluation::Interval ParallelRoam::Algorithms::GreedyTransactionalLod::QualityEvaluation::Height<ParallelRoam::Algorithms::GreedyTransactionalLod::QualityEvaluation::Interval>(ParallelRoam::Algorithms::GreedyTransactionalLod::QualityEvaluation::Interval const&, ParallelRoam::Algorithms::GreedyTransactionalLod::QualityEvaluation::Interval const&, ParallelRoam::Algorithms::GreedyTransactionalLod::Point const&, ParallelRoam::Algorithms::GreedyTransactionalLod::Point const&, ParallelRoam::Algorithms::GreedyTransactionalLod::Point const&)",0.1563966218329684,0.5004691898654989,5,10020040,32064128
"ParallelRoam::Algorithms::GreedyTransactionalLod::TransactionalSamples::StoredWeights(unsigned int, ParallelRoam::Algorithms::GreedyTransactionalLod::Point const&, ParallelRoam::Algorithms::GreedyTransactionalLod::Point const&, ParallelRoam::Algorithms::GreedyTransactionalLod::Point const&) const",0.1563966218329684,0.1563966218329684,5,10020040,10020040
"boost::multiprecision::backends::cpp_int_base<0ul, 18446744073709551615ul, (boost::multiprecision::cpp_integer_type)1, (boost::multiprecision::cpp_int_check_type)0, std::allocator<unsigned long long>, false>::assign(boost::multiprecision::backends::cpp_int_base<0ul, 18446744073709551615ul, (boost::multiprecision::cpp_integer_type)1, (boost::multiprecision::cpp_int_check_type)0, std::allocator<unsigned long long>, false> const&) [clone .part.0]",0.1563966218329684,0.1876759461995621,5,10020040,12024048
"boost::multiprecision::backends::cpp_int_base<0ul, 18446744073709551615ul, (boost::multiprecision::cpp_integer_type)1, (boost::multiprecision::cpp_int_check_type)0, std::allocator<unsigned long long>, false>::cpp_int_base(boost::multiprecision::backends::cpp_int_base<0ul, 18446744073709551615ul, (boost::multiprecision::cpp_integer_type)1, (boost::multiprecision::cpp_int_check_type)0, std::allocator<unsigned long long>, false>&&)",0.1563966218329684,0.1563966218329684,5,10020040,10020040
cfree@GLIBC_2.2.5,0.1563966218329684,0.1563966218329684,5,10020040,10020040
malloc,0.1563966218329684,0.1563966218329684,5,10020040,10020040
"std::enable_if<!boost::multiprecision::backends::is_trivial_cpp_int<boost::multiprecision::backends::cpp_int_backend<0ul, 0ul, (boost::multiprecision::cpp_integer_type)1, (boost::multiprecision::cpp_int_check_type)0, std::allocator<unsigned long long> > >::value, void>::type boost::multiprecision::backends::eval_gcd<0ul, 0ul, (boost::multiprecision::cpp_integer_type)1, (boost::multiprecision::cpp_int_check_type)0, std::allocator<unsigned long long> >(boost::multiprecision::backends::cpp_int_backend<0ul, 0ul, (boost::multiprecision::cpp_integer_type)1, (boost::multiprecision::cpp_int_check_type)0, std::allocator<unsigned long long> >&, boost::multiprecision::backends::cpp_int_backend<0ul, 0ul, (boost::multiprecision::cpp_integer_type)1, (boost::multiprecision::cpp_int_check_type)0, std::allocator<unsigned long long> > const&, unsigned long long)",0.1563966218329684,0.1563966218329684,5,10020040,10020040
"ParallelRoam::Algorithms::GreedyTransactionalLod::TransactionalCertification::Measure(ParallelRoam::Algorithms::GreedyTransactionalLod::TransactionalState const&, ParallelRoam::Algorithms::GreedyTransactionalLod::TransactionalSamples const&, ParallelRoam::Algorithms::GreedyTransactionalLod::Proposal&, ParallelRoam::Algorithms::GreedyTransactionalLod::WorkLedger&, ParallelRoam::Algorithms::GreedyTransactionalLod::TransactionalProposalEvidence*)",0.12511729746637473,7.006568658116985,4,8016032,448897792
"ParallelRoam::Algorithms::GreedyTransactionalLod::TransactionalPriorityIndex<std::tuple<double, long, unsigned int> >::PrepareRepair(std::map<unsigned int, std::optional<std::tuple<double, long, unsigned int> >, std::less<unsigned int>, std::allocator<std::pair<unsigned int const, std::optional<std::tuple<double, long, unsigned int> > > > >, unsigned long, ParallelRoam::Algorithms::GreedyTransactionalLod::WorkLedger&)",0.12511729746637473,0.12511729746637473,4,8016032,8016032
"ParallelRoam::Algorithms::GreedyTransactionalLod::TransactionalSamples::Prepare(ParallelRoam::Algorithms::GreedyTransactionalLod::TransactionalState const&, ParallelRoam::Algorithms::GreedyTransactionalLod::PreparedTopology const&, ParallelRoam::Algorithms::GreedyTransactionalLod::WorkLedger&)",0.12511729746637473,0.6568658116984674,4,8016032,42084168
ParallelRoam::Algorithms::GreedyTransactionalLod::QualityEvaluation::Finite(ParallelRoam::Algorithms::GreedyTransactionalLod::QualityEvaluation::Interval),0.09383797309978105,0.09383797309978105,3,6012024,6012024
"ParallelRoam::Algorithms::GreedyTransactionalLod::QualityEvaluation::SameInterface(ParallelRoam::Algorithms::GreedyTransactionalLod::TransactionalState const&, ParallelRoam::Algorithms::GreedyTransactionalLod::Proposal const&, bool, std::vector<std::array<ParallelRoam::Algorithms::GreedyTransactionalLod::Point, 3ul>, std::allocator<std::array<ParallelRoam::Algorithms::GreedyTransactionalLod::Point, 3ul> > > const&, std::vector<std::array<ParallelRoam::Algorithms::GreedyTransactionalLod::Point, 3ul>, std::allocator<std::array<ParallelRoam::Algorithms::GreedyTransactionalLod::Point, 3ul> > > const&)",0.09383797309978105,5.223647169221145,3,6012024,334669336
"ParallelRoam::Algorithms::GreedyTransactionalLod::TransactionalCertification::SetProgressTarget[abi:cxx11](ParallelRoam::Algorithms::GreedyTransactionalLod::TransactionalState const&, ParallelRoam::Algorithms::GreedyTransactionalLod::TransactionalSamples const&, ParallelRoam::Algorithms::GreedyTransactionalLod::Proposal&, ParallelRoam::Algorithms::GreedyTransactionalLod::WorkLedger&)",0.09383797309978105,4.128870816390366,3,6012024,264529056
"ParallelRoam::Algorithms::GreedyTransactionalLod::TransactionalCommit::Prepare(ParallelRoam::Algorithms::GreedyTransactionalLod::TransactionalState&, ParallelRoam::Algorithms::GreedyTransactionalLod::CertifiedBatch const&, ParallelRoam::Algorithms::GreedyTransactionalLod::WorkLedger&, ParallelRoam::Algorithms::GreedyTransactionalLod::TransactionalExecution const&, ParallelRoam::Algorithms::GreedyTransactionalLod::HeightSource const*)::{lambda(long)#1}::operator()(long) const",0.09383797309978105,0.09383797309978105,3,6012024,6012024
"ParallelRoam::Algorithms::GreedyTransactionalLod::TransactionalPriorityIndex<std::pair<double, long> >::PrepareRepair(std::map<unsigned int, std::optional<std::pair<double, long> >, std::less<unsigned int>, std::allocator<std::pair<unsigned int const, std::optional<std::pair<double, long> > > > >, unsigned long, ParallelRoam::Algorithms::GreedyTransactionalLod::WorkLedger&)",0.09383797309978105,0.1876759461995621,3,6012024,12024048
ParallelRoam::Algorithms::GreedyTransactionalLod::TransactionalQualitySampleEvidence::ExactCoordinate(),0.09383797309978105,3.847356897091023,3,6012024,246492984
"ParallelRoam::Algorithms::GreedyTransactionalLod::TransactionalSamples::Clip(ParallelRoam::Algorithms::GreedyTransactionalLod::Configuration const&, double, double, double)",0.09383797309978105,0.09383797309978105,3,6012024,6012024
ParallelRoam::Algorithms::GreedyTransactionalLod::TransactionalState::Face(unsigned int) const,0.09383797309978105,0.09383797309978105,3,6012024,6012024
"boost::multiprecision::number<boost::multiprecision::backends::rational_adaptor<boost::multiprecision::backends::cpp_int_backend<0ul, 0ul, (boost::multiprecision::cpp_integer_type)1, (boost::multiprecision::cpp_int_check_type)0, std::allocator<unsigned long long> > >, (boost::multiprecision::expression_template_option)1> ParallelRoam::Algorithms::GreedyTransactionalLod::QualityEvaluation::Height<boost::multiprecision::number<boost::multiprecision::backends::rational_adaptor<boost::multiprecision::backends::cpp_int_backend<0ul, 0ul, (boost::multiprecision::cpp_integer_type)1, (boost::multiprecision::cpp_int_check_type)0, std::allocator<unsigned long long> > >, (boost::multiprecision::expression_template_option)1> >(boost::multiprecision::number<boost::multiprecision::backends::rational_adaptor<boost::multiprecision::backends::cpp_int_backend<0ul, 0ul, (boost::multiprecision::cpp_integer_type)1, (boost::multiprecision::cpp_int_check_type)0, std::allocator<unsigned long long> > >, (boost::multiprecision::expression_template_option)1> const&, boost::multiprecision::number<boost::multiprecision::backends::rational_adaptor<boost::multiprecision::backends::cpp_int_backend<0ul, 0ul, (boost::multiprecision::cpp_integer_type)1, (boost::multiprecision::cpp_int_check_type)0, std::allocator<unsigned long long> > >, (boost::multiprecision::expression_template_option)1> const&, ParallelRoam::Algorithms::GreedyTransactionalLod::Point const&, ParallelRoam::Algorithms::GreedyTransactionalLod::Point const&, ParallelRoam::Algorithms::GreedyTransactionalLod::Point const&)",0.09383797309978105,3.2530497341257427,3,6012024,208416832
frexpl@plt,0.09383797309978105,0.09383797309978105,3,6012024,6012024
ldexpl@plt,0.09383797309978105,0.09383797309978105,3,6012024,6012024
std::chrono::_V2::steady_clock::now(),0.09383797309978105,0.9071004066312167,3,6012024,58116232
unlink_chunk.isra.0,0.09383797309978105,0.09383797309978105,3,6012024,6012024
"void boost::multiprecision::backends::add_unsigned<boost::multiprecision::backends::cpp_int_backend<0ul, 0ul, (boost::multiprecision::cpp_integer_type)1, (boost::multiprecision::cpp_int_check_type)0, std::allocator<unsigned long long> >, boost::multiprecision::backends::cpp_int_backend<0ul, 0ul, (boost::multiprecision::cpp_integer_type)1, (boost::multiprecision::cpp_int_check_type)0, std::allocator<unsigned long long> >, boost::multiprecision::backends::cpp_int_backend<0ul, 0ul, (boost::multiprecision::cpp_integer_type)1, (boost::multiprecision::cpp_int_check_type)0, std::allocator<unsigned long long> > >(boost::multiprecision::backends::cpp_int_backend<0ul, 0ul, (boost::multiprecision::cpp_integer_type)1, (boost::multiprecision::cpp_int_check_type)0, std::allocator<unsigned long long> >&, boost::multiprecision::backends::cpp_int_backend<0ul, 0ul, (boost::multiprecision::cpp_integer_type)1, (boost::multiprecision::cpp_int_check_type)0, std::allocator<unsigned long long> > const&, boost::multiprecision::backends::cpp_int_backend<0ul, 0ul, (boost::multiprecision::cpp_integer_type)1, (boost::multiprecision::cpp_int_check_type)0, std::allocator<unsigned long long> > const&)",0.09383797309978105,0.09383797309978105,3,6012024,6012024
"ParallelRoam::Algorithms::GreedyTransactionalLod::QualityEvaluation::Area(std::array<ParallelRoam::Algorithms::GreedyTransactionalLod::Point, 3ul> const&)",0.06255864873318737,0.9071004066312167,2,4008016,58116232
"ParallelRoam::Algorithms::GreedyTransactionalLod::QualityEvaluation::operator-(ParallelRoam::Algorithms::GreedyTransactionalLod::QualityEvaluation::Interval, ParallelRoam::Algorithms::GreedyTransactionalLod::QualityEvaluation::Interval)",0.06255864873318737,0.06255864873318737,2,4008016,4008016
"ParallelRoam::Algorithms::GreedyTransactionalLod::TransactionalCertification::Measure(ParallelRoam::Algorithms::GreedyTransactionalLod::TransactionalState const&, ParallelRoam::Algorithms::GreedyTransactionalLod::TransactionalSamples const&, ParallelRoam::Algorithms::GreedyTransactionalLod::Proposal&, ParallelRoam::Algorithms::GreedyTransactionalLod::WorkLedger&)",0.06255864873318737,7.1004066312167655,2,4008016,454909816
__memset_avx512_unaligned_erms,0.06255864873318737,0.06255864873318737,2,4008016,4008016
"auto ParallelRoam::Algorithms::GreedyTransactionalLod::TransactionalReservation::Plan(ParallelRoam::Algorithms::GreedyTransactionalLod::TransactionalState const&, ParallelRoam::Algorithms::GreedyTransactionalLod::TransactionalSamples const&, ParallelRoam::Algorithms::GreedyTransactionalLod::WorkLedger&, ParallelRoam::Algorithms::GreedyTransactionalLod::TransactionalExecution const&)::{lambda(auto:1, auto:2, ParallelRoam::Algorithms::GreedyTransactionalLod::WorkLedger&)#1}::operator()<unsigned long, unsigned long>(unsigned long, unsigned long, ParallelRoam::Algorithms::GreedyTransactionalLod::WorkLedger&) const",0.06255864873318737,55.14544885830466,2,4008016,3533066104
"boost::multiprecision::backends::rational_adaptor<boost::multiprecision::backends::cpp_int_backend<0ul, 0ul, (boost::multiprecision::cpp_integer_type)1, (boost::multiprecision::cpp_int_check_type)0, std::allocator<unsigned long long> > >::compare(boost::multiprecision::backends::rational_adaptor<boost::multiprecision::backends::cpp_int_backend<0ul, 0ul, (boost::multiprecision::cpp_integer_type)1, (boost::multiprecision::cpp_int_check_type)0, std::allocator<unsigned long long> > > const&) const",0.06255864873318737,0.1563966218329684,2,4008016,10020040
operator delete(void*),0.06255864873318737,0.06255864873318737,2,4008016,4008016
operator delete(void*)@plt,0.06255864873318737,0.06255864873318737,2,4008016,4008016
"std::_Rb_tree<std::tuple<char, long, long>, std::tuple<char, long, long>, std::_Identity<std::tuple<char, long, long> >, std::less<std::tuple<char, long, long> >, std::allocator<std::tuple<char, long, long> > >::_M_get_insert_unique_pos(std::tuple<char, long, long> const&)",0.06255864873318737,0.06255864873318737,2,4008016,4008016
"std::enable_if<!boost::multiprecision::backends::is_trivial_cpp_int<boost::multiprecision::backends::cpp_int_backend<0ul, 0ul, (boost::multiprecision::cpp_integer_type)1, (boost::multiprecision::cpp_int_check_type)0, std::allocator<unsigned long long> > >::value, unsigned long>::type boost::multiprecision::backends::eval_msb<0ul, 0ul, (boost::multiprecision::cpp_integer_type)1, (boost::multiprecision::cpp_int_check_type)0, std::allocator<unsigned long long> >(boost::multiprecision::backends::cpp_int_backend<0ul, 0ul, (boost::multiprecision::cpp_integer_type)1, (boost::multiprecision::cpp_int_check_type)0, std::allocator<unsigned long long> > const&)",0.06255864873318737,0.06255864873318737,2,4008016,4008016
"void std::__introsort_loop<__gnu_cxx::__normal_iterator<std::tuple<double, long, unsigned int>*, std::vector<std::tuple<double, long, unsigned int>, std::allocator<std::tuple<double, long, unsigned int> > > >, long, __gnu_cxx::__ops::_Iter_comp_iter<ParallelRoam::Algorithms::GreedyTransactionalLod::TransactionalPriorityIndex<std::tuple<double, long, unsigned int> >::Sort(std::vector<std::tuple<double, long, unsigned int>, std::allocator<std::tuple<double, long, unsigned int> > >&, ParallelRoam::Algorithms::GreedyTransactionalLod::WorkLedger&)::{lambda(std::tuple<double, long, unsigned int> const&, std::tuple<double, long, unsigned int> const&)#1}> >(__gnu_cxx::__normal_iterator<std::tuple<double, long, unsigned int>*, std::vector<std::tuple<double, long, unsigned int>, std::allocator<std::tuple<double, long, unsigned int> > > >, __gnu_cxx::__normal_iterator<std::tuple<double, long, unsigned int>*, std::vector<std::tuple<double, long, unsigned int>, std::allocator<std::tuple<double, long, unsigned int> > > >, long, __gnu_cxx::__ops::_Iter_comp_iter<ParallelRoam::Algorithms::GreedyTransactionalLod::TransactionalPriorityIndex<std::tuple<double, long, unsigned int> >::Sort(std::vector<std::tuple<double, long, unsigned int>, std::allocator<std::tuple<double, long, unsigned int> > >&, ParallelRoam::Algorithms::GreedyTransactionalLod::WorkLedger&)::{lambda(std::tuple<double, long, unsigned int> const&, std::tuple<double, long, unsigned int> const&)#1}>)",0.06255864873318737,0.06255864873318737,2,4008016,4008016
ParallelRoam::Algorithms::GreedyTransactionalLod::CertifiedBatch::~CertifiedBatch(),0.03127932436659368,0.06255864873318737,1,2004008,4008016
ParallelRoam::Algorithms::GreedyTransactionalLod::QualityEvaluation::(anonymous namespace)::BinaryFloor(double),0.03127932436659368,0.03127932436659368,1,2004008,2004008
"ParallelRoam::Algorithms::GreedyTransactionalLod::QualityEvaluation::CoveringFace(ParallelRoam::Algorithms::GreedyTransactionalLod::TransactionalState const&, ParallelRoam::Algorithms::GreedyTransactionalLod::TransactionalSamples const&, unsigned int, ParallelRoam::Algorithms::GreedyTransactionalLod::Proposal const*)",0.03127932436659368,2.908977166093212,1,2004008,186372744
"ParallelRoam::Algorithms::GreedyTransactionalLod::QualityEvaluation::RecordBits(boost::multiprecision::number<boost::multiprecision::backends::rational_adaptor<boost::multiprecision::backends::cpp_int_backend<0ul, 0ul, (boost::multiprecision::cpp_integer_type)1, (boost::multiprecision::cpp_int_check_type)0, std::allocator<unsigned long long> > >, (boost::multiprecision::expression_template_option)1> const&, ParallelRoam::Algorithms::GreedyTransactionalLod::WorkLedger&)",0.03127932436659368,0.03127932436659368,1,2004008,2004008
"ParallelRoam::Algorithms::GreedyTransactionalLod::QualityEvaluation::VisibleBounds(ParallelRoam::Algorithms::GreedyTransactionalLod::Configuration const&, std::array<ParallelRoam::Algorithms::GreedyTransactionalLod::QualityEvaluation::Interval, 4ul> const&)",0.03127932436659368,0.03127932436659368,1,2004008,2004008
"ParallelRoam::Algorithms::GreedyTransactionalLod::TransactionalCommit::Prepare(ParallelRoam::Algorithms::GreedyTransactionalLod::TransactionalState&, ParallelRoam::Algorithms::GreedyTransactionalLod::CertifiedBatch const&, ParallelRoam::Algorithms::GreedyTransactionalLod::WorkLedger&, ParallelRoam::Algorithms::GreedyTransactionalLod::TransactionalExecution const&, ParallelRoam::Algorithms::GreedyTransactionalLod::HeightSource const*)",0.03127932436659368,0.1563966218329684,1,2004008,10020040
"ParallelRoam::Algorithms::GreedyTransactionalLod::TransactionalPointwiseQuality::ValidateBatch(ParallelRoam::Algorithms::GreedyTransactionalLod::TransactionalState const&, ParallelRoam::Algorithms::GreedyTransactionalLod::TransactionalSamples const&, ParallelRoam::Algorithms::GreedyTransactionalLod::CertifiedBatch const&, ParallelRoam::Algorithms::GreedyTransactionalLod::WorkLedger&)::{lambda(ParallelRoam::Algorithms::GreedyTransactionalLod::Proposal const&, bool)#1}::operator()(ParallelRoam::Algorithms::GreedyTransactionalLod::Proposal const&, bool) const",0.03127932436659368,0.1876759461995621,1,2004008,12024048
"ParallelRoam::Algorithms::GreedyTransactionalLod::TransactionalPriorityIndex<std::tuple<double, long, unsigned int> >::Prefix(unsigned long, ParallelRoam::Algorithms::GreedyTransactionalLod::WorkLedger*) const",0.03127932436659368,0.03127932436659368,1,2004008,2004008
"ParallelRoam::Algorithms::GreedyTransactionalLod::TransactionalProposalEvidence::Face(unsigned int, ParallelRoam::Algorithms::GreedyTransactionalLod::WorkLedger&)",0.03127932436659368,0.1563966218329684,1,2004008,10020040
"ParallelRoam::Algorithms::GreedyTransactionalLod::TransactionalProposals::Donor(ParallelRoam::Algorithms::GreedyTransactionalLod::TransactionalState const&, ParallelRoam::Algorithms::GreedyTransactionalLod::TransactionalSamples const&, long, ParallelRoam::Algorithms::GreedyTransactionalLod::WorkLedger&)",0.03127932436659368,6.787613387550829,1,2004008,434869736
"ParallelRoam::Algorithms::GreedyTransactionalLod::TransactionalQualitySampleEvidence::Cover(std::vector<std::array<ParallelRoam::Algorithms::GreedyTransactionalLod::Point, 3ul>, std::allocator<std::array<ParallelRoam::Algorithms::GreedyTransactionalLod::Point, 3ul> > > const&)",0.03127932436659368,13.137316233969345,1,2004008,841683360
ParallelRoam::Algorithms::GreedyTransactionalLod::TransactionalQualitySampleEvidence::ExactReference(),0.03127932436659368,2.9715358148264,1,2004008,190380760
ParallelRoam::Algorithms::GreedyTransactionalLod::TransactionalQualitySampleEvidence::VisibilityAgrees(),0.03127932436659368,0.5317485142320926,1,2004008,34068136
"ParallelRoam::Algorithms::GreedyTransactionalLod::TransactionalReservation::Conflict(ParallelRoam::Algorithms::GreedyTransactionalLod::TransactionFootprint const&, ParallelRoam::Algorithms::GreedyTransactionalLod::TransactionFootprint const&)",0.03127932436659368,0.03127932436659368,1,2004008,2004008
"ParallelRoam::Algorithms::GreedyTransactionalLod::TransactionalReservation::Plan(ParallelRoam::Algorithms::GreedyTransactionalLod::TransactionalState const&, ParallelRoam::Algorithms::GreedyTransactionalLod::TransactionalSamples const&, ParallelRoam::Algorithms::GreedyTransactionalLod::WorkLedger&, ParallelRoam::Algorithms::GreedyTransactionalLod::TransactionalExecution const&)",0.03127932436659368,0.2815139192993431,1,2004008,18036072
ParallelRoam::Algorithms::GreedyTransactionalLod::TransactionalSamples::Parameter(unsigned int) const,0.03127932436659368,0.03127932436659368,1,2004008,2004008
"ParallelRoam::Algorithms::GreedyTransactionalLod::TransactionalSamples::PrepareView(ParallelRoam::Algorithms::GreedyTransactionalLod::TransactionalState const&, ParallelRoam::Algorithms::GreedyTransactionalLod::Configuration const&, ParallelRoam::Algorithms::GreedyTransactionalLod::WorkLedger&, ParallelRoam::Algorithms::GreedyTransactionalLod::TransactionalExecution const&)",0.03127932436659368,1.18861432593056,1,2004008,76152304
ParallelRoam::Algorithms::GreedyTransactionalLod::TransactionalState::IsBoundary(long) const,0.03127932436659368,0.03127932436659368,1,2004008,2004008
ParallelRoam::Algorithms::GreedyTransactionalLod::WorkLedger::Touch(),0.03127932436659368,1.0009383797309979,1,2004008,64128256
ParallelRoam::Tools::CpuThreadPool::WorkerLoop(),0.03127932436659368,97.43509540193932,1,2004008,6242484920
[unknown],0.03127932436659368,97.43509540193932,1,2004008,6242484920
__memcmp_evex_movbe,0.03127932436659368,0.03127932436659368,1,2004008,2004008
__memcpy_chk@plt,0.03127932436659368,0.03127932436659368,1,2004008,2004008
__memmove_chk_avx512_unaligned_erms,0.03127932436659368,0.03127932436659368,1,2004008,2004008
__syscall_cancel_arch_end,0.03127932436659368,0.03127932436659368,1,2004008,2004008
__udivti3@plt,0.03127932436659368,0.03127932436659368,1,2004008,2004008
_int_free_chunk,0.03127932436659368,0.25023459493274947,1,2004008,16032064
"bool boost::multiprecision::backends::eval_eq<boost::multiprecision::backends::cpp_int_backend<0ul, 0ul, (boost::multiprecision::cpp_integer_type)1, (boost::multiprecision::cpp_int_check_type)0, std::allocator<unsigned long long> > >(boost::multiprecision::backends::rational_adaptor<boost::multiprecision::backends::cpp_int_backend<0ul, 0ul, (boost::multiprecision::cpp_integer_type)1, (boost::multiprecision::cpp_int_check_type)0, std::allocator<unsigned long long> > > const&, boost::multiprecision::backends::rational_adaptor<boost::multiprecision::backends::cpp_int_backend<0ul, 0ul, (boost::multiprecision::cpp_integer_type)1, (boost::multiprecision::cpp_int_check_type)0, std::allocator<unsigned long long> > > const&)",0.03127932436659368,0.03127932436659368,1,2004008,2004008
"boost::multiprecision::backends::cpp_int_base<0ul, 18446744073709551615ul, (boost::multiprecision::cpp_integer_type)1, (boost::multiprecision::cpp_int_check_type)0, std::allocator<unsigned long long>, false>::resize(unsigned long, unsigned long) [clone .constprop.0]",0.03127932436659368,0.03127932436659368,1,2004008,2004008
"boost::multiprecision::backends::rational_adaptor<boost::multiprecision::backends::cpp_int_backend<0ul, 0ul, (boost::multiprecision::cpp_integer_type)1, (boost::multiprecision::cpp_int_check_type)0, std::allocator<unsigned long long> > >::rational_adaptor(boost::multiprecision::backends::rational_adaptor<boost::multiprecision::backends::cpp_int_backend<0ul, 0ul, (boost::multiprecision::cpp_integer_type)1, (boost::multiprecision::cpp_int_check_type)0, std::allocator<unsigned long long> > > const&)",0.03127932436659368,0.03127932436659368,1,2004008,2004008
"boost::multiprecision::backends::rational_adaptor<boost::multiprecision::backends::cpp_int_backend<0ul, 0ul, (boost::multiprecision::cpp_integer_type)1, (boost::multiprecision::cpp_int_check_type)0, std::allocator<unsigned long long> > >::rational_adaptor<long long>(long long const&, std::enable_if<std::is_constructible<boost::multiprecision::backends::cpp_int_backend<0ul, 0ul, (boost::multiprecision::cpp_integer_type)1, (boost::multiprecision::cpp_int_check_type)0, std::allocator<unsigned long long> >, long long>::value&&(!std::is_floating_point<long long>::value), void>::type const*)",0.03127932436659368,0.09383797309978105,1,2004008,6012024
clock_gettime@plt,0.03127932436659368,0.03127932436659368,1,2004008,2004008
memset@plt,0.03127932436659368,0.03127932436659368,1,2004008,2004008
operator new(unsigned long),0.03127932436659368,0.781983109164842,1,2004008,50100200
operator new(unsigned long)@plt,0.03127932436659368,0.03127932436659368,1,2004008,2004008
pthread_cond_wait@@GLIBC_2.3.2,0.03127932436659368,0.06255864873318737,1,2004008,4008016
"std::_Rb_tree<std::tuple<char, long, long>, std::tuple<char, long, long>, std::_Identity<std::tuple<char, long, long> >, std::less<std::tuple<char, long, long> >, std::allocator<std::tuple<char, long, long> > >::find(std::tuple<char, long, long> const&) const",0.03127932436659368,0.03127932436659368,1,2004008,2004008
std::_Rb_tree_increment(std::_Rb_tree_node_base*),0.03127932436659368,0.03127932436659368,1,2004008,2004008
"std::_Rb_tree_insert_and_rebalance(bool, std::_Rb_tree_node_base*, std::_Rb_tree_node_base*, std::_Rb_tree_node_base&)",0.03127932436659368,0.03127932436659368,1,2004008,2004008
"std::_Rb_tree_iterator<std::pair<long const, ParallelRoam::Algorithms::GreedyTransactionalLod::Point> > std::_Rb_tree<long, std::pair<long const, ParallelRoam::Algorithms::GreedyTransactionalLod::Point>, std::_Select1st<std::pair<long const, ParallelRoam::Algorithms::GreedyTransactionalLod::Point> >, std::less<long>, std::allocator<std::pair<long const, ParallelRoam::Algorithms::GreedyTransactionalLod::Point> > >::_M_emplace_hint_unique<long&, ParallelRoam::Algorithms::GreedyTransactionalLod::Point const&>(std::_Rb_tree_const_iterator<std::pair<long const, ParallelRoam::Algorithms::GreedyTransactionalLod::Point> >, long&, ParallelRoam::Algorithms::GreedyTransactionalLod::Point const&) [clone .isra.0]",0.03127932436659368,0.06255864873318737,1,2004008,4008016
"std::array<boost::multiprecision::number<boost::multiprecision::backends::rational_adaptor<boost::multiprecision::backends::cpp_int_backend<0ul, 0ul, (boost::multiprecision::cpp_integer_type)1, (boost::multiprecision::cpp_int_check_type)0, std::allocator<unsigned long long> > >, (boost::multiprecision::expression_template_option)1>, 2ul> ParallelRoam::Algorithms::GreedyTransactionalLod::QualityEvaluation::Coordinate<boost::multiprecision::number<boost::multiprecision::backends::rational_adaptor<boost::multiprecision::backends::cpp_int_backend<0ul, 0ul, (boost::multiprecision::cpp_integer_type)1, (boost::multiprecision::cpp_int_check_type)0, std::allocator<unsigned long long> > >, (boost::multiprecision::expression_template_option)1> >(std::array<boost::multiprecision::number<boost::multiprecision::backends::rational_adaptor<boost::multiprecision::backends::cpp_int_backend<0ul, 0ul, (boost::multiprecision::cpp_integer_type)1, (boost::multiprecision::cpp_int_check_type)0, std::allocator<unsigned long long> > >, (boost::multiprecision::expression_template_option)1>, 3ul> const&, ParallelRoam::Algorithms::GreedyTransactionalLod::Configuration const&, bool)",0.03127932436659368,0.781983109164842,1,2004008,50100200
"std::enable_if<!boost::multiprecision::backends::is_trivial_cpp_int<boost::multiprecision::backends::cpp_int_backend<0ul, 0ul, (boost::multiprecision::cpp_integer_type)1, (boost::multiprecision::cpp_int_check_type)0, std::allocator<unsigned long long> > >::value, void>::type boost::multiprecision::backends::eval_right_shift<0ul, 0ul, (boost::multiprecision::cpp_int_check_type)0, std::allocator<unsigned long long> >(boost::multiprecision::backends::cpp_int_backend<0ul, 0ul, (boost::multiprecision::cpp_integer_type)1, (boost::multiprecision::cpp_int_check_type)0, std::allocator<unsigned long long> >&, unsigned __int128)",0.03127932436659368,0.03127932436659368,1,2004008,2004008
"std::optional<ParallelRoam::Algorithms::GreedyTransactionalLod::QualityEvaluation::Interval> ParallelRoam::Algorithms::GreedyTransactionalLod::QualityEvaluation::ScreenPrepared<ParallelRoam::Algorithms::GreedyTransactionalLod::QualityEvaluation::Interval>(ParallelRoam::Algorithms::GreedyTransactionalLod::Configuration const&, std::array<ParallelRoam::Algorithms::GreedyTransactionalLod::QualityEvaluation::Interval, 3ul> const&, std::array<ParallelRoam::Algorithms::GreedyTransactionalLod::QualityEvaluation::Interval, 4ul> const&, ParallelRoam::Algorithms::GreedyTransactionalLod::QualityEvaluation::Interval const&)",0.03127932436659368,1.0009383797309979,1,2004008,64128256
"void boost::multiprecision::backends::eval_divide<boost::multiprecision::backends::cpp_int_backend<0ul, 0ul, (boost::multiprecision::cpp_integer_type)1, (boost::multiprecision::cpp_int_check_type)0, std::allocator<unsigned long long> > >(boost::multiprecision::backends::rational_adaptor<boost::multiprecision::backends::cpp_int_backend<0ul, 0ul, (boost::multiprecision::cpp_integer_type)1, (boost::multiprecision::cpp_int_check_type)0, std::allocator<unsigned long long> > >&, boost::multiprecision::backends::rational_adaptor<boost::multiprecision::backends::cpp_int_backend<0ul, 0ul, (boost::multiprecision::cpp_integer_type)1, (boost::multiprecision::cpp_int_check_type)0, std::allocator<unsigned long long> > > const&)",0.03127932436659368,0.8132624335314357,1,2004008,52104208
"void boost::multiprecision::backends::eval_divide<boost::multiprecision::backends::cpp_int_backend<0ul, 0ul, (boost::multiprecision::cpp_integer_type)1, (boost::multiprecision::cpp_int_check_type)0, std::allocator<unsigned long long> > >(boost::multiprecision::backends::rational_adaptor<boost::multiprecision::backends::cpp_int_backend<0ul, 0ul, (boost::multiprecision::cpp_integer_type)1, (boost::multiprecision::cpp_int_check_type)0, std::allocator<unsigned long long> > >&, boost::multiprecision::backends::rational_adaptor<boost::multiprecision::backends::cpp_int_backend<0ul, 0ul, (boost::multiprecision::cpp_integer_type)1, (boost::multiprecision::cpp_int_check_type)0, std::allocator<unsigned long long> > > const&, boost::multiprecision::backends::rational_adaptor<boost::multiprecision::backends::cpp_int_backend<0ul, 0ul, (boost::multiprecision::cpp_integer_type)1, (boost::multiprecision::cpp_int_check_type)0, std::allocator<unsigned long long> > > const&)",0.03127932436659368,0.03127932436659368,1,2004008,2004008
"void boost::multiprecision::backends::eval_multiply_imp<boost::multiprecision::backends::cpp_int_backend<0ul, 0ul, (boost::multiprecision::cpp_integer_type)1, (boost::multiprecision::cpp_int_check_type)0, std::allocator<unsigned long long> >, long long>(boost::multiprecision::backends::cpp_int_backend<0ul, 0ul, (boost::multiprecision::cpp_integer_type)1, (boost::multiprecision::cpp_int_check_type)0, std::allocator<unsigned long long> >&, boost::multiprecision::backends::cpp_int_backend<0ul, 0ul, (boost::multiprecision::cpp_integer_type)1, (boost::multiprecision::cpp_int_check_type)0, std::allocator<unsigned long long> >&, long long)",0.03127932436659368,0.03127932436659368,1,2004008,2004008
ParallelRoam::Algorithms::GreedyTransactionalLod::(anonymous namespace)::QualityWork::~QualityWork(),0.0,0.06255864873318737,0,0,4008016
ParallelRoam::Algorithms::GreedyTransactionalLod::CertifiedBatch::CertifiedBatch(ParallelRoam::Algorithms::GreedyTransactionalLod::CertifiedBatch const&),0.0,0.03127932436659368,0,0,2004008
"ParallelRoam::Algorithms::GreedyTransactionalLod::PreparedTopology::Geometry(ParallelRoam::Algorithms::GreedyTransactionalLod::TransactionalState const&, long) const",0.0,0.03127932436659368,0,0,2004008
ParallelRoam::Algorithms::GreedyTransactionalLod::Proposal::~Proposal(),0.0,0.03127932436659368,0,0,2004008
"ParallelRoam::Algorithms::GreedyTransactionalLod::QualityEvaluation::AddBinaryBounds(double, double, boost::multiprecision::number<boost::multiprecision::backends::cpp_int_backend<0ul, 0ul, (boost::multiprecision::cpp_integer_type)1, (boost::multiprecision::cpp_int_check_type)0, std::allocator<unsigned long long> >, (boost::multiprecision::expression_template_option)1>&, boost::multiprecision::number<boost::multiprecision::backends::cpp_int_backend<0ul, 0ul, (boost::multiprecision::cpp_integer_type)1, (boost::multiprecision::cpp_int_check_type)0, std::allocator<unsigned long long> >, (boost::multiprecision::expression_template_option)1>&)",0.0,0.06255864873318737,0,0,4008016
"ParallelRoam::Algorithms::GreedyTransactionalLod::QualityEvaluation::AddBounds(boost::multiprecision::number<boost::multiprecision::backends::rational_adaptor<boost::multiprecision::backends::cpp_int_backend<0ul, 0ul, (boost::multiprecision::cpp_integer_type)1, (boost::multiprecision::cpp_int_check_type)0, std::allocator<unsigned long long> > >, (boost::multiprecision::expression_template_option)1> const&, boost::multiprecision::number<boost::multiprecision::backends::rational_adaptor<boost::multiprecision::backends::cpp_int_backend<0ul, 0ul, (boost::multiprecision::cpp_integer_type)1, (boost::multiprecision::cpp_int_check_type)0, std::allocator<unsigned long long> > >, (boost::multiprecision::expression_template_option)1> const&, boost::multiprecision::number<boost::multiprecision::backends::cpp_int_backend<0ul, 0ul, (boost::multiprecision::cpp_integer_type)1, (boost::multiprecision::cpp_int_check_type)0, std::allocator<unsigned long long> >, (boost::multiprecision::expression_template_option)1>&, boost::multiprecision::number<boost::multiprecision::backends::cpp_int_backend<0ul, 0ul, (boost::multiprecision::cpp_integer_type)1, (boost::multiprecision::cpp_int_check_type)0, std::allocator<unsigned long long> >, (boost::multiprecision::expression_template_option)1>&)",0.0,0.12511729746637473,0,0,8016032
"ParallelRoam::Algorithms::GreedyTransactionalLod::QualityEvaluation::AddBounds(boost::multiprecision::number<boost::multiprecision::backends::rational_adaptor<boost::multiprecision::backends::cpp_int_backend<0ul, 0ul, (boost::multiprecision::cpp_integer_type)1, (boost::multiprecision::cpp_int_check_type)0, std::allocator<unsigned long long> > >, (boost::multiprecision::expression_template_option)1> const&, boost::multiprecision::number<boost::multiprecision::backends::rational_adaptor<boost::multiprecision::backends::cpp_int_backend<0ul, 0ul, (boost::multiprecision::cpp_integer_type)1, (boost::multiprecision::cpp_int_check_type)0, std::allocator<unsigned long long> > >, (boost::multiprecision::expression_template_option)1> const&, boost::multiprecision::number<boost::multiprecision::backends::cpp_int_backend<0ul, 0ul, (boost::multiprecision::cpp_integer_type)1, (boost::multiprecision::cpp_int_check_type)0, std::allocator<unsigned long long> >, (boost::multiprecision::expression_template_option)1>&, boost::multiprecision::number<boost::multiprecision::backends::cpp_int_backend<0ul, 0ul, (boost::multiprecision::cpp_integer_type)1, (boost::multiprecision::cpp_int_check_type)0, std::allocator<unsigned long long> >, (boost::multiprecision::expression_template_option)1>&)::{lambda(boost::multiprecision::number<boost::multiprecision::backends::rational_adaptor<boost::multiprecision::backends::cpp_int_backend<0ul, 0ul, (boost::multiprecision::cpp_integer_type)1, (boost::multiprecision::cpp_int_check_type)0, std::allocator<unsigned long long> > >, (boost::multiprecision::expression_template_option)1> const&)#1}::operator()(boost::multiprecision::number<boost::multiprecision::backends::rational_adaptor<boost::multiprecision::backends::cpp_int_backend<0ul, 0ul, (boost::multiprecision::cpp_integer_type)1, (boost::multiprecision::cpp_int_check_type)0, std::allocator<unsigned long long> > >, (boost::multiprecision::expression_template_option)1> const&) const [clone .isra.0]",0.0,0.03127932436659368,0,0,2004008
"ParallelRoam::Algorithms::GreedyTransactionalLod::QualityEvaluation::ExactError(ParallelRoam::Algorithms::GreedyTransactionalLod::TransactionalState const&, ParallelRoam::Algorithms::GreedyTransactionalLod::TransactionalSamples const&, unsigned int, ParallelRoam::Algorithms::GreedyTransactionalLod::Proposal const*, ParallelRoam::Algorithms::GreedyTransactionalLod::TransactionalProposalEvidence*, ParallelRoam::Algorithms::GreedyTransactionalLod::WorkLedger*)",0.0,3.8786362214576164,0,0,248496992
"ParallelRoam::Algorithms::GreedyTransactionalLod::QualityEvaluation::Faces(ParallelRoam::Algorithms::GreedyTransactionalLod::TransactionalState const&, ParallelRoam::Algorithms::GreedyTransactionalLod::Proposal const&, bool, bool)",0.0,0.1876759461995621,0,0,12024048
"ParallelRoam::Algorithms::GreedyTransactionalLod::TransactionalBoundaryRefinement::Certify[abi:cxx11](ParallelRoam::Algorithms::GreedyTransactionalLod::TransactionalState const&, ParallelRoam::Algorithms::GreedyTransactionalLod::TransactionalSamples const&, ParallelRoam::Algorithms::GreedyTransactionalLod::Proposal&, ParallelRoam::Algorithms::GreedyTransactionalLod::WorkLedger&)",0.0,1.0947763528307788,0,0,70140280
"ParallelRoam::Algorithms::GreedyTransactionalLod::TransactionalExecution::Run(std::__cxx11::basic_string<char, std::char_traits<char>, std::allocator<char> > const&, unsigned long, ParallelRoam::Algorithms::GreedyTransactionalLod::WorkLedger&, std::function<void (unsigned long, unsigned long, ParallelRoam::Algorithms::GreedyTransactionalLod::WorkLedger&)> const&) const",0.0,0.03127932436659368,0,0,2004008
"ParallelRoam::Algorithms::GreedyTransactionalLod::TransactionalFlipRecovery::FirstCertified(ParallelRoam::Algorithms::GreedyTransactionalLod::TransactionalState const&, ParallelRoam::Algorithms::GreedyTransactionalLod::TransactionalSamples const&, unsigned int, ParallelRoam::Algorithms::GreedyTransactionalLod::WorkLedger&, std::vector<std::pair<char, std::__cxx11::basic_string<char, std::char_traits<char>, std::allocator<char> > >, std::allocator<std::pair<char, std::__cxx11::basic_string<char, std::char_traits<char>, std::allocator<char> > > > >&)",0.0,0.8132624335314357,0,0,52104208
"ParallelRoam::Algorithms::GreedyTransactionalLod::TransactionalIdlePlanCache::Remember(ParallelRoam::Algorithms::GreedyTransactionalLod::TransactionalState const&, bool, ParallelRoam::Algorithms::GreedyTransactionalLod::CertifiedBatch const&, ParallelRoam::Algorithms::GreedyTransactionalLod::WorkLedger&)",0.0,0.03127932436659368,0,0,2004008
"ParallelRoam::Algorithms::GreedyTransactionalLod::TransactionalPipeline::Apply(ParallelRoam::Algorithms::GreedyTransactionalLod::CertifiedBatch const&, ParallelRoam::Algorithms::GreedyTransactionalLod::WorkLedger&)",0.0,1.0009383797309979,0,0,64128256
"ParallelRoam::Algorithms::GreedyTransactionalLod::TransactionalPipeline::SetView(ParallelRoam::Algorithms::GreedyTransactionalLod::Configuration const&, ParallelRoam::Algorithms::GreedyTransactionalLod::WorkLedger&)",0.0,1.18861432593056,0,0,76152304
ParallelRoam::Algorithms::GreedyTransactionalLod::TransactionalPipeline::Update(ParallelRoam::Algorithms::GreedyTransactionalLod::WorkLedger&),0.0,1.3137316233969347,0,0,84168336
"ParallelRoam::Algorithms::GreedyTransactionalLod::TransactionalPointwiseQuality::ValidateBatch(ParallelRoam::Algorithms::GreedyTransactionalLod::TransactionalState const&, ParallelRoam::Algorithms::GreedyTransactionalLod::TransactionalSamples const&, ParallelRoam::Algorithms::GreedyTransactionalLod::CertifiedBatch const&, ParallelRoam::Algorithms::GreedyTransactionalLod::WorkLedger&)",0.0,0.1876759461995621,0,0,12024048
"ParallelRoam::Algorithms::GreedyTransactionalLod::TransactionalPredicates::Contains(ParallelRoam::Algorithms::GreedyTransactionalLod::Point const&, ParallelRoam::Algorithms::GreedyTransactionalLod::Point const&, ParallelRoam::Algorithms::GreedyTransactionalLod::Point const&, ParallelRoam::Algorithms::GreedyTransactionalLod::Point const&)",0.0,0.03127932436659368,0,0,2004008
"ParallelRoam::Algorithms::GreedyTransactionalLod::TransactionalPredicates::Orientation(ParallelRoam::Algorithms::GreedyTransactionalLod::Point const&, ParallelRoam::Algorithms::GreedyTransactionalLod::Point const&, ParallelRoam::Algorithms::GreedyTransactionalLod::Point const&)",0.0,0.40663121676571784,0,0,26052104
"ParallelRoam::Algorithms::GreedyTransactionalLod::TransactionalProposalEvidence::TransactionalProposalEvidence(ParallelRoam::Algorithms::GreedyTransactionalLod::TransactionalSamples const&, ParallelRoam::Algorithms::GreedyTransactionalLod::Proposal const&, ParallelRoam::Algorithms::GreedyTransactionalLod::WorkLedger&)",0.0,0.06255864873318737,0,0,4008016
"ParallelRoam::Algorithms::GreedyTransactionalLod::TransactionalProposals::CertifyReceiver[abi:cxx11](ParallelRoam::Algorithms::GreedyTransactionalLod::TransactionalState const&, ParallelRoam::Algorithms::GreedyTransactionalLod::TransactionalSamples const&, ParallelRoam::Algorithms::GreedyTransactionalLod::Proposal&, ParallelRoam::Algorithms::GreedyTransactionalLod::WorkLedger&)",0.0,26.93149827963716,0,0,1725450888
"ParallelRoam::Algorithms::GreedyTransactionalLod::TransactionalProposals::Ring(ParallelRoam::Algorithms::GreedyTransactionalLod::TransactionalState const&, long)",0.0,0.09383797309978105,0,0,6012024
ParallelRoam::Algorithms::GreedyTransactionalLod::TransactionalQualitySampleEvidence::ExactClip(),0.0,1.6890835157960589,0,0,108216432
"ParallelRoam::Algorithms::GreedyTransactionalLod::TransactionalSamples::BoxCandidates(double, double, double, double, ParallelRoam::Algorithms::GreedyTransactionalLod::WorkLedger&) const",0.0,0.12511729746637473,0,0,8016032
"ParallelRoam::Algorithms::GreedyTransactionalLod::TransactionalSamples::Enumerate(std::array<ParallelRoam::Algorithms::GreedyTransactionalLod::Point, 3ul> const&, ParallelRoam::Algorithms::GreedyTransactionalLod::WorkLedger&) const",0.0,0.09383797309978105,0,0,6012024
"ParallelRoam::Algorithms::GreedyTransactionalLod::TransactionalSamples::Prefix(unsigned long, ParallelRoam::Algorithms::GreedyTransactionalLod::WorkLedger*) const",0.0,0.03127932436659368,0,0,2004008
"ParallelRoam::Algorithms::GreedyTransactionalLod::TransactionalSamples::StrictlyInside(unsigned int, ParallelRoam::Algorithms::GreedyTransactionalLod::Point const&, ParallelRoam::Algorithms::GreedyTransactionalLod::Point const&, ParallelRoam::Algorithms::GreedyTransactionalLod::Point const&) const",0.0,0.1563966218329684,0,0,10020040
"ParallelRoam::Algorithms::GreedyTransactionalLod::TransactionalTerrainLodAlgorithm::BuildRenderData(ParallelRoam::Algorithms::TerrainLodBuildInput const&, ParallelRoam::Algorithms::TerrainLodRenderPacket&, std::__cxx11::basic_string<char, std::char_traits<char>, std::allocator<char> >*)",0.0,2.5649045980606817,0,0,164328656
"ParallelRoam::Algorithms::GreedyTransactionalLod::TransactionalTerrainLodAlgorithm::Impl::Build(ParallelRoam::Algorithms::TerrainLodBuildInput const&, ParallelRoam::Algorithms::TerrainLodRenderPacket&, std::__cxx11::basic_string<char, std::char_traits<char>, std::allocator<char> >*)",0.0,2.5649045980606817,0,0,164328656
ParallelRoam::Algorithms::GreedyTransactionalLod::WorkLedger::CheckLimit() const,0.0,0.09383797309978105,0,0,6012024
"ParallelRoam::Benchmark::Experiment::RunExperimentCpu(int, char**)",0.0,2.5649045980606817,0,0,164328656
__GI___clone3,0.0,97.43509540193932,0,0,6242484920
__GI___futex_abstimed_wait_cancelable64,0.0,0.03127932436659368,0,0,2004008
__libc_start_call_main,0.0,2.5649045980606817,0,0,164328656
__libc_start_main@@GLIBC_2.34,0.0,2.5649045980606817,0,0,164328656
_start,0.0,2.5649045980606817,0,0,164328656
"auto ParallelRoam::Algorithms::GreedyTransactionalLod::TransactionalReservation::Plan(ParallelRoam::Algorithms::GreedyTransactionalLod::TransactionalState const&, ParallelRoam::Algorithms::GreedyTransactionalLod::TransactionalSamples const&, ParallelRoam::Algorithms::GreedyTransactionalLod::WorkLedger&, ParallelRoam::Algorithms::GreedyTransactionalLod::TransactionalExecution const&)::{lambda(auto:1, auto:2, ParallelRoam::Algorithms::GreedyTransactionalLod::WorkLedger&)#2}::operator()<unsigned long, unsigned long>(unsigned long, unsigned long, ParallelRoam::Algorithms::GreedyTransactionalLod::WorkLedger&) const",0.0,15.702220832030028,0,0,1006012016
"boost::multiprecision::number<boost::multiprecision::backends::rational_adaptor<boost::multiprecision::backends::cpp_int_backend<0ul, 0ul, (boost::multiprecision::cpp_integer_type)1, (boost::multiprecision::cpp_int_check_type)0, std::allocator<unsigned long long> > >, (boost::multiprecision::expression_template_option)1>::number<boost::multiprecision::detail::subtract_immediates, boost::multiprecision::number<boost::multiprecision::backends::rational_adaptor<boost::multiprecision::backends::cpp_int_backend<0ul, 0ul, (boost::multiprecision::cpp_integer_type)1, (boost::multiprecision::cpp_int_check_type)0, std::allocator<unsigned long long> > >, (boost::multiprecision::expression_template_option)1>, boost::multiprecision::number<boost::multiprecision::backends::rational_adaptor<boost::multiprecision::backends::cpp_int_backend<0ul, 0ul, (boost::multiprecision::cpp_integer_type)1, (boost::multiprecision::cpp_int_check_type)0, std::allocator<unsigned long long> > >, (boost::multiprecision::expression_template_option)1>, void, void>(boost::multiprecision::detail::expression<boost::multiprecision::detail::subtract_immediates, boost::multiprecision::number<boost::multiprecision::backends::rational_adaptor<boost::multiprecision::backends::cpp_int_backend<0ul, 0ul, (boost::multiprecision::cpp_integer_type)1, (boost::multiprecision::cpp_int_check_type)0, std::allocator<unsigned long long> > >, (boost::multiprecision::expression_template_option)1>, boost::multiprecision::number<boost::multiprecision::backends::rational_adaptor<boost::multiprecision::backends::cpp_int_backend<0ul, 0ul, (boost::multiprecision::cpp_integer_type)1, (boost::multiprecision::cpp_int_check_type)0, std::allocator<unsigned long long> > >, (boost::multiprecision::expression_template_option)1>, void, void> const&, std::enable_if<std::is_convertible<boost::multiprecision::detail::expression<boost::multiprecision::detail::subtract_immediates, boost::multiprecision::number<boost::multiprecision::backends::rational_adaptor<boost::multiprecision::backends::cpp_int_backend<0ul, 0ul, (boost::multiprecision::cpp_integer_type)1, (boost::multiprecision::cpp_int_check_type)0, std::allocator<unsigned long long> > >, (boost::multiprecision::expression_template_option)1>, boost::multiprecision::number<boost::multiprecision::backends::rational_adaptor<boost::multiprecision::backends::cpp_int_backend<0ul, 0ul, (boost::multiprecision::cpp_integer_type)1, (boost::multiprecision::cpp_int_check_type)0, std::allocator<unsigned long long> > >, (boost::multiprecision::expression_template_option)1>, void, void>::result_type, boost::multiprecision::number<boost::multiprecision::backends::rational_adaptor<boost::multiprecision::backends::cpp_int_backend<0ul, 0ul, (boost::multiprecision::cpp_integer_type)1, (boost::multiprecision::cpp_int_check_type)0, std::allocator<unsigned long long> > >, (boost::multiprecision::expression_template_option)1> >::value, void>::type*)",0.0,0.1563966218329684,0,0,10020040
start_thread,0.0,97.43509540193932,0,0,6242484920
"std::_Function_handler<void (), ParallelRoam::Tools::CpuThreadPool::ParallelFor(unsigned long, std::function<void (unsigned long)> const&)::{lambda()#1}>::_M_invoke(std::_Any_data const&)",0.0,97.27869878010635,0,0,6232464880
"std::_Function_handler<void (), ParallelRoam::Tools::CpuThreadPool::ParallelFor(unsigned long, std::function<void (unsigned long)> const&)::{lambda()#1}>::_M_manager(std::_Any_data&, std::_Any_data const&, std::_Manager_operation)",0.0,0.03127932436659368,0,0,2004008
"std::_Function_handler<void (unsigned long), ParallelRoam::Algorithms::GreedyTransactionalLod::TransactionalExecution::Run(std::__cxx11::basic_string<char, std::char_traits<char>, std::allocator<char> > const&, unsigned long, ParallelRoam::Algorithms::GreedyTransactionalLod::WorkLedger&, std::function<void (unsigned long, unsigned long, ParallelRoam::Algorithms::GreedyTransactionalLod::WorkLedger&)> const&) const::{lambda(unsigned long)#1}>::_M_invoke(std::_Any_data const&, unsigned long&&)",0.0,97.27869878010635,0,0,6232464880
"std::_Function_handler<void (unsigned long), ParallelRoam::Tools::CpuTaskExecutor::Dispatch(unsigned long, std::function<void (unsigned long)> const&)::{lambda(unsigned long)#1}>::_M_invoke(std::_Any_data const&, unsigned long&&)",0.0,97.27869878010635,0,0,6232464880
"std::_Rb_tree<std::tuple<char, long, long>, std::tuple<char, long, long>, std::_Identity<std::tuple<char, long, long> >, std::less<std::tuple<char, long, long> >, std::allocator<std::tuple<char, long, long> > >::_M_erase(std::_Rb_tree_node<std::tuple<char, long, long> >*) [clone .isra.0]",0.0,0.03127932436659368,0,0,2004008
"std::_Rb_tree<unsigned int, unsigned int, std::_Identity<unsigned int>, std::less<unsigned int>, std::allocator<unsigned int> >::_M_erase(std::_Rb_tree_node<unsigned int>*) [clone .isra.0]",0.0,0.03127932436659368,0,0,2004008
"std::_Rb_tree_node_base* std::_Rb_tree<long, std::pair<long const, ParallelRoam::Algorithms::GreedyTransactionalLod::Point>, std::_Select1st<std::pair<long const, ParallelRoam::Algorithms::GreedyTransactionalLod::Point> >, std::less<long>, std::allocator<std::pair<long const, ParallelRoam::Algorithms::GreedyTransactionalLod::Point> > >::_M_copy<false, std::_Rb_tree<long, std::pair<long const, ParallelRoam::Algorithms::GreedyTransactionalLod::Point>, std::_Select1st<std::pair<long const, ParallelRoam::Algorithms::GreedyTransactionalLod::Point> >, std::less<long>, std::allocator<std::pair<long const, ParallelRoam::Algorithms::GreedyTransactionalLod::Point> > >::_Reuse_or_alloc_node>(std::_Rb_tree_node<std::pair<long const, ParallelRoam::Algorithms::GreedyTransactionalLod::Point> >*, std::_Rb_tree_node_base*, std::_Rb_tree<long, std::pair<long const, ParallelRoam::Algorithms::GreedyTransactionalLod::Point>, std::_Select1st<std::pair<long const, ParallelRoam::Algorithms::GreedyTransactionalLod::Point> >, std::less<long>, std::allocator<std::pair<long const, ParallelRoam::Algorithms::GreedyTransactionalLod::Point> > >::_Reuse_or_alloc_node&) [clone .isra.0]",0.0,0.03127932436659368,0,0,2004008
"std::_Rb_tree_node_base* std::_Rb_tree<std::tuple<char, long, long>, std::tuple<char, long, long>, std::_Identity<std::tuple<char, long, long> >, std::less<std::tuple<char, long, long> >, std::allocator<std::tuple<char, long, long> > >::_M_copy<false, std::_Rb_tree<std::tuple<char, long, long>, std::tuple<char, long, long>, std::_Identity<std::tuple<char, long, long> >, std::less<std::tuple<char, long, long> >, std::allocator<std::tuple<char, long, long> > >::_Alloc_node>(std::_Rb_tree_node<std::tuple<char, long, long> >*, std::_Rb_tree_node_base*, std::_Rb_tree<std::tuple<char, long, long>, std::tuple<char, long, long>, std::_Identity<std::tuple<char, long, long> >, std::less<std::tuple<char, long, long> >, std::allocator<std::tuple<char, long, long> > >::_Alloc_node&) [clone .isra.0]",0.0,0.03127932436659368,0,0,2004008
std::_Sp_counted_base<(__gnu_cxx::_Lock_policy)2>::_M_release(),0.0,0.03127932436659368,0,0,2004008
"std::_Sp_counted_ptr_inplace<ParallelRoam::Algorithms::GreedyTransactionalLod::ProposalQualityCertificate, std::allocator<void>, (__gnu_cxx::_Lock_policy)2>::_M_dispose()",0.0,0.03127932436659368,0,0,2004008
"std::enable_if<std::is_convertible<boost::multiprecision::detail::expression<boost::multiprecision::detail::minus, boost::multiprecision::detail::expression<boost::multiprecision::detail::divide_immediates, boost::multiprecision::number<boost::multiprecision::backends::rational_adaptor<boost::multiprecision::backends::cpp_int_backend<0ul, 0ul, (boost::multiprecision::cpp_integer_type)1, (boost::multiprecision::cpp_int_check_type)0, std::allocator<unsigned long long> > >, (boost::multiprecision::expression_template_option)1>, boost::multiprecision::number<boost::multiprecision::backends::rational_adaptor<boost::multiprecision::backends::cpp_int_backend<0ul, 0ul, (boost::multiprecision::cpp_integer_type)1, (boost::multiprecision::cpp_int_check_type)0, std::allocator<unsigned long long> > >, (boost::multiprecision::expression_template_option)1>, void, void>, boost::multiprecision::detail::expression<boost::multiprecision::detail::divide_immediates, boost::multiprecision::number<boost::multiprecision::backends::rational_adaptor<boost::multiprecision::backends::cpp_int_backend<0ul, 0ul, (boost::multiprecision::cpp_integer_type)1, (boost::multiprecision::cpp_int_check_type)0, std::allocator<unsigned long long> > >, (boost::multiprecision::expression_template_option)1>, boost::multiprecision::number<boost::multiprecision::backends::rational_adaptor<boost::multiprecision::backends::cpp_int_backend<0ul, 0ul, (boost::multiprecision::cpp_integer_type)1, (boost::multiprecision::cpp_int_check_type)0, std::allocator<unsigned long long> > >, (boost::multiprecision::expression_template_option)1>, void, void>, void, void>::result_type, boost::multiprecision::number<boost::multiprecision::backends::rational_adaptor<boost::multiprecision::backends::cpp_int_backend<0ul, 0ul, (boost::multiprecision::cpp_integer_type)1, (boost::multiprecision::cpp_int_check_type)0, std::allocator<unsigned long long> > >, (boost::multiprecision::expression_template_option)1> >::value, boost::multiprecision::number<boost::multiprecision::backends::rational_adaptor<boost::multiprecision::backends::cpp_int_backend<0ul, 0ul, (boost::multiprecision::cpp_integer_type)1, (boost::multiprecision::cpp_int_check_type)0, std::allocator<unsigned long long> > >, (boost::multiprecision::expression_template_option)1>&>::type boost::multiprecision::number<boost::multiprecision::backends::rational_adaptor<boost::multiprecision::backends::cpp_int_backend<0ul, 0ul, (boost::multiprecision::cpp_integer_type)1, (boost::multiprecision::cpp_int_check_type)0, std::allocator<unsigned long long> > >, (boost::multiprecision::expression_template_option)1>::operator*=<boost::multiprecision::detail::minus, boost::multiprecision::detail::expression<boost::multiprecision::detail::divide_immediates, boost::multiprecision::number<boost::multiprecision::backends::rational_adaptor<boost::multiprecision::backends::cpp_int_backend<0ul, 0ul, (boost::multiprecision::cpp_integer_type)1, (boost::multiprecision::cpp_int_check_type)0, std::allocator<unsigned long long> > >, (boost::multiprecision::expression_template_option)1>, boost::multiprecision::number<boost::multiprecision::backends::rational_adaptor<boost::multiprecision::backends::cpp_int_backend<0ul, 0ul, (boost::multiprecision::cpp_integer_type)1, (boost::multiprecision::cpp_int_check_type)0, std::allocator<unsigned long long> > >, (boost::multiprecision::expression_template_option)1>, void, void>, boost::multiprecision::detail::expression<boost::multiprecision::detail::divide_immediates, boost::multiprecision::number<boost::multiprecision::backends::rational_adaptor<boost::multiprecision::backends::cpp_int_backend<0ul, 0ul, (boost::multiprecision::cpp_integer_type)1, (boost::multiprecision::cpp_int_check_type)0, std::allocator<unsigned long long> > >, (boost::multiprecision::expression_template_option)1>, boost::multiprecision::number<boost::multiprecision::backends::rational_adaptor<boost::multiprecision::backends::cpp_int_backend<0ul, 0ul, (boost::multiprecision::cpp_integer_type)1, (boost::multiprecision::cpp_int_check_type)0, std::allocator<unsigned long long> > >, (boost::multiprecision::expression_template_option)1>, void, void>, void, void>(boost::multiprecision::detail::expression<boost::multiprecision::detail::minus, boost::multiprecision::detail::expression<boost::multiprecision::detail::divide_immediates, boost::multiprecision::number<boost::multiprecision::backends::rational_adaptor<boost::multiprecision::backends::cpp_int_backend<0ul, 0ul, (boost::multiprecision::cpp_integer_type)1, (boost::multiprecision::cpp_int_check_type)0, std::allocator<unsigned long long> > >, (boost::multiprecision::expression_template_option)1>, boost::multiprecision::number<boost::multiprecision::backends::rational_adaptor<boost::multiprecision::backends::cpp_int_backend<0ul, 0ul, (boost::multiprecision::cpp_integer_type)1, (boost::multiprecision::cpp_int_check_type)0, std::allocator<unsigned long long> > >, (boost::multiprecision::expression_template_option)1>, void, void>, boost::multiprecision::detail::expression<boost::multiprecision::detail::divide_immediates, boost::multiprecision::number<boost::multiprecision::backends::rational_adaptor<boost::multiprecision::backends::cpp_int_backend<0ul, 0ul, (boost::multiprecision::cpp_integer_type)1, (boost::multiprecision::cpp_int_check_type)0, std::allocator<unsigned long long> > >, (boost::multiprecision::expression_template_option)1>, boost::multiprecision::number<boost::multiprecision::backends::rational_adaptor<boost::multiprecision::backends::cpp_int_backend<0ul, 0ul, (boost::multiprecision::cpp_integer_type)1, (boost::multiprecision::cpp_int_check_type)0, std::allocator<unsigned long long> > >, (boost::multiprecision::expression_template_option)1>, void, void>, void, void> const&) [clone .isra.0]",0.0,0.3753518923991242,0,0,24048096
"std::enable_if<std::is_convertible<long long, boost::multiprecision::backends::cpp_int_backend<0ul, 0ul, (boost::multiprecision::cpp_integer_type)1, (boost::multiprecision::cpp_int_check_type)0, std::allocator<unsigned long long> > >::value&&std::is_integral<long long>::value, void>::type boost::multiprecision::backends::eval_divide<boost::multiprecision::backends::cpp_int_backend<0ul, 0ul, (boost::multiprecision::cpp_integer_type)1, (boost::multiprecision::cpp_int_check_type)0, std::allocator<unsigned long long> >, long long>(boost::multiprecision::backends::rational_adaptor<boost::multiprecision::backends::cpp_int_backend<0ul, 0ul, (boost::multiprecision::cpp_integer_type)1, (boost::multiprecision::cpp_int_check_type)0, std::allocator<unsigned long long> > >&, long long)",0.0,0.09383797309978105,0,0,6012024
"std::enable_if<std::is_convertible<long long, boost::multiprecision::backends::cpp_int_backend<0ul, 0ul, (boost::multiprecision::cpp_integer_type)1, (boost::multiprecision::cpp_int_check_type)0, std::allocator<unsigned long long> > >::value&&std::is_integral<long long>::value, void>::type boost::multiprecision::backends::eval_multiply_imp<boost::multiprecision::backends::cpp_int_backend<0ul, 0ul, (boost::multiprecision::cpp_integer_type)1, (boost::multiprecision::cpp_int_check_type)0, std::allocator<unsigned long long> >, long long>(boost::multiprecision::backends::rational_adaptor<boost::multiprecision::backends::cpp_int_backend<0ul, 0ul, (boost::multiprecision::cpp_integer_type)1, (boost::multiprecision::cpp_int_check_type)0, std::allocator<unsigned long long> > >&, boost::multiprecision::backends::cpp_int_backend<0ul, 0ul, (boost::multiprecision::cpp_integer_type)1, (boost::multiprecision::cpp_int_check_type)0, std::allocator<unsigned long long> > const&, boost::multiprecision::backends::cpp_int_backend<0ul, 0ul, (boost::multiprecision::cpp_integer_type)1, (boost::multiprecision::cpp_int_check_type)0, std::allocator<unsigned long long> > const&, long long)",0.0,0.03127932436659368,0,0,2004008
"std::optional<boost::multiprecision::number<boost::multiprecision::backends::rational_adaptor<boost::multiprecision::backends::cpp_int_backend<0ul, 0ul, (boost::multiprecision::cpp_integer_type)1, (boost::multiprecision::cpp_int_check_type)0, std::allocator<unsigned long long> > >, (boost::multiprecision::expression_template_option)1> > ParallelRoam::Algorithms::GreedyTransactionalLod::QualityEvaluation::ScreenPrepared<boost::multiprecision::number<boost::multiprecision::backends::rational_adaptor<boost::multiprecision::backends::cpp_int_backend<0ul, 0ul, (boost::multiprecision::cpp_integer_type)1, (boost::multiprecision::cpp_int_check_type)0, std::allocator<unsigned long long> > >, (boost::multiprecision::expression_template_option)1> >(ParallelRoam::Algorithms::GreedyTransactionalLod::Configuration const&, std::array<boost::multiprecision::number<boost::multiprecision::backends::rational_adaptor<boost::multiprecision::backends::cpp_int_backend<0ul, 0ul, (boost::multiprecision::cpp_integer_type)1, (boost::multiprecision::cpp_int_check_type)0, std::allocator<unsigned long long> > >, (boost::multiprecision::expression_template_option)1>, 3ul> const&, std::array<boost::multiprecision::number<boost::multiprecision::backends::rational_adaptor<boost::multiprecision::backends::cpp_int_backend<0ul, 0ul, (boost::multiprecision::cpp_integer_type)1, (boost::multiprecision::cpp_int_check_type)0, std::allocator<unsigned long long> > >, (boost::multiprecision::expression_template_option)1>, 4ul> const&, boost::multiprecision::number<boost::multiprecision::backends::rational_adaptor<boost::multiprecision::backends::cpp_int_backend<0ul, 0ul, (boost::multiprecision::cpp_integer_type)1, (boost::multiprecision::cpp_int_check_type)0, std::allocator<unsigned long long> > >, (boost::multiprecision::expression_template_option)1> const&)",0.0,3.9411948701908037,0,0,252505008
"void boost::multiprecision::number<boost::multiprecision::backends::rational_adaptor<boost::multiprecision::backends::cpp_int_backend<0ul, 0ul, (boost::multiprecision::cpp_integer_type)1, (boost::multiprecision::cpp_int_check_type)0, std::allocator<unsigned long long> > >, (boost::multiprecision::expression_template_option)1>::do_assign<boost::multiprecision::detail::expression<boost::multiprecision::detail::minus, boost::multiprecision::detail::expression<boost::multiprecision::detail::divide_immediates, boost::multiprecision::number<boost::multiprecision::backends::rational_adaptor<boost::multiprecision::backends::cpp_int_backend<0ul, 0ul, (boost::multiprecision::cpp_integer_type)1, (boost::multiprecision::cpp_int_check_type)0, std::allocator<unsigned long long> > >, (boost::multiprecision::expression_template_option)1>, boost::multiprecision::number<boost::multiprecision::backends::rational_adaptor<boost::multiprecision::backends::cpp_int_backend<0ul, 0ul, (boost::multiprecision::cpp_integer_type)1, (boost::multiprecision::cpp_int_check_type)0, std::allocator<unsigned long long> > >, (boost::multiprecision::expression_template_option)1>, void, void>, boost::multiprecision::detail::expression<boost::multiprecision::detail::divide_immediates, boost::multiprecision::number<boost::multiprecision::backends::rational_adaptor<boost::multiprecision::backends::cpp_int_backend<0ul, 0ul, (boost::multiprecision::cpp_integer_type)1, (boost::multiprecision::cpp_int_check_type)0, std::allocator<unsigned long long> > >, (boost::multiprecision::expression_template_option)1>, boost::multiprecision::number<boost::multiprecision::backends::rational_adaptor<boost::multiprecision::backends::cpp_int_backend<0ul, 0ul, (boost::multiprecision::cpp_integer_type)1, (boost::multiprecision::cpp_int_check_type)0, std::allocator<unsigned long long> > >, (boost::multiprecision::expression_template_option)1>, void, void>, void, void> >(boost::multiprecision::detail::expression<boost::multiprecision::detail::minus, boost::multiprecision::detail::expression<boost::multiprecision::detail::divide_immediates, boost::multiprecision::number<boost::multiprecision::backends::rational_adaptor<boost::multiprecision::backends::cpp_int_backend<0ul, 0ul, (boost::multiprecision::cpp_integer_type)1, (boost::multiprecision::cpp_int_check_type)0, std::allocator<unsigned long long> > >, (boost::multiprecision::expression_template_option)1>, boost::multiprecision::number<boost::multiprecision::backends::rational_adaptor<boost::multiprecision::backends::cpp_int_backend<0ul, 0ul, (boost::multiprecision::cpp_integer_type)1, (boost::multiprecision::cpp_int_check_type)0, std::allocator<unsigned long long> > >, (boost::multiprecision::expression_template_option)1>, void, void>, boost::multiprecision::detail::expression<boost::multiprecision::detail::divide_immediates, boost::multiprecision::number<boost::multiprecision::backends::rational_adaptor<boost::multiprecision::backends::cpp_int_backend<0ul, 0ul, (boost::multiprecision::cpp_integer_type)1, (boost::multiprecision::cpp_int_check_type)0, std::allocator<unsigned long long> > >, (boost::multiprecision::expression_template_option)1>, boost::multiprecision::number<boost::multiprecision::backends::rational_adaptor<boost::multiprecision::backends::cpp_int_backend<0ul, 0ul, (boost::multiprecision::cpp_integer_type)1, (boost::multiprecision::cpp_int_check_type)0, std::allocator<unsigned long long> > >, (boost::multiprecision::expression_template_option)1>, void, void>, void, void> const&, boost::multiprecision::detail::minus const&) [clone .isra.0]",0.0,0.25023459493274947,0,0,16032064
"void boost::multiprecision::number<boost::multiprecision::backends::rational_adaptor<boost::multiprecision::backends::cpp_int_backend<0ul, 0ul, (boost::multiprecision::cpp_integer_type)1, (boost::multiprecision::cpp_int_check_type)0, std::allocator<unsigned long long> > >, (boost::multiprecision::expression_template_option)1>::do_assign<boost::multiprecision::detail::expression<boost::multiprecision::detail::plus, boost::multiprecision::detail::expression<boost::multiprecision::detail::multiply_immediates, boost::multiprecision::number<boost::multiprecision::backends::rational_adaptor<boost::multiprecision::backends::cpp_int_backend<0ul, 0ul, (boost::multiprecision::cpp_integer_type)1, (boost::multiprecision::cpp_int_check_type)0, std::allocator<unsigned long long> > >, (boost::multiprecision::expression_template_option)1>, boost::multiprecision::number<boost::multiprecision::backends::rational_adaptor<boost::multiprecision::backends::cpp_int_backend<0ul, 0ul, (boost::multiprecision::cpp_integer_type)1, (boost::multiprecision::cpp_int_check_type)0, std::allocator<unsigned long long> > >, (boost::multiprecision::expression_template_option)1>, void, void>, boost::multiprecision::detail::expression<boost::multiprecision::detail::multiply_immediates, boost::multiprecision::number<boost::multiprecision::backends::rational_adaptor<boost::multiprecision::backends::cpp_int_backend<0ul, 0ul, (boost::multiprecision::cpp_integer_type)1, (boost::multiprecision::cpp_int_check_type)0, std::allocator<unsigned long long> > >, (boost::multiprecision::expression_template_option)1>, boost::multiprecision::number<boost::multiprecision::backends::rational_adaptor<boost::multiprecision::backends::cpp_int_backend<0ul, 0ul, (boost::multiprecision::cpp_integer_type)1, (boost::multiprecision::cpp_int_check_type)0, std::allocator<unsigned long long> > >, (boost::multiprecision::expression_template_option)1>, void, void>, void, void> >(boost::multiprecision::detail::expression<boost::multiprecision::detail::plus, boost::multiprecision::detail::expression<boost::multiprecision::detail::multiply_immediates, boost::multiprecision::number<boost::multiprecision::backends::rational_adaptor<boost::multiprecision::backends::cpp_int_backend<0ul, 0ul, (boost::multiprecision::cpp_integer_type)1, (boost::multiprecision::cpp_int_check_type)0, std::allocator<unsigned long long> > >, (boost::multiprecision::expression_template_option)1>, boost::multiprecision::number<boost::multiprecision::backends::rational_adaptor<boost::multiprecision::backends::cpp_int_backend<0ul, 0ul, (boost::multiprecision::cpp_integer_type)1, (boost::multiprecision::cpp_int_check_type)0, std::allocator<unsigned long long> > >, (boost::multiprecision::expression_template_option)1>, void, void>, boost::multiprecision::detail::expression<boost::multiprecision::detail::multiply_immediates, boost::multiprecision::number<boost::multiprecision::backends::rational_adaptor<boost::multiprecision::backends::cpp_int_backend<0ul, 0ul, (boost::multiprecision::cpp_integer_type)1, (boost::multiprecision::cpp_int_check_type)0, std::allocator<unsigned long long> > >, (boost::multiprecision::expression_template_option)1>, boost::multiprecision::number<boost::multiprecision::backends::rational_adaptor<boost::multiprecision::backends::cpp_int_backend<0ul, 0ul, (boost::multiprecision::cpp_integer_type)1, (boost::multiprecision::cpp_int_check_type)0, std::allocator<unsigned long long> > >, (boost::multiprecision::expression_template_option)1>, void, void>, void, void> const&, boost::multiprecision::detail::plus const&) [clone .isra.0]",0.0,0.21895527056615577,0,0,14028056
