case,arm,frame,warmup,hash,faces,raw,examined,receivers,need,feasible,exchanges,free,pairs,conflicts,cpuMs,viewMs,receiverMs,donorMs,reservationMs,sampleRepairMs
peking547-b50000-transactional-t8,A,0,1,3805711762675721310,49999,49999,160,158,157,157,68,1,19528,13375,1981.868896484375,0,14.754700000000001,12.843300000000001,228.56019999999998,43.084200000000003
peking547-b50000-transactional-t8,A,1,1,7209040192483471818,49999,49999,160,144,144,144,43,0,18543,14966,251.79620361328125,0,9.5019000000000009,15.1107,188.30019999999999,27.477
peking547-b50000-transactional-t8,A,2,1,11420149051358100293,49999,49999,160,118,118,118,45,0,13804,10751,213.89669799804688,0,7.2497000000000007,9.8384,160.6952,25.159800000000001
peking547-b50000-transactional-t8,A,3,0,17332888890369687950,49999,49999,160,91,91,91,34,0,10138,8246,130.3291015625,18.900500000000001,5.9199999999999999,10.880700000000001,72.881299999999996,15.519299999999999
peking547-b50000-transactional-t8,A,4,0,1328328734746967374,49999,49999,160,98,98,98,32,0,11969,9236,252.65950012207031,20.9541,36.5518,3.9255,165.9289,14.336599999999999
peking547-b50000-transactional-t8,A,5,0,16183272569974334617,49999,49997,160,82,82,82,33,0,9147,6991,120.80339813232422,22.338100000000001,8.5395000000000003,2.3266,66.520200000000003,14.827999999999999
peking547-b50000-transactional-t8,A,6,0,13080616458296354483,50000,49996,160,97,96,96,33,1,11269,8890,189.93739318847656,21.141299999999998,33.749699999999997,2.4756,96.950499999999991,24.778299999999998
peking547-b50000-transactional-t8,A,7,0,8827344590481259768,49998,49993,160,110,110,110,45,0,11435,8878,229.82020568847656,19.9148,61.777100000000004,0.72699999999999998,103.8279,33.805799999999998
peking547-b50000-transactional-t8,A,8,0,17203651746897968131,49998,49974,160,90,89,89,37,0,9030,7458,152.37480163574219,16.976499999999998,43.127699999999997,1.0826,63.042000000000002,21.115499999999997
peking547-b50000-transactional-t8,A,9,0,14835758047764188834,49999,49317,160,93,91,91,36,1,9701,8083,140.62469482421875,18.404400000000003,37.524099999999997,1.0403,61.301700000000004,16.233699999999999
peking547-b50000-transactional-t8,A,10,0,14248386253349766156,50000,49388,160,82,81,81,37,1,7851,6138,152.07069396972656,21.8552,28.769500000000001,1.8818000000000001,65.133700000000005,24.388500000000001
peking547-b50000-transactional-t8,A,11,0,1740392312782060271,50000,49457,160,72,72,72,28,0,7790,6552,124.81870269775391,21.060200000000002,24.8581,1.4212,60.917999999999999,10.588900000000001
peking547-b50000-transactional-t8,A,12,0,12646444761382194403,50000,46948,160,83,83,83,38,0,8793,6662,123.19219970703125,19.9133,15.1165,1.4332,70.100899999999996,10.983400000000001
peking547-b50000-transactional-t8,A,13,0,6767076249260756038,50000,46657,160,93,93,93,38,0,10993,8900,143.46000671386719,22.278300000000002,10.4345,2.0754999999999999,89.624400000000009,11.719999999999999
peking547-b50000-transactional-t8,A,14,0,917218044826161383,49999,49952,160,94,94,94,31,0,10576,8978,107.34190368652344,18.819300000000002,10.417900000000001,0.95109999999999995,58.830599999999997,13.263300000000001
peking547-b50000-transactional-t8,A,15,0,13811081599591657479,50000,49990,160,85,84,84,32,1,8848,7509,102.05750274658203,20.218300000000003,15.7479,1.3385,45.820999999999998,12.8964
peking547-b50000-transactional-t8,A,16,0,711847779908362842,50000,49926,160,65,65,65,23,0,7898,2997,57.010501861572266,18.468299999999999,3.5119000000000002,1.7264999999999999,24.465299999999999,5.8012999999999995
peking547-b50000-transactional-t8,A,17,0,7771189203060024934,50000,49939,160,56,56,56,18,0,6740,2322,29.530099868774414,0,3.2732999999999999,1.7306000000000001,17.1966,4.6058000000000003
peking547-b50000-transactional-t8,A,18,0,16675559662093046524,50000,49936,160,53,53,53,15,0,6708,2207,27.988500595092773,0,3.6320999999999999,2.2751000000000001,15.3142,4.2322999999999995
peking547-b50000-transactional-t8,A,19,0,7138783252807627312,50000,49934,160,47,47,47,14,0,5895,1850,25.408199310302734,0,4.4645999999999999,2.8118000000000003,12.0158,3.8532000000000002
peking547-b50000-transactional-t8,A,20,0,163039727798115317,50000,49933,160,46,46,46,16,0,5575,1684,22.406499862670898,0,3.6556000000000002,2.1316999999999999,9.9612999999999996,4.3658999999999999
peking547-b50000-transactional-t8,A,21,0,4927780767266208960,50000,49922,160,44,44,44,15,0,5599,1276,19.827400207519531,0,3.214,2.1808999999999998,8.2836999999999996,3.8195000000000001
peking547-b50000-transactional-t8,A,22,0,6400195486204045104,50000,49912,160,42,42,42,19,0,5098,1067,20.790899276733398,0,4.0118999999999998,2.5364,7.4412000000000003,4.3446999999999996
peking547-b50000-transactional-t8,A,23,0,15216371150959151512,50000,49907,160,36,36,36,15,0,4436,711,16.606000900268555,0,3.2770999999999999,2.4658000000000002,4.7183000000000002,4.0423999999999998
peking547-b50000-transactional-t8,B,0,1,18435347681902994536,49999,0,0,0,0,0,0,0,0,0,1296.0067138671875,0,0,0,9.9999999999999991e-05,0
peking547-b50000-transactional-t8,B,1,1,18435347681902994536,49999,0,0,0,0,0,0,0,0,0,0.04830000177025795,0,0,0,0.00019999999999999998,0
peking547-b50000-transactional-t8,B,2,1,18435347681902994536,49999,0,0,0,0,0,0,0,0,0,0.038499999791383743,0,0,0,0,0
peking547-b50000-transactional-t8,B,3,0,18435347681902994536,49999,0,0,0,0,0,0,0,0,0,15.89840030670166,15.837899999999998,0,0,0,0
peking547-b50000-transactional-t8,B,4,0,18435347681902994536,49999,0,0,0,0,0,0,0,0,0,14.358799934387207,14.3012,0,0,0.00029999999999999997,0
peking547-b50000-transactional-t8,B,5,0,18435347681902994536,49999,0,0,0,0,0,0,0,0,0,14.806599617004395,14.767000000000001,0,0,9.9999999999999991e-05,0
peking547-b50000-transactional-t8,B,6,0,4734093784330072220,50000,13,13,11,10,10,4,1,975,927,111.81559753417969,14.4565,53.875799999999998,30.2712,4.2040999999999995,5.0785999999999998
peking547-b50000-transactional-t8,B,7,0,12965885051517280896,49998,20,20,15,15,15,6,0,1461,1397,181.39950561523438,15.2035,135.6849,16.412599999999998,4.8361999999999998,5.5983999999999998
peking547-b50000-transactional-t8,B,8,0,10984907524584507875,49999,30,30,24,23,23,8,1,2436,2339,144.90859985351562,15.743299999999998,95.722199999999987,17.007100000000001,8.5576000000000008,4.7917000000000005
peking547-b50000-transactional-t8,B,9,0,17682959795489002766,49999,47,47,35,35,35,16,0,3176,2946,102.64140319824219,15.063699999999999,47.849500000000006,17.758400000000002,11.439500000000001,6.4729999999999999
peking547-b50000-transactional-t8,B,10,0,8992825193713718238,49999,59,59,43,43,43,20,0,3967,3498,130.5509033203125,15.272499999999999,61.366700000000002,18.370200000000001,23.805599999999998,7.218
peking547-b50000-transactional-t8,B,11,0,14335798866383347301,49999,117,117,94,94,94,34,0,11099,9254,234.15789794921875,15.0421,74.5501,26.446000000000002,100.0213,10.710000000000001
peking547-b50000-transactional-t8,B,12,0,6101656200944087347,50000,194,160,113,112,112,41,1,13227,10032,294.622314453125,15.3423,96.737000000000009,29.151,133.7055,11.0686
peking547-b50000-transactional-t8,B,13,0,53286542649468526,50000,279,160,116,116,116,42,0,14411,11426,373.73001098632812,13.9665,96.481700000000004,38.6233,201.6403,11.615500000000001
peking547-b50000-transactional-t8,B,14,0,17662761484254605583,49999,217,160,103,103,103,34,0,11635,9835,246.79510498046875,17.069600000000001,94.845200000000006,27.084600000000002,89.779300000000006,9.3381000000000007
peking547-b50000-transactional-t8,B,15,0,12281327372140033769,49999,176,160,88,88,88,37,0,8863,7193,280.10760498046875,18.306800000000003,117.84310000000001,25.571300000000001,91.583300000000008,15.370800000000001
peking547-b50000-transactional-t8,B,16,0,12281327372140033769,49999,0,0,0,0,0,0,0,0,0,17.943199157714844,17.883500000000002,0,0,0.00019999999999999998,0
peking547-b50000-transactional-t8,B,17,0,12281327372140033769,49999,0,0,0,0,0,0,0,0,0,0.037999998778104782,0,0,0,9.9999999999999991e-05,0
peking547-b50000-transactional-t8,B,18,0,12281327372140033769,49999,0,0,0,0,0,0,0,0,0,0.029899999499320984,0,0,0,9.9999999999999991e-05,0
peking547-b50000-transactional-t8,B,19,0,12281327372140033769,49999,0,0,0,0,0,0,0,0,0,0.0348999984562397,0,0,0,0.00019999999999999998,0
peking547-b50000-transactional-t8,B,20,0,12281327372140033769,49999,0,0,0,0,0,0,0,0,0,0.036200001835823059,0,0,0,9.9999999999999991e-05,0
peking547-b50000-transactional-t8,B,21,0,12281327372140033769,49999,0,0,0,0,0,0,0,0,0,0.03060000017285347,0,0,0,0.00019999999999999998,0
peking547-b50000-transactional-t8,B,22,0,12281327372140033769,49999,0,0,0,0,0,0,0,0,0,0.031300000846385956,0,0,0,0.00029999999999999997,0
peking547-b50000-transactional-t8,B,23,0,12281327372140033769,49999,0,0,0,0,0,0,0,0,0,0.032099999487400055,0,0,0,0,0
dem-sierra-b50000-transactional-t8,A,0,1,5305138329485053124,8798,133,133,3,0,0,0,3,0,0,1482.1368408203125,0,2.8083999999999998,0,0.045599999999999995,1.9510000000000001
dem-sierra-b50000-transactional-t8,A,1,1,8759561262206501565,8832,159,159,32,0,0,0,17,0,15,52.11309814453125,11.0358,23.7773,0,0.25259999999999999,15.414400000000001
dem-sierra-b50000-transactional-t8,A,2,1,9394699739884347641,8898,197,160,62,0,0,0,33,0,29,70.083000183105469,11.865499999999999,24.4635,0,0.54469999999999996,28.790300000000002
dem-sierra-b50000-transactional-t8,A,3,0,17407058731087784549,8950,222,160,48,0,0,0,26,0,22,51.151298522949219,10.715400000000001,17.133099999999999,0,0.40810000000000002,20.795500000000001
dem-sierra-b50000-transactional-t8,A,4,0,6619242387089707745,9002,253,160,46,0,0,0,26,0,20,49.723098754882812,10.587299999999999,15.6981,0,0.3881,21.017800000000001
dem-sierra-b50000-transactional-t8,A,5,0,16274208349493795247,9062,310,160,48,0,0,0,30,0,18,56.356700897216797,12.295800000000002,14.827399999999999,0,0.5716,25.7912
dem-sierra-b50000-transactional-t8,A,6,0,2869462548360957776,9122,426,160,52,0,0,0,30,0,22,57.582901000976562,10.527699999999999,17.020500000000002,0,0.5374000000000001,27.2821
dem-sierra-b50000-transactional-t8,A,7,0,3477097270881706693,9178,566,160,52,0,0,0,28,0,24,54.794998168945312,11.3011,14.8163,0,0.45150000000000001,25.770299999999999
dem-sierra-b50000-transactional-t8,A,8,0,10298858620613349275,9242,751,160,52,0,0,0,32,0,20,59.129299163818359,10.305200000000001,17.816100000000002,0,0.51190000000000002,27.816600000000001
dem-sierra-b50000-transactional-t8,A,9,0,8698947865213822268,9296,980,160,39,0,0,0,27,0,12,58.881301879882812,12.393800000000001,17.182099999999998,0,0.44550000000000001,25.197700000000001
dem-sierra-b50000-transactional-t8,A,10,0,6053817842546667659,9364,1239,160,50,0,0,0,34,0,16,55.665199279785156,10.4063,15.0124,0,0.49830000000000002,27.225899999999999
dem-sierra-b50000-transactional-t8,A,11,0,8348553625305181483,9422,1508,160,48,0,0,0,29,0,19,58.8656005859375,10.7517,15.861500000000001,0,0.53459999999999996,29.227599999999999
dem-sierra-b50000-transactional-t8,A,12,0,17531335403152919565,9492,1810,160,58,0,0,0,35,0,23,74.367599487304688,11.6899,21.979900000000001,0,0.74750000000000005,35.631
dem-sierra-b50000-transactional-t8,A,13,0,9720464445473056092,9560,2122,160,52,0,0,0,34,0,18,60.623298645019531,11.369,17.237200000000001,0,0.63849999999999996,28.650400000000001
dem-sierra-b50000-transactional-t8,A,14,0,2438386667276742056,9632,2447,160,49,0,0,0,36,0,13,67.366897583007812,10.610899999999999,17.1707,0,0.80779999999999996,33.584200000000003
dem-sierra-b50000-transactional-t8,A,15,0,1113469081380844289,9696,2823,160,46,0,0,0,32,0,14,70.224296569824219,11.729800000000001,18.2532,0,0.54459999999999997,35.747300000000003
dem-sierra-b50000-transactional-t8,A,16,0,3506862981551241329,9752,3211,160,40,0,0,0,28,0,12,56.795600891113281,13.0966,14.837400000000001,0,0.41089999999999999,26.027999999999999
dem-sierra-b50000-transactional-t8,A,17,0,4521841849211612418,9806,3618,160,45,0,0,0,27,0,18,68.160797119140625,11.0755,24.648599999999998,0,0.44270000000000004,27.727899999999998
dem-sierra-b50000-transactional-t8,A,18,0,6993578215316417499,9852,4012,160,34,0,0,0,23,0,11,57.49530029296875,11.2737,19.677500000000002,0,0.47459999999999997,21.993300000000001
dem-sierra-b50000-transactional-t8,A,19,0,2518489804852806926,9908,4498,160,42,0,0,0,28,0,14,58.161800384521484,13.123100000000001,16.996700000000001,0,0.53839999999999999,23.584
dem-sierra-b50000-transactional-t8,A,20,0,11868502945554538527,9976,4960,160,53,0,0,0,34,0,19,70.972198486328125,11.1465,20.825699999999998,0,0.57490000000000008,34.431799999999996
dem-sierra-b50000-transactional-t8,A,21,0,7867423000488726796,10058,5343,160,63,0,0,0,41,0,22,76.891098022460938,12.0998,19.616700000000002,0,0.64550000000000007,40.918599999999998
dem-sierra-b50000-transactional-t8,A,22,0,10165321249746922629,10118,5736,160,45,0,0,0,30,0,15,58.684799194335938,9.6334,17.447500000000002,0,0.67749999999999999,27.888999999999999
dem-sierra-b50000-transactional-t8,A,23,0,16338474729896525457,10186,6134,160,55,0,0,0,34,0,21,70.124099731445312,9.8429000000000002,20.991599999999998,0,0.63500000000000001,35.0687
dem-sierra-b50000-transactional-t8,A,24,0,15092881182931204721,10262,6499,160,62,0,0,0,38,0,24,71.6802978515625,11.0403,21.4527,0,0.60850000000000004,34.994200000000006
dem-sierra-b50000-transactional-t8,A,25,0,2740230520218199232,10346,6847,160,64,0,0,0,42,0,22,83.075202941894531,10.744899999999999,20.829799999999999,0,0.8579,42.949599999999997
dem-sierra-b50000-transactional-t8,A,26,0,15221320762055626208,10430,7214,160,64,0,0,0,42,0,22,81.210899353027344,9.3304000000000009,22.262899999999998,0,0.76480000000000004,44.291900000000005
dem-sierra-b50000-transactional-t8,A,27,0,9301861881189384629,10514,7536,160,62,0,0,0,42,0,20,80.4906005859375,10.1739,24.067499999999999,0,0.64319999999999999,42.073699999999995
dem-sierra-b50000-transactional-t8,A,28,0,3911572653131096055,10582,7783,160,50,0,0,0,34,0,16,74.031303405761719,9.8407999999999998,26.4633,0,0.51000000000000001,33.751799999999996
dem-sierra-b50000-transactional-t8,A,29,0,6142215947851667113,10658,8068,160,66,0,0,0,38,0,28,80.602302551269531,11.5093,25.125800000000002,0,0.59389999999999998,39.106900000000003
dem-sierra-b50000-transactional-t8,A,30,0,7768157361492606476,10728,8275,160,56,0,0,0,35,0,21,74.844802856445312,8.4280999999999988,24.126999999999999,0,0.8246,37.799100000000003
dem-sierra-b50000-transactional-t8,A,31,0,2498356485593039544,10794,8413,160,50,0,0,0,33,0,17,72.440399169921875,12.2394,24.3127,0,0.69469999999999998,29.860299999999999
dem-sierra-b50000-transactional-t8,A,32,0,8845747462131987643,10836,8459,160,38,0,0,0,21,0,17,52.910598754882812,9.4087000000000014,21.1008,0,0.48410000000000003,19.9116
dem-sierra-b50000-transactional-t8,A,33,0,894661900416809802,10868,8307,160,25,0,0,0,16,0,9,38.931999206542969,9.3919999999999995,16.098500000000001,0,0.23470000000000002,11.9542
dem-sierra-b50000-transactional-t8,A,34,0,4562079931662996298,10886,8107,160,14,0,0,0,9,0,5,36.149299621582031,12.418200000000001,13.3537,0,0.16739999999999999,9.0629000000000008
dem-sierra-b50000-transactional-t8,A,35,0,59827445349064665,10912,7833,160,19,0,0,0,13,0,6,33.651298522949219,10.6348,12.6721,0,0.16349999999999998,9.0709
dem-sierra-b50000-transactional-t8,A,36,0,2248484897964537510,10932,7571,160,20,0,0,0,10,0,10,35.273200988769531,9.8155000000000001,15.764099999999999,0,0.16019999999999998,8.6096000000000004
dem-sierra-b50000-transactional-t8,A,37,0,14990451370916674464,10952,7252,160,18,0,0,0,10,0,8,33.065700531005859,9.5285000000000011,15.1661,0,0.15809999999999999,6.9961000000000002
dem-sierra-b50000-transactional-t8,A,38,0,8863050883400846418,10978,6883,160,20,0,0,0,13,0,7,36.589000701904297,12.374700000000001,12.4838,0,0.16239999999999999,10.231499999999999
dem-sierra-b50000-transactional-t8,A,39,0,6089523061562192063,11002,6517,160,16,0,0,0,12,0,4,36.544700622558594,11.7272,13.370099999999999,0,0.30299999999999999,9.4024000000000001
dem-sierra-b50000-transactional-t8,A,40,0,17660868641746182640,11018,6179,160,11,0,0,0,8,0,3,32.999698638916016,10.5364,14.2142,0,0.18450000000000003,6.8173000000000004
dem-sierra-b50000-transactional-t8,A,41,0,1011200078387243637,11038,5799,160,18,0,0,0,10,0,8,26.028400421142578,10.149699999999999,9.1132000000000009,0,0.15060000000000001,5.7181000000000006
dem-sierra-b50000-transactional-t8,A,42,0,9201132271622419269,11048,5416,160,7,0,0,0,5,0,2,22.693099975585938,10.3657,8.6184999999999992,0,0.068499999999999991,3.1118999999999999
dem-sierra-b50000-transactional-t8,A,43,0,686861229683183137,11066,5028,160,12,0,0,0,9,0,3,31.073600769042969,10.866199999999999,12.590199999999999,0,0.12559999999999999,6.6352000000000002
dem-sierra-b50000-transactional-t8,A,44,0,15394570603691212422,11072,4581,160,4,0,0,0,3,0,1,24.728500366210938,10.559600000000001,11.1052,0,0.042599999999999999,2.4987999999999997
dem-sierra-b50000-transactional-t8,A,45,0,17826734797945150100,11084,4108,160,10,0,0,0,6,0,4,30.371400833129883,10.9499,12.850099999999999,0,0.084900000000000003,5.7555999999999994
dem-sierra-b50000-transactional-t8,A,46,0,706316834988357980,11100,3659,160,11,0,0,0,8,0,3,27.65730094909668,10.693299999999999,9.8762000000000008,0,0.1497,6.0899000000000001
dem-sierra-b50000-transactional-t8,A,47,0,13163823169337073819,11118,3267,160,11,0,0,0,9,0,2,30.835500717163086,10.0182,13.6868,0,0.1986,6.032
dem-sierra-b50000-transactional-t8,A,48,0,4915709072609644529,11128,2848,160,7,0,0,0,5,0,2,25.171899795532227,12.6404,8.245000000000001,0,0.1124,3.4908999999999999
dem-sierra-b50000-transactional-t8,A,49,0,6081172414831612937,11140,2487,160,8,0,0,0,6,0,2,35.768798828125,16.2864,13.740300000000001,0,0.1249,4.8109999999999999
dem-sierra-b50000-transactional-t8,A,50,0,16676236523462167286,11154,2149,160,8,0,0,0,7,0,1,24.753799438476562,10.3363,8.8949999999999996,0,0.1004,4.6307999999999998
dem-sierra-b50000-transactional-t8,A,51,0,8706419432804097171,11176,1832,160,17,0,0,0,11,0,6,40.397701263427734,15.427299999999999,13.513499999999999,0,0.18390000000000001,10.004300000000001
dem-sierra-b50000-transactional-t8,A,52,0,4087151478043420480,11192,1557,160,14,0,0,0,8,0,6,36.25360107421875,12.7927,14.440700000000001,0,0.18179999999999999,7.8194000000000008
dem-sierra-b50000-transactional-t8,A,53,0,3857264804328034063,11208,1277,160,13,0,0,0,8,0,5,33.449001312255859,12.0244,14.206300000000001,0,0.14750000000000002,6.1299999999999999
dem-sierra-b50000-transactional-t8,A,54,0,383925361223897309,11226,1033,160,15,0,0,0,9,0,6,39.939498901367188,15.2714,16.127599999999997,0,0.16420000000000001,7.3477999999999994
dem-sierra-b50000-transactional-t8,A,55,0,3405875904328150473,11238,778,160,8,0,0,0,6,0,2,37.716499328613281,12.977600000000001,16.363599999999998,0,0.12609999999999999,7.3056000000000001
dem-sierra-b50000-transactional-t8,A,56,0,17716055771639362493,11254,595,160,14,0,0,0,8,0,6,40.598701477050781,13.7492,17.7789,0,0.12210000000000001,7.8461999999999996
dem-sierra-b50000-transactional-t8,A,57,0,12624261349647017908,11266,431,160,9,0,0,0,6,0,3,44.04119873046875,16.700199999999999,19.340399999999999,0,0.12239999999999999,6.7647000000000004
dem-sierra-b50000-transactional-t8,A,58,0,13872479846255973079,11268,311,160,2,0,0,0,1,0,1,29.902799606323242,13.580299999999999,15.309100000000001,0,0.015000000000000001,0.65449999999999997
dem-sierra-b50000-transactional-t8,A,59,0,10198128412078601152,11270,233,160,1,0,0,0,1,0,0,27.236299514770508,12.772399999999999,13.419499999999999,0,0.0099000000000000008,0.70140000000000002
dem-sierra-b50000-transactional-t8,A,60,0,12914219246593188636,11272,207,160,1,0,0,0,1,0,0,26.54949951171875,13.483699999999999,11.750500000000001,0,0.023599999999999999,0.80779999999999996
dem-sierra-b50000-transactional-t8,A,61,0,11783708846319784637,11280,195,160,9,0,0,0,4,0,5,28.852199554443359,14.248200000000001,11.020300000000001,0,0.083599999999999994,2.9470000000000001
dem-sierra-b50000-transactional-t8,A,62,0,12391839687085977834,11282,164,160,2,0,0,0,1,0,1,24.516700744628906,13.428000000000001,9.1090999999999998,0,0.019899999999999998,1.2756000000000001
dem-sierra-b50000-transactional-t8,A,63,0,12391839687085977834,11282,151,151,0,0,0,0,0,0,0,18.466499328613281,13.877699999999999,4.2928999999999995,0,9.9999999999999991e-05,0
dem-sierra-b50000-transactional-t8,A,64,0,12391839687085977834,11282,145,145,0,0,0,0,0,0,0,18.918899536132812,15.4474,3.3083,0,9.9999999999999991e-05,0
dem-sierra-b50000-transactional-t8,A,65,0,12391839687085977834,11282,145,145,0,0,0,0,0,0,0,3.5057001113891602,0,3.3141999999999996,0,9.9999999999999991e-05,0
dem-sierra-b50000-transactional-t8,A,66,0,12391839687085977834,11282,145,145,0,0,0,0,0,0,0,3.6895999908447266,0,3.5527000000000002,0,9.9999999999999991e-05,0
dem-sierra-b50000-transactional-t8,A,67,0,12391839687085977834,11282,145,145,0,0,0,0,0,0,0,3.4976000785827637,0,3.2615000000000003,0,9.9999999999999991e-05,0
dem-sierra-b50000-transactional-t8,A,68,0,12391839687085977834,11282,145,145,0,0,0,0,0,0,0,3.9537999629974365,0,3.5503999999999998,0,0.00039999999999999996,0
dem-sierra-b50000-transactional-t8,A,69,0,12391839687085977834,11282,145,145,0,0,0,0,0,0,0,3.5297000408172607,0,3.1539999999999999,0,0.00019999999999999998,0
dem-sierra-b50000-transactional-t8,A,70,0,12391839687085977834,11282,145,145,0,0,0,0,0,0,0,3.7918999195098877,0,3.6120999999999999,0,0.00039999999999999996,0
dem-sierra-b50000-transactional-t8,A,71,0,12391839687085977834,11282,145,145,0,0,0,0,0,0,0,3.4749999046325684,0,3.3018000000000001,0,9.9999999999999991e-05,0
dem-sierra-b50000-transactional-t8,A,72,0,12391839687085977834,11282,145,145,0,0,0,0,0,0,0,3.7925999164581299,0,3.5718000000000001,0,0.00029999999999999997,0
dem-sierra-b50000-transactional-t8,A,73,0,12391839687085977834,11282,145,145,0,0,0,0,0,0,0,3.5441000461578369,0,3.3075999999999999,0,9.9999999999999991e-05,0
dem-sierra-b50000-transactional-t8,A,74,0,12391839687085977834,11282,145,145,0,0,0,0,0,0,0,3.4391000270843506,0,3.1882000000000001,0,9.9999999999999991e-05,0
dem-sierra-b50000-transactional-t8,A,75,0,12391839687085977834,11282,145,145,0,0,0,0,0,0,0,3.946199893951416,0,3.7382999999999997,0,9.9999999999999991e-05,0
dem-sierra-b50000-transactional-t8,A,76,0,12391839687085977834,11282,145,145,0,0,0,0,0,0,0,3.6368000507354736,0,3.4865999999999997,0,0.00019999999999999998,0
dem-sierra-b50000-transactional-t8,A,77,0,12391839687085977834,11282,145,145,0,0,0,0,0,0,0,3.4159998893737793,0,3.1865000000000001,0,0,0
dem-sierra-b50000-transactional-t8,A,78,0,12391839687085977834,11282,145,145,0,0,0,0,0,0,0,3.5562999248504639,0,3.4250000000000003,0,9.9999999999999991e-05,0
dem-sierra-b50000-transactional-t8,A,79,0,12391839687085977834,11282,145,145,0,0,0,0,0,0,0,3.4542000293731689,0,3.2594999999999996,0,0.00079999999999999993,0
dem-sierra-b50000-transactional-t8,A,80,0,12391839687085977834,11282,145,145,0,0,0,0,0,0,0,3.5134000778198242,0,3.2506000000000004,0,0.00019999999999999998,0
dem-sierra-b50000-transactional-t8,A,81,0,12391839687085977834,11282,145,145,0,0,0,0,0,0,0,3.5023999214172363,0,3.3323,0,0.00019999999999999998,0
dem-sierra-b50000-transactional-t8,A,82,0,12391839687085977834,11282,145,145,0,0,0,0,0,0,0,3.5009000301361084,0,3.2753000000000001,0,0.00019999999999999998,0
dem-sierra-b50000-transactional-t8,A,83,0,12391839687085977834,11282,145,145,0,0,0,0,0,0,0,3.3970999717712402,0,3.1886000000000001,0,0.00019999999999999998,0
dem-sierra-b50000-transactional-t8,A,84,0,12391839687085977834,11282,145,145,0,0,0,0,0,0,0,3.2762999534606934,0,3.1665999999999999,0,9.9999999999999991e-05,0
dem-sierra-b50000-transactional-t8,A,85,0,12391839687085977834,11282,145,145,0,0,0,0,0,0,0,4.1270999908447266,0,3.9006000000000003,0,0.00019999999999999998,0
dem-sierra-b50000-transactional-t8,A,86,0,12391839687085977834,11282,145,145,0,0,0,0,0,0,0,3.7176001071929932,0,3.6118999999999999,0,9.9999999999999991e-05,0
dem-sierra-b50000-transactional-t8,A,87,0,12391839687085977834,11282,145,145,0,0,0,0,0,0,0,3.6261999607086182,0,3.5238,0,0,0
dem-sierra-b50000-transactional-t8,A,88,0,12391839687085977834,11282,145,145,0,0,0,0,0,0,0,3.2750000953674316,0,3.1873999999999998,0,0,0
dem-sierra-b50000-transactional-t8,A,89,0,12391839687085977834,11282,145,145,0,0,0,0,0,0,0,4.1256999969482422,0,4.0541,0,0,0
dem-sierra-b50000-transactional-t8,A,90,0,12391839687085977834,11282,145,145,0,0,0,0,0,0,0,3.4814999103546143,0,3.3771,0,0,0
dem-sierra-b50000-transactional-t8,A,91,0,12391839687085977834,11282,145,145,0,0,0,0,0,0,0,4.4808001518249512,0,4.2584999999999997,0,0.00029999999999999997,0
dem-sierra-b50000-transactional-t8,A,92,0,12391839687085977834,11282,145,145,0,0,0,0,0,0,0,3.5645999908447266,0,3.4754999999999998,0,9.9999999999999991e-05,0
dem-sierra-b50000-transactional-t8,A,93,0,12391839687085977834,11282,145,145,0,0,0,0,0,0,0,3.6900999546051025,0,3.6092,0,9.9999999999999991e-05,0
dem-sierra-b50000-transactional-t8,A,94,0,12391839687085977834,11282,145,145,0,0,0,0,0,0,0,3.1405999660491943,0,3.0354999999999999,0,9.9999999999999991e-05,0
dem-sierra-b50000-transactional-t8,A,95,0,12391839687085977834,11282,145,145,0,0,0,0,0,0,0,2.8722999095916748,0,2.8096999999999999,0,9.9999999999999991e-05,0
dem-sierra-b50000-transactional-t8,B,0,1,10614948797217787403,8938,3224,160,146,0,0,0,73,0,73,1863.4205322265625,0,272.77839999999998,0,1.9236,57.9818
dem-sierra-b50000-transactional-t8,B,1,1,869182821163855324,8974,3352,160,32,0,0,0,18,0,14,96.088798522949219,16.8139,65.899600000000007,0,0.25270000000000004,9.6728000000000005
dem-sierra-b50000-transactional-t8,B,2,1,14184253686552524531,8982,3371,160,6,0,0,0,4,0,2,104.57060241699219,13.7463,85.725200000000001,0,0.057800000000000004,3.4514
dem-sierra-b50000-transactional-t8,B,3,0,4794261026087534644,8988,3381,160,5,0,0,0,3,0,2,67.588699340820312,15.029499999999999,47.794799999999995,0,0.034799999999999998,3.4794
dem-sierra-b50000-transactional-t8,B,4,0,8802446917163747513,8994,3388,160,5,0,0,0,3,0,2,108.81340026855469,14.647500000000001,88.936999999999998,0,0.057500000000000002,3.4531999999999998
dem-sierra-b50000-transactional-t8,B,5,0,2383639958892908847,9000,3390,160,6,0,0,0,3,0,3,88.243301391601562,14.4871,70.650300000000001,0,0.045699999999999998,2.0282999999999998
dem-sierra-b50000-transactional-t8,B,6,0,7598916528618273600,9010,3389,160,10,0,0,0,5,0,5,71.204803466796875,16.6053,50.4651,0,0.072499999999999995,2.9358
dem-sierra-b50000-transactional-t8,B,7,0,5292163452386352362,9014,3354,160,2,0,0,0,2,0,0,40.707099914550781,14.0924,24.120999999999999,0,0.024899999999999999,1.7590999999999999
dem-sierra-b50000-transactional-t8,B,8,0,8436409303447532651,9026,3350,160,9,0,0,0,6,0,3,91.127296447753906,14.6531,70.841799999999992,0,0.076399999999999996,3.9582000000000002
dem-sierra-b50000-transactional-t8,B,9,0,11574355727639974185,9038,3329,160,12,0,0,0,6,0,6,72.6697998046875,12.674100000000001,54.893900000000002,0,0.082799999999999999,3.8505000000000003
dem-sierra-b50000-transactional-t8,B,10,0,15077772663398844959,9046,3302,160,7,0,0,0,4,0,3,68.795097351074219,11.658399999999999,53.705200000000005,0,0.052200000000000003,2.589
dem-sierra-b50000-transactional-t8,B,11,0,18113898229799567770,9064,3183,160,18,0,0,0,9,0,9,195.08700561523438,12.3834,174.09369999999998,0,0.14459999999999998,6.4025999999999996
dem-sierra-b50000-transactional-t8,B,12,0,796085475633915408,9094,3089,160,28,0,0,0,15,0,13,199.83419799804688,13.195,169.2526,0,0.31839999999999996,13.7058
dem-sierra-b50000-transactional-t8,B,13,0,10693029512272087764,9110,2977,160,14,0,0,0,8,0,6,158.84669494628906,13.3864,138.2987,0,0.13569999999999999,5.2885
dem-sierra-b50000-transactional-t8,B,14,0,2587596260887119176,9126,2811,160,15,0,0,0,8,0,7,162.28070068359375,19.801300000000001,132.5582,0,0.1583,7.1801000000000004
dem-sierra-b50000-transactional-t8,B,15,0,14342377880161008233,9152,2636,160,24,0,0,0,13,0,11,203.03849792480469,42.264400000000002,147.62539999999998,0,0.1656,10.2216
dem-sierra-b50000-transactional-t8,B,16,0,13074557621847783456,9196,2445,160,36,0,0,0,22,0,14,220.875,13.3582,184.94399999999999,0,0.34139999999999998,17.390800000000002
dem-sierra-b50000-transactional-t8,B,17,0,16096628276660680315,9226,2287,160,30,0,0,0,15,0,15,263.60031127929688,19.051300000000001,227.97540000000001,0,0.21640000000000001,13.2675
dem-sierra-b50000-transactional-t8,B,18,0,4219560368679999140,9248,2177,160,20,0,0,0,11,0,9,192.84429931640625,13.669600000000001,164.4332,0,0.21609999999999999,11.3086
dem-sierra-b50000-transactional-t8,B,19,0,6691561641966146201,9262,2053,160,11,0,0,0,7,0,4,147.96299743652344,11.480700000000001,126.1253,0,0.14119999999999999,7.8144000000000009
dem-sierra-b50000-transactional-t8,B,20,0,2008108845369341129,9288,1915,160,21,0,0,0,13,0,8,310.24310302734375,30.555399999999999,202.0873,0,1.4085000000000001,60.859999999999999
dem-sierra-b50000-transactional-t8,B,21,0,9978416355558604967,9322,1788,160,29,0,0,0,17,0,12,221.154296875,14.7515,189.32329999999999,0,0.37230000000000002,12.3636
dem-sierra-b50000-transactional-t8,B,22,0,4293560374887554394,9350,1681,160,25,0,0,0,14,0,11,251.19329833984375,29.925699999999999,182.61420000000001,0,0.24590000000000001,35.494699999999995
dem-sierra-b50000-transactional-t8,B,23,0,12154626617803244314,9386,1514,160,32,0,0,0,18,0,14,273.1099853515625,11.523399999999999,236.8596,0,0.37719999999999998,19.482099999999999
dem-sierra-b50000-transactional-t8,B,24,0,2796233627665261066,9418,1415,160,30,0,0,0,16,0,14,218.8883056640625,19.554100000000002,183.40790000000001,0,0.23350000000000001,11.829800000000001
dem-sierra-b50000-transactional-t8,B,25,0,1300190253350903476,9448,1303,160,25,0,0,0,15,0,10,404.03759765625,11.464,374.28899999999999,0,0.2797,14.123900000000001
dem-sierra-b50000-transactional-t8,B,26,0,10956306208591884016,9476,1169,160,24,0,0,0,14,0,10,266.58990478515625,38.403700000000001,176.4769,0,0.28339999999999999,29.822099999999999
dem-sierra-b50000-transactional-t8,B,27,0,11548884893225981875,9506,1022,160,24,0,0,0,15,0,9,373.85110473632812,11.403699999999999,347.05960000000005,0,0.40589999999999998,11.017000000000001
dem-sierra-b50000-transactional-t8,B,28,0,12480294666879463048,9538,903,160,25,0,0,0,16,0,9,411.3037109375,35.521599999999999,346.97000000000003,0,0.30870000000000003,15.6572
dem-sierra-b50000-transactional-t8,B,29,0,9257862519506546720,9576,751,160,33,0,0,0,19,0,14,297.55859375,11.5497,256.01800000000003,0,0.42509999999999998,22.6616
dem-sierra-b50000-transactional-t8,B,30,0,3388576060020666606,9614,652,160,30,0,0,0,19,0,11,352.10989379882812,14.9648,308.34650000000005,0,0.37090000000000001,22.199400000000001
dem-sierra-b50000-transactional-t8,B,31,0,14362824107813519185,9646,571,160,32,0,0,0,16,0,16,244.3450927734375,10.525,217.37110000000001,0,0.2286,10.296700000000001
dem-sierra-b50000-transactional-t8,B,32,0,11139025950728383120,9654,572,160,7,0,0,0,4,0,3,131.84190368652344,9.9764999999999997,116.31469999999999,0,0.13200000000000001,3.5097999999999998
dem-sierra-b50000-transactional-t8,B,33,0,14768332087635205767,9658,669,160,2,0,0,0,2,0,0,53.985801696777344,12.694000000000001,39.006399999999999,0,0.026599999999999999,1.6044
dem-sierra-b50000-transactional-t8,B,34,0,14768332087635205767,9658,805,160,0,0,0,0,0,0,0,92.529502868652344,10.6037,81.686199999999999,0,9.9999999999999991e-05,0
dem-sierra-b50000-transactional-t8,B,35,0,6553494487908325002,9662,977,160,3,0,0,0,2,0,1,128.48109436035156,12.401,112.751,0,0.033000000000000002,2.4628999999999999
dem-sierra-b50000-transactional-t8,B,36,0,2005181765657442078,9664,1131,160,2,0,0,0,1,0,1,177.73989868164062,12.177999999999999,163.5718,0,0.020999999999999998,1.2104999999999999
dem-sierra-b50000-transactional-t8,B,37,0,6360695696711393998,9666,1294,160,1,0,0,0,1,0,0,43.078098297119141,10.722799999999999,31.462600000000002,0,0.010999999999999999,0.57269999999999999
dem-sierra-b50000-transactional-t8,B,38,0,5024859066437390605,9672,1482,160,4,0,0,0,3,0,1,107.63330078125,12.698499999999999,92.3155,0,0.0453,1.7884000000000002
dem-sierra-b50000-transactional-t8,B,39,0,1705271438146540216,9674,1625,160,2,0,0,0,1,0,1,73.050300598144531,11.461499999999999,60.098800000000004,0,0.013100000000000001,0.99449999999999994
dem-sierra-b50000-transactional-t8,B,40,0,17947872249613484476,9676,1750,160,1,0,0,0,1,0,0,90.877799987792969,19.0093,70.495100000000008,0,0.0126,0.89190000000000003
dem-sierra-b50000-transactional-t8,B,41,0,6107807903201846897,9688,1942,160,8,0,0,0,6,0,2,113.21700286865234,22.950100000000003,84.541699999999992,0,0.10919999999999999,4.1093000000000002
dem-sierra-b50000-transactional-t8,B,42,0,15027804525358123589,9696,2090,160,5,0,0,0,4,0,1,71.097801208496094,12.042199999999999,55.997,0,0.0659,2.0230999999999999
dem-sierra-b50000-transactional-t8,B,43,0,11386497302929310765,9698,2255,160,1,0,0,0,1,0,0,57.519699096679688,10.867900000000001,44.885799999999996,0,0.013299999999999999,1.0206999999999999
dem-sierra-b50000-transactional-t8,B,44,0,6933044654974636422,9700,2407,160,2,0,0,0,1,0,1,76.975303649902344,11.6713,63.363699999999994,0,0.026100000000000002,1.2925
dem-sierra-b50000-transactional-t8,B,45,0,17205562924212516077,9702,2554,160,1,0,0,0,1,0,0,58.454299926757812,12.9899,41.971300000000006,0,0.020400000000000001,2.4762999999999997
dem-sierra-b50000-transactional-t8,B,46,0,13020453336753438404,9710,2686,160,6,0,0,0,4,0,2,100.58149719238281,11.8309,84.876499999999993,0,0.077499999999999999,2.8014000000000001
dem-sierra-b50000-transactional-t8,B,47,0,3610830327693279907,9722,2893,160,7,0,0,0,6,0,1,72.640998840332031,13.671900000000001,53.937899999999999,0,0.082200000000000009,3.9015999999999997
dem-sierra-b50000-transactional-t8,B,48,0,852793122568151991,9734,3081,160,9,0,0,0,6,0,3,59.158298492431641,12.1562,43.084900000000005,0,0.078600000000000003,2.7212999999999998
dem-sierra-b50000-transactional-t8,B,49,0,7377527221252110974,9738,3284,160,3,0,0,0,2,0,1,63.977901458740234,33.0107,29.268800000000002,0,0.037499999999999999,1.0805
dem-sierra-b50000-transactional-t8,B,50,0,8684787969369474198,9740,3474,160,1,0,0,0,1,0,0,43.400199890136719,14.486600000000001,27.5778,0,0.0135,0.87229999999999996
dem-sierra-b50000-transactional-t8,B,51,0,15821191493676342612,9742,3639,160,1,0,0,0,1,0,0,49.340000152587891,13.9146,34.219499999999996,0,0.014500000000000001,0.83699999999999997
dem-sierra-b50000-transactional-t8,B,52,0,15022935836973062697,9744,3766,160,1,0,0,0,1,0,0,48.947799682617188,15.796100000000001,31.715100000000003,0,0.0155,0.9405
dem-sierra-b50000-transactional-t8,B,53,0,8831458171409363733,9746,3895,160,2,0,0,0,1,0,1,49.930801391601562,13.194700000000001,35.654699999999998,0,0.014199999999999999,0.66859999999999997
dem-sierra-b50000-transactional-t8,B,54,0,8831458171409363733,9746,3946,160,0,0,0,0,0,0,0,41.130599975585938,12.484399999999999,28.5062,0,0,0
dem-sierra-b50000-transactional-t8,B,55,0,14909530707667831442,9748,3996,160,1,0,0,0,1,0,0,41.451301574707031,12.761800000000001,27.309900000000003,0,0.014800000000000001,0.87469999999999992
dem-sierra-b50000-transactional-t8,B,56,0,14909530707667831442,9748,3998,160,0,0,0,0,0,0,0,43.070098876953125,12.9262,29.932099999999998,0,0.00029999999999999997,0
dem-sierra-b50000-transactional-t8,B,57,0,14909530707667831442,9748,4035,160,0,0,0,0,0,0,0,41.478099822998047,13.222,28.004899999999999,0,0.00029999999999999997,0
dem-sierra-b50000-transactional-t8,B,58,0,14909530707667831442,9748,4051,160,0,0,0,0,0,0,0,41.507598876953125,13.270199999999999,28.021699999999999,0,9.9999999999999991e-05,0
dem-sierra-b50000-transactional-t8,B,59,0,14909530707667831442,9748,4052,160,0,0,0,0,0,0,0,36.799301147460938,15.094099999999999,21.5319,0,0.00019999999999999998,0
dem-sierra-b50000-transactional-t8,B,60,0,40167193442142411,9752,4038,160,3,0,0,0,2,0,1,56.356899261474609,20.551199999999998,33.345500000000001,0,0.029000000000000001,1.7987000000000002
dem-sierra-b50000-transactional-t8,B,61,0,40167193442142411,9752,4028,160,0,0,0,0,0,0,0,60.812000274658203,17.067700000000002,43.6066,0,9.9999999999999991e-05,0
dem-sierra-b50000-transactional-t8,B,62,0,40167193442142411,9752,4007,160,0,0,0,0,0,0,0,51.986198425292969,17.118299999999998,34.635199999999998,0,9.9999999999999991e-05,0
dem-sierra-b50000-transactional-t8,B,63,0,40167193442142411,9752,4019,160,0,0,0,0,0,0,0,32.901298522949219,15.5329,17.233600000000003,0,9.9999999999999991e-05,0
dem-sierra-b50000-transactional-t8,B,64,0,40167193442142411,9752,4036,160,0,0,0,0,0,0,0,38.828701019287109,19.426500000000001,19.2103,0,0.00019999999999999998,0
dem-sierra-b50000-transactional-t8,B,65,0,40167193442142411,9752,4036,160,0,0,0,0,0,0,0,24.002399444580078,0,23.8307,0,0.00019999999999999998,0
dem-sierra-b50000-transactional-t8,B,66,0,40167193442142411,9752,4036,160,0,0,0,0,0,0,0,19.92140007019043,0,19.535599999999999,0,0.00019999999999999998,0
dem-sierra-b50000-transactional-t8,B,67,0,40167193442142411,9752,4036,160,0,0,0,0,0,0,0,15.902099609375,0,15.755999999999998,0,0.00019999999999999998,0
dem-sierra-b50000-transactional-t8,B,68,0,40167193442142411,9752,4036,160,0,0,0,0,0,0,0,22.681499481201172,0,22.4894,0,9.9999999999999991e-05,0
dem-sierra-b50000-transactional-t8,B,69,0,40167193442142411,9752,4036,160,0,0,0,0,0,0,0,18.086599349975586,0,17.866300000000003,0,0.00019999999999999998,0
dem-sierra-b50000-transactional-t8,B,70,0,40167193442142411,9752,4036,160,0,0,0,0,0,0,0,17.507200241088867,0,17.328699999999998,0,0.00039999999999999996,0
dem-sierra-b50000-transactional-t8,B,71,0,40167193442142411,9752,4036,160,0,0,0,0,0,0,0,15.67650032043457,0,15.497800000000002,0,0.00019999999999999998,0
dem-sierra-b50000-transactional-t8,B,72,0,40167193442142411,9752,4036,160,0,0,0,0,0,0,0,25.950599670410156,0,25.566300000000002,0,9.9999999999999991e-05,0
dem-sierra-b50000-transactional-t8,B,73,0,40167193442142411,9752,4036,160,0,0,0,0,0,0,0,24.304300308227539,0,24.153700000000001,0,0.00029999999999999997,0
dem-sierra-b50000-transactional-t8,B,74,0,40167193442142411,9752,4036,160,0,0,0,0,0,0,0,16.611799240112305,0,16.451599999999999,0,0,0
dem-sierra-b50000-transactional-t8,B,75,0,40167193442142411,9752,4036,160,0,0,0,0,0,0,0,18.126199722290039,0,17.976700000000001,0,9.9999999999999991e-05,0
dem-sierra-b50000-transactional-t8,B,76,0,40167193442142411,9752,4036,160,0,0,0,0,0,0,0,21.593900680541992,0,21.3064,0,9.9999999999999991e-05,0
dem-sierra-b50000-transactional-t8,B,77,0,40167193442142411,9752,4036,160,0,0,0,0,0,0,0,18.272300720214844,0,18.072499999999998,0,9.9999999999999991e-05,0
dem-sierra-b50000-transactional-t8,B,78,0,40167193442142411,9752,4036,160,0,0,0,0,0,0,0,20.432600021362305,0,20.2776,0,9.9999999999999991e-05,0
dem-sierra-b50000-transactional-t8,B,79,0,40167193442142411,9752,4036,160,0,0,0,0,0,0,0,29.29210090637207,0,28.918499999999998,0,0.00029999999999999997,0
dem-sierra-b50000-transactional-t8,B,80,0,40167193442142411,9752,4036,160,0,0,0,0,0,0,0,16.755500793457031,0,16.587399999999999,0,9.9999999999999991e-05,0
dem-sierra-b50000-transactional-t8,B,81,0,40167193442142411,9752,4036,160,0,0,0,0,0,0,0,18.936300277709961,0,18.761300000000002,0,9.9999999999999991e-05,0
dem-sierra-b50000-transactional-t8,B,82,0,40167193442142411,9752,4036,160,0,0,0,0,0,0,0,22.009500503540039,0,21.773700000000002,0,9.9999999999999991e-05,0
dem-sierra-b50000-transactional-t8,B,83,0,40167193442142411,9752,4036,160,0,0,0,0,0,0,0,21.870700836181641,0,21.099499999999999,0,0,0
dem-sierra-b50000-transactional-t8,B,84,0,40167193442142411,9752,4036,160,0,0,0,0,0,0,0,17.679399490356445,0,17.488199999999999,0,0.00029999999999999997,0
dem-sierra-b50000-transactional-t8,B,85,0,40167193442142411,9752,4036,160,0,0,0,0,0,0,0,19.40519905090332,0,19.266300000000001,0,0,0
dem-sierra-b50000-transactional-t8,B,86,0,40167193442142411,9752,4036,160,0,0,0,0,0,0,0,18.712200164794922,0,18.549199999999999,0,0,0
dem-sierra-b50000-transactional-t8,B,87,0,40167193442142411,9752,4036,160,0,0,0,0,0,0,0,32.982799530029297,0,32.773900000000005,0,0,0
dem-sierra-b50000-transactional-t8,B,88,0,40167193442142411,9752,4036,160,0,0,0,0,0,0,0,20.892400741577148,0,20.7423,0,9.9999999999999991e-05,0
dem-sierra-b50000-transactional-t8,B,89,0,40167193442142411,9752,4036,160,0,0,0,0,0,0,0,20.093799591064453,0,19.938000000000002,0,9.9999999999999991e-05,0
dem-sierra-b50000-transactional-t8,B,90,0,40167193442142411,9752,4036,160,0,0,0,0,0,0,0,20.596599578857422,0,20.415599999999998,0,9.9999999999999991e-05,0
dem-sierra-b50000-transactional-t8,B,91,0,40167193442142411,9752,4036,160,0,0,0,0,0,0,0,57.179698944091797,0,56.9206,0,0.00019999999999999998,0
dem-sierra-b50000-transactional-t8,B,92,0,40167193442142411,9752,4036,160,0,0,0,0,0,0,0,31.581399917602539,0,30.762699999999999,0,0.00029999999999999997,0
dem-sierra-b50000-transactional-t8,B,93,0,40167193442142411,9752,4036,160,0,0,0,0,0,0,0,19.226999282836914,0,18.788900000000002,0,0.00029999999999999997,0
dem-sierra-b50000-transactional-t8,B,94,0,40167193442142411,9752,4036,160,0,0,0,0,0,0,0,18.000499725341797,0,17.835100000000001,0,9.9999999999999991e-05,0
dem-sierra-b50000-transactional-t8,B,95,0,40167193442142411,9752,4036,160,0,0,0,0,0,0,0,19.968799591064453,0,19.807399999999998,0,9.9999999999999991e-05,0
dem-canyon-b50000-transactional-t8,A,0,1,18310532186020248733,50000,269,160,39,39,39,23,0,2988,966,4847.89501953125,0,28.258299999999998,6.9487999999999994,15.393799999999999,25.925000000000001
dem-canyon-b50000-transactional-t8,A,1,1,7181735728708327569,50000,249,160,27,27,27,12,0,2576,982,71.82080078125,17.939400000000003,19.8995,5.9090999999999996,9.8139000000000003,15.899300000000002
dem-canyon-b50000-transactional-t8,A,2,1,1415755428884888934,50000,256,160,22,22,22,10,0,2089,910,63.340900421142578,17.852399999999999,14.778700000000001,6.8741999999999992,9.1815999999999995,12.6473
dem-canyon-b50000-transactional-t8,A,3,0,2484248843349495766,49999,285,160,44,44,44,20,0,4382,2341,96.033798217773438,17.667999999999999,20.434899999999999,5.9131,21.101800000000001,27.299099999999999
dem-canyon-b50000-transactional-t8,A,4,0,9260607519311205385,50000,316,160,40,39,39,19,1,3776,1886,106.78389739990234,16.675700000000003,20.027699999999999,6.3768000000000002,20.118000000000002,37.8018
dem-canyon-b50000-transactional-t8,A,5,0,10210823176353397553,50000,338,160,33,33,33,12,0,3721,1744,81.944297790527344,17.9649,23.028099999999998,7.1086999999999998,13.5252,16.844200000000001
dem-canyon-b50000-transactional-t8,A,6,0,14513748919935768525,50000,390,160,30,30,30,13,0,3088,1409,85.360603332519531,17.3017,29.670100000000001,6.1725000000000003,11.189500000000001,18.058999999999997
dem-canyon-b50000-transactional-t8,A,7,0,18115781184970968521,49999,456,160,23,23,23,11,0,2263,1028,72.077201843261719,19.595700000000001,21.125299999999999,6.2277000000000005,8.7688000000000006,13.746499999999999
dem-canyon-b50000-transactional-t8,A,8,0,1739700633004978214,49997,528,160,30,29,29,15,1,2826,928,79.562400817871094,17.735500000000002,20.273099999999999,6.4755000000000003,7.7119,24.3705
dem-canyon-b50000-transactional-t8,A,9,0,13161621297279532671,50000,633,160,23,21,19,10,2,2197,570,73.644798278808594,19.748100000000001,20.935499999999998,5.8488999999999995,5.1673,19.400199999999998
dem-canyon-b50000-transactional-t8,A,10,0,16594265425784660547,50000,710,160,24,24,22,13,0,2455,656,71.790901184082031,17.4054,22.355699999999999,5.7898000000000005,4.6854000000000005,18.519100000000002
dem-canyon-b50000-transactional-t8,A,11,0,2152659177218640062,49999,810,160,19,19,17,9,0,2008,519,66.558601379394531,19.318300000000001,24.8245,6.1028000000000002,3.3904000000000001,11.0665
dem-canyon-b50000-transactional-t8,A,12,0,17394019967020694636,49999,953,160,24,24,24,13,0,2375,712,73.205703735351562,17.2117,22.5105,5.6271999999999993,5.7930000000000001,19.516500000000001
dem-canyon-b50000-transactional-t8,A,13,0,1142821854136610354,49999,1133,160,21,20,20,13,0,1962,273,69.86419677734375,16.221800000000002,26.122900000000001,6.3742000000000001,2.7430000000000003,15.655900000000001
dem-canyon-b50000-transactional-t8,A,14,0,9965028003053994292,49999,1464,160,30,29,29,15,1,3460,520,80.695098876953125,17.069299999999998,29.910900000000002,5.6212999999999997,4.5217000000000001,19.472300000000001
dem-canyon-b50000-transactional-t8,A,15,0,5089035496710288755,49999,1844,160,30,30,30,16,0,3180,549,74.444900512695312,16.660700000000002,22.484299999999998,5.5206999999999997,7.3061000000000007,19.253200000000003
dem-canyon-b50000-transactional-t8,A,16,0,15413007637658623849,49999,2352,160,33,33,33,20,0,3413,555,77.608001708984375,16.465299999999999,22.8721,6.6039999999999992,8.0391000000000012,19.720399999999998
dem-canyon-b50000-transactional-t8,A,17,0,7549672549049250863,49999,2871,160,30,30,30,16,0,3330,505,70.107597351074219,19.347300000000001,18.413,5.9335000000000004,4.8883000000000001,17.384799999999998
dem-canyon-b50000-transactional-t8,A,18,0,9752041901628189213,49999,3541,160,25,25,25,15,0,2906,288,71.454002380371094,17.0839,19.714200000000002,6.4119000000000002,4.0823999999999998,20.703099999999999
dem-canyon-b50000-transactional-t8,A,19,0,3517127108890787122,49999,4382,160,31,31,31,15,0,3823,322,62.556900024414062,16.998699999999999,17.351900000000001,5.9807000000000006,3.4903999999999997,15.5145
dem-canyon-b50000-transactional-t8,A,20,0,2893658964334425346,49999,5393,160,43,43,43,19,0,5387,682,77.447502136230469,16.482699999999998,23.229199999999999,6.3039000000000005,8.1936,19.703299999999999
dem-canyon-b50000-transactional-t8,A,21,0,11431810750440976177,49999,6600,160,27,27,27,9,0,3667,157,54.664199829101562,16.751899999999999,17.465700000000002,7.0276999999999994,2.3132000000000001,9.2431999999999999
dem-canyon-b50000-transactional-t8,A,22,0,13417415923984203321,49999,7920,160,31,31,31,11,0,4257,195,73.003501892089844,15.550800000000001,26.374100000000002,6.4802,2.6713999999999998,18.9192
dem-canyon-b50000-transactional-t8,A,23,0,13149676034599784473,49999,9420,160,29,29,29,9,0,3895,178,67.278297424316406,15.873000000000001,25.0654,6.3797999999999995,2.1534,15.067399999999999
dem-canyon-b50000-transactional-t8,A,24,0,10526567125082675985,49999,11047,160,23,23,23,14,0,1939,220,70.29840087890625,16.240000000000002,22.504000000000001,4.7197999999999993,2.7146000000000003,21.176000000000002
dem-canyon-b50000-transactional-t8,A,25,0,15630851195669865353,50000,12772,160,29,28,28,14,1,3020,273,65.048202514648438,15.5593,18.0961,5.2769000000000004,3.6347,19.562999999999999
dem-canyon-b50000-transactional-t8,A,26,0,11303720191912657722,50000,14446,160,36,36,36,17,0,4327,325,67.565299987792969,15.844199999999999,21.677,4.5427999999999997,3.4087000000000001,19.0946
dem-canyon-b50000-transactional-t8,A,27,0,1863468358108283395,50000,16405,160,34,34,34,13,0,4403,99,61.334598541259766,17.178100000000001,18.002800000000001,4.7039,1.6427,17.118499999999997
dem-canyon-b50000-transactional-t8,A,28,0,17861956447361228252,50000,18217,160,39,39,39,16,0,5143,105,61.472698211669922,14.7174,18.8935,5.1893000000000002,2.4784999999999999,16.973499999999998
dem-canyon-b50000-transactional-t8,A,29,0,12389367839223306153,50000,19882,160,46,46,46,20,0,5616,469,66.904998779296875,15.6174,17.3962,4.9826000000000006,5.3030999999999997,20.226700000000001
dem-canyon-b50000-transactional-t8,A,30,0,3612647205717519113,50000,21382,160,43,43,43,18,0,5125,873,72.052902221679688,15.822800000000001,20.393699999999999,5.125,9.6498000000000008,16.231200000000001
dem-canyon-b50000-transactional-t8,A,31,0,6756983710398557472,50000,22619,160,47,47,47,26,0,4926,662,84.605003356933594,15.878300000000001,17.840000000000003,4.9245000000000001,8.297600000000001,32.037299999999995
dem-canyon-b50000-transactional-t8,A,32,0,17471783984539291566,50000,23010,160,22,22,22,14,0,2051,311,57.380298614501953,17.555199999999999,17.148900000000001,4.9230999999999998,2.6821000000000002,12.526900000000001
dem-canyon-b50000-transactional-t8,A,33,0,4279705837030116883,49999,21802,160,12,12,12,10,0,1306,7,57.771499633789062,15.082000000000001,19.217100000000002,5.2674999999999992,0.78349999999999997,14.761700000000001
dem-canyon-b50000-transactional-t8,A,34,0,14137545371487332322,49999,20352,160,16,16,16,5,0,2278,229,46.881599426269531,14.867099999999999,17.646599999999999,5.3414999999999999,2.3454999999999999,5.3810000000000002
dem-canyon-b50000-transactional-t8,A,35,0,9927644494595892667,49999,18799,160,16,16,16,4,0,2280,36,44.6083984375,16.689,14.4686,5.9161999999999999,0.80699999999999994,5.3906000000000001
dem-canyon-b50000-transactional-t8,A,36,0,11663448119803983407,49999,17000,160,15,15,15,5,0,2051,2,46.397701263427734,16.4071,16.482299999999999,5.9109999999999996,0.38630000000000003,5.5595999999999997
dem-canyon-b50000-transactional-t8,A,37,0,6502355762706830907,49999,15051,160,16,16,16,6,0,2158,35,48.218898773193359,16.019500000000001,14.4635,6.0889999999999995,0.95840000000000003,9.4207000000000001
dem-canyon-b50000-transactional-t8,A,38,0,9998073468188249383,49999,13258,160,12,12,12,7,0,1321,117,46.956298828125,14.276,17.2453,5.1628000000000007,1.4915,7.1581000000000001
dem-canyon-b50000-transactional-t8,A,39,0,6957605208019022595,49999,11601,160,3,3,3,2,0,245,2,41.427101135253906,17.407800000000002,14.286,6.1554000000000002,0.12459999999999999,2.5327000000000002
dem-canyon-b50000-transactional-t8,A,40,0,3483041679717917684,49999,9889,160,6,6,6,4,0,662,26,43.362598419189453,16.342300000000002,15.0266,6.6014999999999997,0.44690000000000002,4.0581999999999994
dem-canyon-b50000-transactional-t8,A,41,0,4918836378839299407,49999,8412,160,10,10,10,5,0,1276,48,50.155498504638672,18.720299999999998,15.629199999999999,7.3188999999999993,0.95269999999999999,6.2165999999999997
dem-canyon-b50000-transactional-t8,A,42,0,13449280684687990017,49999,7078,160,9,9,9,6,0,877,47,45.044399261474609,17.030100000000001,12.5723,5.4836999999999998,0.87280000000000002,7.6268000000000002
dem-canyon-b50000-transactional-t8,A,43,0,578027143649923264,49999,5746,160,14,14,14,7,0,1533,144,50.330600738525391,16.1753,16.273499999999999,6.5552000000000001,2.1556999999999999,7.6593
dem-canyon-b50000-transactional-t8,A,44,0,5000254767443653696,49999,4707,160,11,11,11,7,0,1159,146,55.473300933837891,15.7494,19.764799999999997,8.5070999999999994,1.9343999999999999,7.6785999999999994
dem-canyon-b50000-transactional-t8,A,45,0,10909419231827520647,49999,3816,160,14,14,14,10,0,1374,59,60.238601684570312,16.605899999999998,18.2818,7.8000999999999996,1.7252999999999998,12.779399999999999
dem-canyon-b50000-transactional-t8,A,46,0,611993561243985995,49999,3074,160,17,17,17,10,0,1889,258,55.143100738525391,19.041499999999999,16.1906,6.6260000000000003,1.8391,9.9254999999999995
dem-canyon-b50000-transactional-t8,A,47,0,15585263799840846273,49999,2518,160,16,16,12,6,0,2128,20,53.514701843261719,17.060700000000001,20.666,6.6185,0.71950000000000003,6.9433000000000007
dem-canyon-b50000-transactional-t8,A,48,0,1981425153925890300,49999,1978,160,13,13,8,4,0,1764,79,52.123401641845703,17.832899999999999,20.514500000000002,5.4051999999999998,1.1614,5.9614000000000003
dem-canyon-b50000-transactional-t8,A,49,0,1602456969921514419,49999,1562,160,10,10,3,2,0,1520,0,57.066699981689453,15.8649,29.375299999999999,7.6604999999999999,0.21199999999999999,2.9328000000000003
dem-canyon-b50000-transactional-t8,A,50,0,5045194981472640172,49999,1244,160,13,13,13,4,0,1873,10,48.477298736572266,18.404899999999998,16.805199999999999,6.4405000000000001,0.41839999999999999,5.1291000000000002
dem-canyon-b50000-transactional-t8,A,51,0,14602801956320033537,49999,1001,160,4,4,4,2,0,459,23,46.20989990234375,17.577200000000001,16.2927,7.7683999999999997,0.49419999999999997,2.8542000000000001
dem-canyon-b50000-transactional-t8,A,52,0,15436754258940349565,49999,856,160,2,2,2,1,0,312,0,53.490798950195312,17.250499999999999,27.479099999999999,5.6387999999999998,0.11940000000000001,1.9289000000000001
dem-canyon-b50000-transactional-t8,A,53,0,15436754258940349565,49999,746,160,0,0,0,0,0,0,0,39.022998809814453,18.0245,20.761900000000001,0,0.00039999999999999996,0
dem-canyon-b50000-transactional-t8,A,54,0,16893110165957503591,49999,674,160,6,6,6,2,0,743,156,50.833099365234375,17.803699999999999,19.776,6.9466000000000001,1.4086000000000001,4.0536000000000003
dem-canyon-b50000-transactional-t8,A,55,0,3852997873936611203,49999,557,160,3,3,3,2,0,258,86,45.243400573730469,19.770300000000002,13.0008,6.6388999999999996,1.23,3.6017000000000001
dem-canyon-b50000-transactional-t8,A,56,0,3852997873936611203,49999,479,160,0,0,0,0,0,0,0,32.332599639892578,17.563599999999997,14.517199999999999,0,9.9999999999999991e-05,0
dem-canyon-b50000-transactional-t8,A,57,0,11198591259516696371,49999,425,160,2,2,2,1,0,262,5,39.451698303222656,17.091999999999999,13.6982,6.6643999999999997,0.1449,1.0829
dem-canyon-b50000-transactional-t8,A,58,0,11198591259516696371,49999,362,160,0,0,0,0,0,0,0,29.985099792480469,16.9206,12.9163,0,9.9999999999999991e-05,0
dem-canyon-b50000-transactional-t8,A,59,0,762667269757815216,49999,347,160,2,2,2,1,0,178,97,39.485198974609375,16.560700000000001,12.9541,6.3746999999999998,1.1187,1.6247
dem-canyon-b50000-transactional-t8,A,60,0,6674783436869346158,50000,314,160,13,12,10,5,1,1204,463,49.586200714111328,17.301299999999998,13.5205,6.5272000000000006,3.2303000000000002,7.3063000000000002
dem-canyon-b50000-transactional-t8,A,61,0,15515503987478555820,50000,275,160,8,8,8,4,0,718,313,46.491001129150391,18.803000000000001,12.8786,6.1971999999999996,2.7323,4.2606999999999999
dem-canyon-b50000-transactional-t8,A,62,0,1101316741253203082,50000,270,160,8,8,6,4,0,733,131,35.878700256347656,16.4833,6.7718999999999996,5.9996999999999998,1.4238,4.1558999999999999
dem-canyon-b50000-transactional-t8,A,63,0,14453462628644333389,50000,281,160,2,2,2,2,0,64,0,31.444799423217773,14.9536,6.4035000000000002,6.2682000000000002,0.088499999999999995,2.9240999999999997
dem-canyon-b50000-transactional-t8,A,64,0,14453462628644333389,50000,282,160,0,0,0,0,0,0,0,24.516700744628906,17.011600000000001,7.3096000000000005,0,9.9999999999999991e-05,0
dem-canyon-b50000-transactional-t8,A,65,0,14453462628644333389,50000,282,160,0,0,0,0,0,0,0,6.5317997932434082,0,6.4212999999999996,0,9.9999999999999991e-05,0
dem-canyon-b50000-transactional-t8,A,66,0,14453462628644333389,50000,282,160,0,0,0,0,0,0,0,6.2857999801635742,0,6.0877999999999997,0,0.00029999999999999997,0
dem-canyon-b50000-transactional-t8,A,67,0,14453462628644333389,50000,282,160,0,0,0,0,0,0,0,6.097099781036377,0,5.9871000000000008,0,0.00019999999999999998,0
dem-canyon-b50000-transactional-t8,A,68,0,14453462628644333389,50000,282,160,0,0,0,0,0,0,0,6.1897997856140137,0,6.0777000000000001,0,9.9999999999999991e-05,0
dem-canyon-b50000-transactional-t8,A,69,0,14453462628644333389,50000,282,160,0,0,0,0,0,0,0,8.2193002700805664,0,8.0067000000000004,0,9.9999999999999991e-05,0
dem-canyon-b50000-transactional-t8,A,70,0,14453462628644333389,50000,282,160,0,0,0,0,0,0,0,6.4587001800537109,0,6.3296999999999999,0,9.9999999999999991e-05,0
dem-canyon-b50000-transactional-t8,A,71,0,14453462628644333389,50000,282,160,0,0,0,0,0,0,0,6.9952001571655273,0,6.7733999999999996,0,0.00029999999999999997,0
dem-canyon-b50000-transactional-t8,A,72,0,14453462628644333389,50000,282,160,0,0,0,0,0,0,0,6.2869000434875488,0,6.0773000000000001,0,0.00039999999999999996,0
dem-canyon-b50000-transactional-t8,A,73,0,14453462628644333389,50000,282,160,0,0,0,0,0,0,0,7.4875998497009277,0,7.3357999999999999,0,0.00050000000000000001,0
dem-canyon-b50000-transactional-t8,A,74,0,14453462628644333389,50000,282,160,0,0,0,0,0,0,0,7.3884000778198242,0,7.1459000000000001,0,0.00019999999999999998,0
dem-canyon-b50000-transactional-t8,A,75,0,14453462628644333389,50000,282,160,0,0,0,0,0,0,0,6.8302998542785645,0,6.6840000000000002,0,9.9999999999999991e-05,0
dem-canyon-b50000-transactional-t8,A,76,0,14453462628644333389,50000,282,160,0,0,0,0,0,0,0,6.9418997764587402,0,6.7995000000000001,0,9.9999999999999991e-05,0
dem-canyon-b50000-transactional-t8,A,77,0,14453462628644333389,50000,282,160,0,0,0,0,0,0,0,6.8817000389099121,0,6.6928999999999998,0,9.9999999999999991e-05,0
dem-canyon-b50000-transactional-t8,A,78,0,14453462628644333389,50000,282,160,0,0,0,0,0,0,0,6.5201997756958008,0,6.3794000000000004,0,0.00019999999999999998,0
dem-canyon-b50000-transactional-t8,A,79,0,14453462628644333389,50000,282,160,0,0,0,0,0,0,0,7.1700000762939453,0,6.9608999999999996,0,9.9999999999999991e-05,0
dem-canyon-b50000-transactional-t8,A,80,0,14453462628644333389,50000,282,160,0,0,0,0,0,0,0,6.5619001388549805,0,6.3264000000000005,0,0,0
dem-canyon-b50000-transactional-t8,A,81,0,14453462628644333389,50000,282,160,0,0,0,0,0,0,0,6.8094000816345215,0,6.5087999999999999,0,9.9999999999999991e-05,0
dem-canyon-b50000-transactional-t8,A,82,0,14453462628644333389,50000,282,160,0,0,0,0,0,0,0,8.2267999649047852,0,7.9237000000000002,0,0.00029999999999999997,0
dem-canyon-b50000-transactional-t8,A,83,0,14453462628644333389,50000,282,160,0,0,0,0,0,0,0,8.8975000381469727,0,8.5832999999999995,0,9.9999999999999991e-05,0
dem-canyon-b50000-transactional-t8,A,84,0,14453462628644333389,50000,282,160,0,0,0,0,0,0,0,6.9892997741699219,0,6.8044000000000002,0,0.00029999999999999997,0
dem-canyon-b50000-transactional-t8,A,85,0,14453462628644333389,50000,282,160,0,0,0,0,0,0,0,6.8557000160217285,0,6.6181000000000001,0,0,0
dem-canyon-b50000-transactional-t8,A,86,0,14453462628644333389,50000,282,160,0,0,0,0,0,0,0,7.8621001243591309,0,7.5957999999999997,0,9.9999999999999991e-05,0
dem-canyon-b50000-transactional-t8,A,87,0,14453462628644333389,50000,282,160,0,0,0,0,0,0,0,7.1111998558044434,0,6.7749999999999995,0,9.9999999999999991e-05,0
dem-canyon-b50000-transactional-t8,A,88,0,14453462628644333389,50000,282,160,0,0,0,0,0,0,0,7.109799861907959,0,6.9455,0,0.00029999999999999997,0
dem-canyon-b50000-transactional-t8,A,89,0,14453462628644333389,50000,282,160,0,0,0,0,0,0,0,6.5110998153686523,0,6.3200000000000003,0,0,0
dem-canyon-b50000-transactional-t8,A,90,0,14453462628644333389,50000,282,160,0,0,0,0,0,0,0,8.4364995956420898,0,8.1788999999999987,0,9.9999999999999991e-05,0
dem-canyon-b50000-transactional-t8,A,91,0,14453462628644333389,50000,282,160,0,0,0,0,0,0,0,7.4022002220153809,0,7.2072000000000003,0,9.9999999999999991e-05,0
dem-canyon-b50000-transactional-t8,A,92,0,14453462628644333389,50000,282,160,0,0,0,0,0,0,0,7.1522002220153809,0,7.0252999999999997,0,0,0
dem-canyon-b50000-transactional-t8,A,93,0,14453462628644333389,50000,282,160,0,0,0,0,0,0,0,5.8108000755310059,0,5.6501000000000001,0,9.9999999999999991e-05,0
dem-canyon-b50000-transactional-t8,A,94,0,14453462628644333389,50000,282,160,0,0,0,0,0,0,0,7.7494001388549805,0,7.6109,0,9.9999999999999991e-05,0
dem-canyon-b50000-transactional-t8,A,95,0,14453462628644333389,50000,282,160,0,0,0,0,0,0,0,7.1406002044677734,0,6.9710999999999999,0,9.9999999999999991e-05,0
dem-canyon-b50000-transactional-t8,B,0,1,1280469177983347998,49999,25598,160,158,158,158,35,0,22192,1103,5438.70458984375,0,46.241699999999994,43.238300000000002,28.943000000000001,28.0383
dem-canyon-b50000-transactional-t8,B,1,1,14453663114147691563,49999,25659,160,24,24,24,12,0,3288,79,111.53549957275391,21.363500000000002,41.318300000000001,31.790800000000001,1.2927,11.5998
dem-canyon-b50000-transactional-t8,B,2,1,3783830020145409136,49999,25598,160,1,1,1,1,0,115,0,118.65280151367188,21.264199999999999,66.461999999999989,27.210999999999999,0.0693,2.0939999999999999
dem-canyon-b50000-transactional-t8,B,3,0,2891871607054168155,49999,25316,160,13,13,13,6,0,1842,44,183.81500244140625,18.370999999999999,116.90589999999999,39.510999999999996,0.55279999999999996,6.4981
dem-canyon-b50000-transactional-t8,B,4,0,651741880132569872,50000,25145,160,6,5,5,2,1,701,15,125.49030303955078,19.083200000000001,77.336799999999997,24.739799999999999,0.40329999999999999,2.677
dem-canyon-b50000-transactional-t8,B,5,0,16570730064765630339,50000,24953,160,7,7,7,4,0,977,11,211.04249572753906,20.905199999999997,162.0462,20.263300000000001,0.38430000000000003,5.2594000000000003
dem-canyon-b50000-transactional-t8,B,6,0,4635675577878268930,50000,24870,160,5,5,5,3,0,742,9,188.92489624023438,18.848299999999998,127.0522,34.376600000000003,0.29849999999999999,6.3231000000000002
dem-canyon-b50000-transactional-t8,B,7,0,16865880013031553283,50000,24750,160,5,5,5,3,0,720,5,157.17059326171875,18.719800000000003,106.45830000000001,24.258399999999998,0.23039999999999999,5.6487000000000007
dem-canyon-b50000-transactional-t8,B,8,0,5587609320386097257,50000,24490,160,3,3,3,2,0,464,1,145.04539489746094,18.3446,104.5659,18.0396,0.13730000000000001,2.9401000000000002
dem-canyon-b50000-transactional-t8,B,9,0,11464735031204692843,49999,24211,160,7,7,7,1,0,1118,0,148.17649841308594,18.5398,110.35300000000001,17.572900000000001,0.092499999999999999,0.83379999999999999
dem-canyon-b50000-transactional-t8,B,10,0,13399507346750227070,49999,23902,160,8,8,8,1,0,1265,0,136.27609252929688,17.870699999999999,97.742099999999994,17.993300000000001,0.12720000000000001,1.5488
dem-canyon-b50000-transactional-t8,B,11,0,13399507346750227070,49999,23548,160,12,12,0,0,0,1920,0,146.38699340820312,18.5532,112.98869999999999,14.0695,0.11270000000000001,0
dem-canyon-b50000-transactional-t8,B,12,0,2934342344009938920,49999,22929,160,22,22,22,2,0,3506,1,135.42149353027344,18.9834,99.052300000000002,14.083699999999999,0.28749999999999998,2.2360000000000002
dem-canyon-b50000-transactional-t8,B,13,0,2934342344009938920,49999,22138,160,21,21,0,0,0,3360,0,131.12139892578125,18.297599999999999,96.886899999999997,15.328100000000001,0.18490000000000001,0
dem-canyon-b50000-transactional-t8,B,14,0,12823397007340087922,49999,21331,160,26,26,26,3,0,4132,3,143.06739807128906,16.3078,104.83030000000001,17.309999999999999,0.31359999999999999,3.0431999999999997
dem-canyon-b50000-transactional-t8,B,15,0,3979386832663881342,49999,20205,160,36,36,36,1,0,5754,0,137.55889892578125,19.186199999999999,99.771299999999997,16.179200000000002,0.38069999999999998,0.92809999999999993
dem-canyon-b50000-transactional-t8,B,16,0,14725041331524854679,49999,19078,160,36,36,36,3,0,5735,3,125.55400085449219,18.160499999999999,81.341499999999996,21.3398,0.51700000000000002,3.0009000000000001
dem-canyon-b50000-transactional-t8,B,17,0,14725041331524854679,49999,18114,160,34,34,0,0,0,5440,0,115.91200256347656,19.143599999999999,84.085999999999999,11.866099999999999,0.29880000000000001,0
dem-canyon-b50000-transactional-t8,B,18,0,12632376470959076093,49999,17213,160,46,46,46,5,0,7297,10,151.86700439453125,17.176000000000002,99.422300000000007,29.3886,0.62790000000000001,3.3134000000000001
dem-canyon-b50000-transactional-t8,B,19,0,14456283350759320556,49999,16650,160,34,34,34,1,0,5439,0,114.19090270996094,16.058300000000003,82.49430000000001,13.5976,0.2535,0.8397
dem-canyon-b50000-transactional-t8,B,20,0,3467233354052990755,49999,15923,160,45,45,45,1,0,7190,0,101.09339904785156,15.766700000000002,70.926900000000003,12.395200000000001,0.4264,0.88319999999999999
dem-canyon-b50000-transactional-t8,B,21,0,3117248214269280325,49999,15039,160,54,54,54,1,0,8629,0,110.345703125,18.192599999999999,70.367100000000008,19.030899999999999,0.5282,1.0722
dem-canyon-b50000-transactional-t8,B,22,0,14366465960969631443,49999,13915,160,58,58,58,2,0,9268,1,115.20110321044922,15.963200000000001,75.204800000000006,20.577000000000002,0.73240000000000005,1.5364
dem-canyon-b50000-transactional-t8,B,23,0,228350302628361656,49999,13020,160,53,53,53,2,0,8379,1,96.158599853515625,18.033200000000001,63.413300000000007,12.333299999999999,0.35510000000000003,1.2175
dem-canyon-b50000-transactional-t8,B,24,0,15118872053240788373,49999,11311,160,64,64,64,2,0,10084,1,92.839302062988281,16.125400000000003,59.4756,13.5311,0.70310000000000006,1.8500000000000001
dem-canyon-b50000-transactional-t8,B,25,0,11968088478746714801,49999,9968,160,68,68,68,2,0,10772,1,95.383003234863281,16.026299999999999,62.390099999999997,14.3058,0.45750000000000002,1.3895
dem-canyon-b50000-transactional-t8,B,26,0,2633211585823520498,49999,9050,160,73,73,73,2,0,11675,1,100.81559753417969,15.2934,66.709400000000002,14.7759,0.78059999999999996,1.8747
dem-canyon-b50000-transactional-t8,B,27,0,7598802515236439502,49999,8300,160,81,81,81,5,0,12895,10,103.84510040283203,16.895299999999999,61.487100000000005,18.2193,1.1768000000000001,4.3131999999999993
dem-canyon-b50000-transactional-t8,B,28,0,11436401032254206730,49999,7523,160,75,75,75,2,0,11963,1,100.95950317382812,17.120199999999997,66.555199999999999,14.325100000000001,0.4728,1.327
dem-canyon-b50000-transactional-t8,B,29,0,15402996244792623959,49999,6940,160,68,68,68,2,0,10847,68,146.85760498046875,16.444700000000001,107.1537,19.462400000000002,0.62359999999999993,1.4117999999999999
dem-canyon-b50000-transactional-t8,B,30,0,3045193570500464042,49999,6129,160,73,73,73,2,0,11562,72,134.30409240722656,15.603,95.850400000000008,18.183700000000002,1.1746000000000001,2.0167999999999999
dem-canyon-b50000-transactional-t8,B,31,0,3045193570500464042,49999,5149,160,96,96,0,0,0,15360,0,121.27960205078125,15.525300000000001,91.991699999999994,11.207999999999998,0.79900000000000004,0
dem-canyon-b50000-transactional-t8,B,32,0,3045193570500464042,49999,4792,160,102,102,0,0,0,16320,0,98.014297485351562,17.6159,67.164199999999994,11.735000000000001,0.82150000000000001,0
dem-canyon-b50000-transactional-t8,B,33,0,3045193570500464042,49999,5785,160,70,70,0,0,0,11200,0,161.97689819335938,15.7376,133.47619999999998,11.2117,0.62759999999999994,0
dem-canyon-b50000-transactional-t8,B,34,0,3045193570500464042,49999,6710,160,56,56,0,0,0,8960,0,150.45930480957031,16.955399999999997,119.3439,12.789099999999999,0.49430000000000002,0
dem-canyon-b50000-transactional-t8,B,35,0,3045193570500464042,49999,7296,160,56,56,0,0,0,8960,0,98.705101013183594,14.785,68.574300000000008,14.282100000000002,0.42519999999999997,0
dem-canyon-b50000-transactional-t8,B,36,0,3045193570500464042,49999,7986,160,53,53,0,0,0,8480,0,100.80539703369141,20.9285,66.483999999999995,12.3713,0.43490000000000001,0
dem-canyon-b50000-transactional-t8,B,37,0,3045193570500464042,49999,8812,160,36,36,0,0,0,5760,0,94.007797241210938,15.452499999999999,65.268199999999993,12.0076,0.32979999999999998,0
dem-canyon-b50000-transactional-t8,B,38,0,3045193570500464042,49999,9631,160,38,38,0,0,0,6080,0,90.024696350097656,15.975,60.883000000000003,12.214600000000001,0.33330000000000004,0
dem-canyon-b50000-transactional-t8,B,39,0,3045193570500464042,49999,10873,160,39,39,0,0,0,6240,0,89.733497619628906,16.876300000000001,60.729500000000002,11.2117,0.2218,0
dem-canyon-b50000-transactional-t8,B,40,0,3045193570500464042,49999,12601,160,36,36,0,0,0,5760,0,96.427299499511719,16.410299999999999,66.458299999999994,12.457800000000001,0.32029999999999997,0
dem-canyon-b50000-transactional-t8,B,41,0,3045193570500464042,49999,13592,160,28,28,0,0,0,4480,0,93.333000183105469,17.1783,62.847899999999996,12.375499999999999,0.17510000000000001,0
dem-canyon-b50000-transactional-t8,B,42,0,3045193570500464042,49999,14711,160,22,22,0,0,0,3520,0,105.3572998046875,16.9849,73.396699999999996,14.4038,0.18430000000000002,0
dem-canyon-b50000-transactional-t8,B,43,0,3045193570500464042,49999,15699,160,28,28,0,0,0,4480,0,139.11210632324219,17.2315,109.00749999999999,12.1562,0.1545,0
dem-canyon-b50000-transactional-t8,B,44,0,3045193570500464042,49999,16479,160,15,15,0,0,0,2400,0,106.22769927978516,17.2469,75.986799999999988,12.3163,0.1492,0
dem-canyon-b50000-transactional-t8,B,45,0,3045193570500464042,49999,17055,160,13,13,0,0,0,2080,0,103.70240020751953,16.9666,73.951699999999988,12.2395,0.11849999999999999,0
dem-canyon-b50000-transactional-t8,B,46,0,3045193570500464042,49999,17811,160,12,12,0,0,0,1920,0,118.41799926757812,15.656000000000001,88.557999999999993,13.761000000000001,0.10880000000000001,0
dem-canyon-b50000-transactional-t8,B,47,0,3045193570500464042,49999,18758,160,20,20,0,0,0,3200,0,130.8916015625,17.083000000000002,100.5197,12.826000000000001,0.10840000000000001,0
dem-canyon-b50000-transactional-t8,B,48,0,3045193570500464042,49999,19840,160,14,14,0,0,0,2240,0,120.08470153808594,18.1754,88.121500000000012,13.423,0.075600000000000001,0
dem-canyon-b50000-transactional-t8,B,49,0,3045193570500464042,49999,20997,160,6,6,0,0,0,960,0,130.65280151367188,17.482500000000002,99.018300000000011,13.7232,0.051900000000000002,0
dem-canyon-b50000-transactional-t8,B,50,0,3045193570500464042,49999,21936,160,0,0,0,0,0,0,0,115.82820129394531,18.140599999999999,97.471500000000006,0,0.00029999999999999997,0
dem-canyon-b50000-transactional-t8,B,51,0,3045193570500464042,49999,22652,160,6,6,0,0,0,960,0,123.75209808349609,18.023199999999999,91.203599999999994,14.063499999999999,0.080799999999999997,0
dem-canyon-b50000-transactional-t8,B,52,0,3045193570500464042,49999,23456,160,4,4,0,0,0,640,0,127.53079986572266,17.796599999999998,97.651799999999994,11.7178,0.029399999999999999,0
dem-canyon-b50000-transactional-t8,B,53,0,3045193570500464042,49999,23870,160,2,2,0,0,0,320,0,126.61119842529297,17.6219,96.679600000000008,11.914599999999998,0.028299999999999999,0
dem-canyon-b50000-transactional-t8,B,54,0,3045193570500464042,49999,24113,160,0,0,0,0,0,0,0,126.17440032958984,18.029300000000003,107.96409999999999,0,9.9999999999999991e-05,0
dem-canyon-b50000-transactional-t8,B,55,0,3045193570500464042,49999,24464,160,0,0,0,0,0,0,0,107.81610107421875,17.692900000000002,89.978200000000001,0,0.00029999999999999997,0
dem-canyon-b50000-transactional-t8,B,56,0,3045193570500464042,49999,24750,160,0,0,0,0,0,0,0,85.268699645996094,16.732400000000002,68.310299999999998,0,0,0
dem-canyon-b50000-transactional-t8,B,57,0,3045193570500464042,49999,24884,160,1,1,0,0,0,160,0,101.63950347900391,18.2196,71.403900000000007,11.6471,0.0155,0
dem-canyon-b50000-transactional-t8,B,58,0,3045193570500464042,49999,24944,160,1,1,0,0,0,160,0,89.84100341796875,18.393799999999999,59.040799999999997,11.8787,0.022799999999999997,0
dem-canyon-b50000-transactional-t8,B,59,0,3045193570500464042,49999,25145,160,4,4,0,0,0,640,0,95.918800354003906,17.5395,62.217799999999997,15.824999999999999,0.042299999999999997,0
dem-canyon-b50000-transactional-t8,B,60,0,3045193570500464042,49999,25277,160,9,9,0,0,0,1440,0,169.47430419921875,18.000499999999999,137.7081,13.201700000000001,0.0574,0
dem-canyon-b50000-transactional-t8,B,61,0,3045193570500464042,49999,25592,160,0,0,0,0,0,0,0,68.572898864746094,18.732100000000003,49.424399999999999,0,9.9999999999999991e-05,0
dem-canyon-b50000-transactional-t8,B,62,0,3045193570500464042,49999,25720,160,0,0,0,0,0,0,0,44.077499389648438,17.910800000000002,25.973099999999999,0,0.00039999999999999996,0
dem-canyon-b50000-transactional-t8,B,63,0,3045193570500464042,49999,25727,160,6,6,0,0,0,960,0,53.391899108886719,20.177799999999998,19.267800000000001,13.567400000000001,0.057000000000000002,0
dem-canyon-b50000-transactional-t8,B,64,0,11229089894700938834,50000,25730,160,5,4,4,2,1,638,1,58.964599609375,18.5093,17.017399999999999,20.9376,0.088300000000000003,1.8264
dem-canyon-b50000-transactional-t8,B,65,0,11229089894700938834,50000,25733,160,0,0,0,0,0,0,0,10.661299705505371,0,10.557399999999999,0,9.9999999999999991e-05,0
dem-canyon-b50000-transactional-t8,B,66,0,11229089894700938834,50000,25733,160,0,0,0,0,0,0,0,11.827899932861328,0,11.662600000000001,0,0,0
dem-canyon-b50000-transactional-t8,B,67,0,11229089894700938834,50000,25733,160,0,0,0,0,0,0,0,11.683899879455566,0,11.473100000000001,0,9.9999999999999991e-05,0
dem-canyon-b50000-transactional-t8,B,68,0,11229089894700938834,50000,25733,160,0,0,0,0,0,0,0,11.814900398254395,0,11.6921,0,0,0
dem-canyon-b50000-transactional-t8,B,69,0,11229089894700938834,50000,25733,160,0,0,0,0,0,0,0,11.48900032043457,0,11.324499999999999,0,0,0
dem-canyon-b50000-transactional-t8,B,70,0,11229089894700938834,50000,25733,160,0,0,0,0,0,0,0,35.047401428222656,0,34.852899999999998,0,0.00029999999999999997,0
dem-canyon-b50000-transactional-t8,B,71,0,11229089894700938834,50000,25733,160,0,0,0,0,0,0,0,41.173599243164062,0,40.874899999999997,0,0,0
dem-canyon-b50000-transactional-t8,B,72,0,11229089894700938834,50000,25733,160,0,0,0,0,0,0,0,25.870599746704102,0,25.4468,0,0.00019999999999999998,0
dem-canyon-b50000-transactional-t8,B,73,0,11229089894700938834,50000,25733,160,0,0,0,0,0,0,0,17.084699630737305,0,16.8581,0,9.9999999999999991e-05,0
dem-canyon-b50000-transactional-t8,B,74,0,11229089894700938834,50000,25733,160,0,0,0,0,0,0,0,16.600200653076172,0,16.302099999999999,0,9.9999999999999991e-05,0
dem-canyon-b50000-transactional-t8,B,75,0,11229089894700938834,50000,25733,160,0,0,0,0,0,0,0,11.174200057983398,0,10.9984,0,9.9999999999999991e-05,0
dem-canyon-b50000-transactional-t8,B,76,0,11229089894700938834,50000,25733,160,0,0,0,0,0,0,0,12.135800361633301,0,11.953200000000001,0,9.9999999999999991e-05,0
dem-canyon-b50000-transactional-t8,B,77,0,11229089894700938834,50000,25733,160,0,0,0,0,0,0,0,12.193499565124512,0,12.0572,0,0,0
dem-canyon-b50000-transactional-t8,B,78,0,11229089894700938834,50000,25733,160,0,0,0,0,0,0,0,12.093799591064453,0,11.9725,0,9.9999999999999991e-05,0
dem-canyon-b50000-transactional-t8,B,79,0,11229089894700938834,50000,25733,160,0,0,0,0,0,0,0,11.161399841308594,0,11.053100000000001,0,0,0
dem-canyon-b50000-transactional-t8,B,80,0,11229089894700938834,50000,25733,160,0,0,0,0,0,0,0,12.413800239562988,0,12.2721,0,9.9999999999999991e-05,0
dem-canyon-b50000-transactional-t8,B,81,0,11229089894700938834,50000,25733,160,0,0,0,0,0,0,0,11.317700386047363,0,11.209899999999999,0,0,0
dem-canyon-b50000-transactional-t8,B,82,0,11229089894700938834,50000,25733,160,0,0,0,0,0,0,0,10.754799842834473,0,10.552900000000001,0,9.9999999999999991e-05,0
dem-canyon-b50000-transactional-t8,B,83,0,11229089894700938834,50000,25733,160,0,0,0,0,0,0,0,10.983699798583984,0,10.803500000000001,0,0.00019999999999999998,0
dem-canyon-b50000-transactional-t8,B,84,0,11229089894700938834,50000,25733,160,0,0,0,0,0,0,0,11.895199775695801,0,11.6282,0,0,0
dem-canyon-b50000-transactional-t8,B,85,0,11229089894700938834,50000,25733,160,0,0,0,0,0,0,0,11.773099899291992,0,11.5844,0,9.9999999999999991e-05,0
dem-canyon-b50000-transactional-t8,B,86,0,11229089894700938834,50000,25733,160,0,0,0,0,0,0,0,12.193699836730957,0,12.036799999999999,0,9.9999999999999991e-05,0
dem-canyon-b50000-transactional-t8,B,87,0,11229089894700938834,50000,25733,160,0,0,0,0,0,0,0,12.058799743652344,0,11.849,0,0.00019999999999999998,0
dem-canyon-b50000-transactional-t8,B,88,0,11229089894700938834,50000,25733,160,0,0,0,0,0,0,0,12.14430046081543,0,11.9907,0,9.9999999999999991e-05,0
dem-canyon-b50000-transactional-t8,B,89,0,11229089894700938834,50000,25733,160,0,0,0,0,0,0,0,10.396300315856934,0,10.2014,0,9.9999999999999991e-05,0
dem-canyon-b50000-transactional-t8,B,90,0,11229089894700938834,50000,25733,160,0,0,0,0,0,0,0,11.271599769592285,0,11.0642,0,0.00019999999999999998,0
dem-canyon-b50000-transactional-t8,B,91,0,11229089894700938834,50000,25733,160,0,0,0,0,0,0,0,11.823300361633301,0,11.707100000000001,0,9.9999999999999991e-05,0
dem-canyon-b50000-transactional-t8,B,92,0,11229089894700938834,50000,25733,160,0,0,0,0,0,0,0,11.677200317382812,0,11.510400000000001,0,9.9999999999999991e-05,0
dem-canyon-b50000-transactional-t8,B,93,0,11229089894700938834,50000,25733,160,0,0,0,0,0,0,0,11.945899963378906,0,11.7736,0,0,0
dem-canyon-b50000-transactional-t8,B,94,0,11229089894700938834,50000,25733,160,0,0,0,0,0,0,0,10.064000129699707,0,9.9291999999999998,0,0.00029999999999999997,0
dem-canyon-b50000-transactional-t8,B,95,0,11229089894700938834,50000,25733,160,0,0,0,0,0,0,0,10.751299858093262,0,10.6417,0,9.9999999999999991e-05,0
