case,terrain,algorithm,parameter,frame,event,N,valid,ambiguous,missing,Emax,Hmax,RMS,witnessU,witnessV,sourceHash,sampleHash,sampleCount,poseHash,projectionHash,meshHash,errors,locations,image
peking547-cbt-a16,peking547,cbt,16,2,warmup,48,True,0,0,8.091670543434704,0.7824423357843742,2.0962831063663407,0.7124541997909546,0.4908424913883209,aa8d08125e409ef497e2553319d62bb2c2a32fe7b5cb4b90b0f18f79238a914f,12881002172889809993,1790881,3166611947957068695,12300297263685901889,9892117198404060725,/mnt/d/CPP-Projects/WorkloadAwareROAM/benchmark-output/cbt-2024/cbi-04/quality/peking547-cbt-a16/frame-2/errors.f64,/mnt/d/CPP-Projects/WorkloadAwareROAM/benchmark-output/cbt-2024/cbi-04/quality/peking547-cbt-a16/frame-2/locations.csv,/mnt/d/CPP-Projects/WorkloadAwareROAM/benchmark-output/cbt-2024/cbi-04/runs/peking547-cbt-a16/visual/run/frame-2.png
peking547-cbt-a16,peking547,cbt,16,15,move,45112,True,0,0,1.0698178392862385,0.11525219613350568,0.06420510390713065,0.045787546783685684,0,aa8d08125e409ef497e2553319d62bb2c2a32fe7b5cb4b90b0f18f79238a914f,12881002172889809993,1790881,13198516499610291869,489952494327513795,10476884340962384743,/mnt/d/CPP-Projects/WorkloadAwareROAM/benchmark-output/cbt-2024/cbi-04/quality/peking547-cbt-a16/frame-15/errors.f64,/mnt/d/CPP-Projects/WorkloadAwareROAM/benchmark-output/cbt-2024/cbi-04/quality/peking547-cbt-a16/frame-15/locations.csv,/mnt/d/CPP-Projects/WorkloadAwareROAM/benchmark-output/cbt-2024/cbi-04/runs/peking547-cbt-a16/visual/run/frame-15.png
peking547-cbt-a16,peking547,cbt,16,16,recovery,34582,True,0,0,0.9279701549916926,0.11987946713167019,0.06247912837213328,0.9212453961372375,0.12454212456941605,aa8d08125e409ef497e2553319d62bb2c2a32fe7b5cb4b90b0f18f79238a914f,12881002172889809993,1790881,3166611947957068695,12300297263685901889,10934814604544872928,/mnt/d/CPP-Projects/WorkloadAwareROAM/benchmark-output/cbt-2024/cbi-04/quality/peking547-cbt-a16/frame-16/errors.f64,/mnt/d/CPP-Projects/WorkloadAwareROAM/benchmark-output/cbt-2024/cbi-04/quality/peking547-cbt-a16/frame-16/locations.csv,/mnt/d/CPP-Projects/WorkloadAwareROAM/benchmark-output/cbt-2024/cbi-04/runs/peking547-cbt-a16/visual/run/frame-16.png
peking547-cbt-a16,peking547,cbt,16,23,recovery,45844,True,0,0,0.9279701549916926,0.24475183808726486,0.05293903623176784,0.9212453961372375,0.12454212456941605,aa8d08125e409ef497e2553319d62bb2c2a32fe7b5cb4b90b0f18f79238a914f,12881002172889809993,1790881,3166611947957068695,12300297263685901889,188948996912406655,/mnt/d/CPP-Projects/WorkloadAwareROAM/benchmark-output/cbt-2024/cbi-04/quality/peking547-cbt-a16/frame-23/errors.f64,/mnt/d/CPP-Projects/WorkloadAwareROAM/benchmark-output/cbt-2024/cbi-04/quality/peking547-cbt-a16/frame-23/locations.csv,/mnt/d/CPP-Projects/WorkloadAwareROAM/benchmark-output/cbt-2024/cbi-04/runs/peking547-cbt-a16/visual/run/frame-23.png
peking547-cbt-a8,peking547,cbt,8,2,warmup,48,True,0,0,8.091670543434704,0.7824423357843742,2.0962831063663407,0.7124541997909546,0.4908424913883209,aa8d08125e409ef497e2553319d62bb2c2a32fe7b5cb4b90b0f18f79238a914f,12881002172889809993,1790881,3166611947957068695,12300297263685901889,9892117198404060725,/mnt/d/CPP-Projects/WorkloadAwareROAM/benchmark-output/cbt-2024/cbi-04/quality/peking547-cbt-a8/frame-2/errors.f64,/mnt/d/CPP-Projects/WorkloadAwareROAM/benchmark-output/cbt-2024/cbi-04/quality/peking547-cbt-a8/frame-2/locations.csv,/mnt/d/CPP-Projects/WorkloadAwareROAM/benchmark-output/cbt-2024/cbi-04/runs/peking547-cbt-a8/visual/run/frame-2.png
peking547-cbt-a8,peking547,cbt,8,15,move,80193,True,0,0,1.0698178392862385,0.11525219613350568,0.04662647640885639,0.045787546783685684,0,aa8d08125e409ef497e2553319d62bb2c2a32fe7b5cb4b90b0f18f79238a914f,12881002172889809993,1790881,13198516499610291869,489952494327513795,2044511797694286984,/mnt/d/CPP-Projects/WorkloadAwareROAM/benchmark-output/cbt-2024/cbi-04/quality/peking547-cbt-a8/frame-15/errors.f64,/mnt/d/CPP-Projects/WorkloadAwareROAM/benchmark-output/cbt-2024/cbi-04/quality/peking547-cbt-a8/frame-15/locations.csv,/mnt/d/CPP-Projects/WorkloadAwareROAM/benchmark-output/cbt-2024/cbi-04/runs/peking547-cbt-a8/visual/run/frame-15.png
peking547-cbt-a8,peking547,cbt,8,16,recovery,63132,True,0,0,0.7588898510752164,0.11215178882824972,0.039917940934984034,0.9239926636219025,0.12820513546466827,aa8d08125e409ef497e2553319d62bb2c2a32fe7b5cb4b90b0f18f79238a914f,12881002172889809993,1790881,3166611947957068695,12300297263685901889,6003266892160021092,/mnt/d/CPP-Projects/WorkloadAwareROAM/benchmark-output/cbt-2024/cbi-04/quality/peking547-cbt-a8/frame-16/errors.f64,/mnt/d/CPP-Projects/WorkloadAwareROAM/benchmark-output/cbt-2024/cbi-04/quality/peking547-cbt-a8/frame-16/locations.csv,/mnt/d/CPP-Projects/WorkloadAwareROAM/benchmark-output/cbt-2024/cbi-04/runs/peking547-cbt-a8/visual/run/frame-16.png
peking547-cbt-a8,peking547,cbt,8,23,recovery,85238,True,0,0,0.7588898510752164,0.24475183808726486,0.030922066100568586,0.9239926636219025,0.12820513546466827,aa8d08125e409ef497e2553319d62bb2c2a32fe7b5cb4b90b0f18f79238a914f,12881002172889809993,1790881,3166611947957068695,12300297263685901889,3654798419917470044,/mnt/d/CPP-Projects/WorkloadAwareROAM/benchmark-output/cbt-2024/cbi-04/quality/peking547-cbt-a8/frame-23/errors.f64,/mnt/d/CPP-Projects/WorkloadAwareROAM/benchmark-output/cbt-2024/cbi-04/quality/peking547-cbt-a8/frame-23/locations.csv,/mnt/d/CPP-Projects/WorkloadAwareROAM/benchmark-output/cbt-2024/cbi-04/runs/peking547-cbt-a8/visual/run/frame-23.png
peking547-cbt-a4,peking547,cbt,4,2,warmup,48,True,0,0,8.091670543434704,0.7824423357843742,2.0962831063663407,0.7124541997909546,0.4908424913883209,aa8d08125e409ef497e2553319d62bb2c2a32fe7b5cb4b90b0f18f79238a914f,12881002172889809993,1790881,3166611947957068695,12300297263685901889,9892117198404060725,/mnt/d/CPP-Projects/WorkloadAwareROAM/benchmark-output/cbt-2024/cbi-04/quality/peking547-cbt-a4/frame-2/errors.f64,/mnt/d/CPP-Projects/WorkloadAwareROAM/benchmark-output/cbt-2024/cbi-04/quality/peking547-cbt-a4/frame-2/locations.csv,/mnt/d/CPP-Projects/WorkloadAwareROAM/benchmark-output/cbt-2024/cbi-04/runs/peking547-cbt-a4/visual/run/frame-2.png
peking547-cbt-a4,peking547,cbt,4,15,move,130269,True,0,0,1.0698178392862385,0.11525219613350568,0.038598847308145896,0.045787546783685684,0,aa8d08125e409ef497e2553319d62bb2c2a32fe7b5cb4b90b0f18f79238a914f,12881002172889809993,1790881,13198516499610291869,489952494327513795,9666425116932656255,/mnt/d/CPP-Projects/WorkloadAwareROAM/benchmark-output/cbt-2024/cbi-04/quality/peking547-cbt-a4/frame-15/errors.f64,/mnt/d/CPP-Projects/WorkloadAwareROAM/benchmark-output/cbt-2024/cbi-04/quality/peking547-cbt-a4/frame-15/locations.csv,/mnt/d/CPP-Projects/WorkloadAwareROAM/benchmark-output/cbt-2024/cbi-04/runs/peking547-cbt-a4/visual/run/frame-15.png
peking547-cbt-a4,peking547,cbt,4,16,recovery,110004,True,0,0,0.6539445661599348,0.11215178882824972,0.02589306269917418,0.04029304161667824,0.010989011265337467,aa8d08125e409ef497e2553319d62bb2c2a32fe7b5cb4b90b0f18f79238a914f,12881002172889809993,1790881,3166611947957068695,12300297263685901889,17624025818366193098,/mnt/d/CPP-Projects/WorkloadAwareROAM/benchmark-output/cbt-2024/cbi-04/quality/peking547-cbt-a4/frame-16/errors.f64,/mnt/d/CPP-Projects/WorkloadAwareROAM/benchmark-output/cbt-2024/cbi-04/quality/peking547-cbt-a4/frame-16/locations.csv,/mnt/d/CPP-Projects/WorkloadAwareROAM/benchmark-output/cbt-2024/cbi-04/runs/peking547-cbt-a4/visual/run/frame-16.png
peking547-cbt-a4,peking547,cbt,4,23,recovery,140913,True,0,0,0.407000259459492,0.1675816474447367,0.01807741192026999,0.9059828917185465,0.11477411538362503,aa8d08125e409ef497e2553319d62bb2c2a32fe7b5cb4b90b0f18f79238a914f,12881002172889809993,1790881,3166611947957068695,12300297263685901889,12372462313301210305,/mnt/d/CPP-Projects/WorkloadAwareROAM/benchmark-output/cbt-2024/cbi-04/quality/peking547-cbt-a4/frame-23/errors.f64,/mnt/d/CPP-Projects/WorkloadAwareROAM/benchmark-output/cbt-2024/cbi-04/quality/peking547-cbt-a4/frame-23/locations.csv,/mnt/d/CPP-Projects/WorkloadAwareROAM/benchmark-output/cbt-2024/cbi-04/runs/peking547-cbt-a4/visual/run/frame-23.png
peking547-dod-b50000,peking547,dod,50000,2,warmup,49999,True,0,0,0.44188556383409333,0.1675816474447367,0.0358324237514829,0.8040292859077454,0.007326007355004549,aa8d08125e409ef497e2553319d62bb2c2a32fe7b5cb4b90b0f18f79238a914f,12881002172889809993,1790881,3166611947957068695,12300297263685901889,3504792134666985163,/mnt/d/CPP-Projects/WorkloadAwareROAM/benchmark-output/cbt-2024/cbi-04/quality/peking547-dod-b50000/frame-2/errors.f64,/mnt/d/CPP-Projects/WorkloadAwareROAM/benchmark-output/cbt-2024/cbi-04/quality/peking547-dod-b50000/frame-2/locations.csv,/mnt/d/CPP-Projects/WorkloadAwareROAM/benchmark-output/cbt-2024/cbi-04/runs/peking547-dod-b50000/visual/run/frame-2.png
peking547-dod-b50000,peking547,dod,50000,15,move,50000,True,0,0,0.418727498700991,0.281968581366959,0.03405166256535189,0.7307692170143127,0.4761904776096344,aa8d08125e409ef497e2553319d62bb2c2a32fe7b5cb4b90b0f18f79238a914f,12881002172889809993,1790881,13198516499610291869,489952494327513795,18334981271927936407,/mnt/d/CPP-Projects/WorkloadAwareROAM/benchmark-output/cbt-2024/cbi-04/quality/peking547-dod-b50000/frame-15/errors.f64,/mnt/d/CPP-Projects/WorkloadAwareROAM/benchmark-output/cbt-2024/cbi-04/quality/peking547-dod-b50000/frame-15/locations.csv,/mnt/d/CPP-Projects/WorkloadAwareROAM/benchmark-output/cbt-2024/cbi-04/runs/peking547-dod-b50000/visual/run/frame-15.png
peking547-dod-b50000,peking547,dod,50000,16,recovery,49999,True,0,0,0.44188556383409333,0.1675816474447367,0.0358324237514829,0.8040292859077454,0.007326007355004549,aa8d08125e409ef497e2553319d62bb2c2a32fe7b5cb4b90b0f18f79238a914f,12881002172889809993,1790881,3166611947957068695,12300297263685901889,7203336847110121610,/mnt/d/CPP-Projects/WorkloadAwareROAM/benchmark-output/cbt-2024/cbi-04/quality/peking547-dod-b50000/frame-16/errors.f64,/mnt/d/CPP-Projects/WorkloadAwareROAM/benchmark-output/cbt-2024/cbi-04/quality/peking547-dod-b50000/frame-16/locations.csv,/mnt/d/CPP-Projects/WorkloadAwareROAM/benchmark-output/cbt-2024/cbi-04/runs/peking547-dod-b50000/visual/run/frame-16.png
peking547-dod-b50000,peking547,dod,50000,23,recovery,49999,True,0,0,0.44188556383409333,0.1675816474447367,0.0358324237514829,0.8040292859077454,0.007326007355004549,aa8d08125e409ef497e2553319d62bb2c2a32fe7b5cb4b90b0f18f79238a914f,12881002172889809993,1790881,3166611947957068695,12300297263685901889,2147019052593932915,/mnt/d/CPP-Projects/WorkloadAwareROAM/benchmark-output/cbt-2024/cbi-04/quality/peking547-dod-b50000/frame-23/errors.f64,/mnt/d/CPP-Projects/WorkloadAwareROAM/benchmark-output/cbt-2024/cbi-04/quality/peking547-dod-b50000/frame-23/locations.csv,/mnt/d/CPP-Projects/WorkloadAwareROAM/benchmark-output/cbt-2024/cbi-04/runs/peking547-dod-b50000/visual/run/frame-23.png
peking547-transactional-b50000,peking547,transactional,50000,2,warmup,49999,True,0,0,0.44188556383409333,0.1675816474447367,0.0358324237514829,0.8040292859077454,0.007326007355004549,aa8d08125e409ef497e2553319d62bb2c2a32fe7b5cb4b90b0f18f79238a914f,12881002172889809993,1790881,3166611947957068695,12300297263685901889,18435347681902994536,/mnt/d/CPP-Projects/WorkloadAwareROAM/benchmark-output/cbt-2024/cbi-04/quality/peking547-transactional-b50000/frame-2/errors.f64,/mnt/d/CPP-Projects/WorkloadAwareROAM/benchmark-output/cbt-2024/cbi-04/quality/peking547-transactional-b50000/frame-2/locations.csv,/mnt/d/CPP-Projects/WorkloadAwareROAM/benchmark-output/cbt-2024/cbi-04/runs/peking547-transactional-b50000/visual/run/frame-2.png
peking547-transactional-b50000,peking547,transactional,50000,15,move,49999,True,0,0,1.9965571109865088,0.1675816474447367,0.11532652990377568,0.9743589758872986,1,aa8d08125e409ef497e2553319d62bb2c2a32fe7b5cb4b90b0f18f79238a914f,12881002172889809993,1790881,13198516499610291869,489952494327513795,10475014748678183350,/mnt/d/CPP-Projects/WorkloadAwareROAM/benchmark-output/cbt-2024/cbi-04/quality/peking547-transactional-b50000/frame-15/errors.f64,/mnt/d/CPP-Projects/WorkloadAwareROAM/benchmark-output/cbt-2024/cbi-04/quality/peking547-transactional-b50000/frame-15/locations.csv,/mnt/d/CPP-Projects/WorkloadAwareROAM/benchmark-output/cbt-2024/cbi-04/runs/peking547-transactional-b50000/visual/run/frame-15.png
peking547-transactional-b50000,peking547,transactional,50000,16,recovery,49999,True,0,0,0.44188556383409333,0.1675816474447367,0.03562219810256677,0.8040292859077454,0.007326007355004549,aa8d08125e409ef497e2553319d62bb2c2a32fe7b5cb4b90b0f18f79238a914f,12881002172889809993,1790881,3166611947957068695,12300297263685901889,10475014748678183350,/mnt/d/CPP-Projects/WorkloadAwareROAM/benchmark-output/cbt-2024/cbi-04/quality/peking547-transactional-b50000/frame-16/errors.f64,/mnt/d/CPP-Projects/WorkloadAwareROAM/benchmark-output/cbt-2024/cbi-04/quality/peking547-transactional-b50000/frame-16/locations.csv,/mnt/d/CPP-Projects/WorkloadAwareROAM/benchmark-output/cbt-2024/cbi-04/runs/peking547-transactional-b50000/visual/run/frame-16.png
peking547-transactional-b50000,peking547,transactional,50000,23,recovery,49999,True,0,0,0.44188556383409333,0.1675816474447367,0.03562219810256677,0.8040292859077454,0.007326007355004549,aa8d08125e409ef497e2553319d62bb2c2a32fe7b5cb4b90b0f18f79238a914f,12881002172889809993,1790881,3166611947957068695,12300297263685901889,10475014748678183350,/mnt/d/CPP-Projects/WorkloadAwareROAM/benchmark-output/cbt-2024/cbi-04/quality/peking547-transactional-b50000/frame-23/errors.f64,/mnt/d/CPP-Projects/WorkloadAwareROAM/benchmark-output/cbt-2024/cbi-04/quality/peking547-transactional-b50000/frame-23/locations.csv,/mnt/d/CPP-Projects/WorkloadAwareROAM/benchmark-output/cbt-2024/cbi-04/runs/peking547-transactional-b50000/visual/run/frame-23.png
peking547-dod-b200000,peking547,dod,200000,2,warmup,200000,True,0,0,0.20915012134511052,0.1675816474447367,0.011188298892161089,0.6135531067848206,0.09798534959554672,aa8d08125e409ef497e2553319d62bb2c2a32fe7b5cb4b90b0f18f79238a914f,12881002172889809993,1790881,3166611947957068695,12300297263685901889,6655352339049424715,/mnt/d/CPP-Projects/WorkloadAwareROAM/benchmark-output/cbt-2024/cbi-04/quality/peking547-dod-b200000/frame-2/errors.f64,/mnt/d/CPP-Projects/WorkloadAwareROAM/benchmark-output/cbt-2024/cbi-04/quality/peking547-dod-b200000/frame-2/locations.csv,/mnt/d/CPP-Projects/WorkloadAwareROAM/benchmark-output/cbt-2024/cbi-04/runs/peking547-dod-b200000/visual/run/frame-2.png
peking547-dod-b200000,peking547,dod,200000,15,move,199999,True,0,0,0.19377242496389396,0.281968581366959,0.010453214829506351,0.732600748538971,0.4780219793319702,aa8d08125e409ef497e2553319d62bb2c2a32fe7b5cb4b90b0f18f79238a914f,12881002172889809993,1790881,13198516499610291869,489952494327513795,6873051146041761150,/mnt/d/CPP-Projects/WorkloadAwareROAM/benchmark-output/cbt-2024/cbi-04/quality/peking547-dod-b200000/frame-15/errors.f64,/mnt/d/CPP-Projects/WorkloadAwareROAM/benchmark-output/cbt-2024/cbi-04/quality/peking547-dod-b200000/frame-15/locations.csv,/mnt/d/CPP-Projects/WorkloadAwareROAM/benchmark-output/cbt-2024/cbi-04/runs/peking547-dod-b200000/visual/run/frame-15.png
peking547-dod-b200000,peking547,dod,200000,16,recovery,200000,True,0,0,0.20915012134511052,0.1675816474447367,0.011188298892161089,0.6135531067848206,0.09798534959554672,aa8d08125e409ef497e2553319d62bb2c2a32fe7b5cb4b90b0f18f79238a914f,12881002172889809993,1790881,3166611947957068695,12300297263685901889,12123532629016581379,/mnt/d/CPP-Projects/WorkloadAwareROAM/benchmark-output/cbt-2024/cbi-04/quality/peking547-dod-b200000/frame-16/errors.f64,/mnt/d/CPP-Projects/WorkloadAwareROAM/benchmark-output/cbt-2024/cbi-04/quality/peking547-dod-b200000/frame-16/locations.csv,/mnt/d/CPP-Projects/WorkloadAwareROAM/benchmark-output/cbt-2024/cbi-04/runs/peking547-dod-b200000/visual/run/frame-16.png
peking547-dod-b200000,peking547,dod,200000,23,recovery,200000,True,0,0,0.20915012134511052,0.1675816474447367,0.011188298892161089,0.6135531067848206,0.09798534959554672,aa8d08125e409ef497e2553319d62bb2c2a32fe7b5cb4b90b0f18f79238a914f,12881002172889809993,1790881,3166611947957068695,12300297263685901889,8757541173156340851,/mnt/d/CPP-Projects/WorkloadAwareROAM/benchmark-output/cbt-2024/cbi-04/quality/peking547-dod-b200000/frame-23/errors.f64,/mnt/d/CPP-Projects/WorkloadAwareROAM/benchmark-output/cbt-2024/cbi-04/quality/peking547-dod-b200000/frame-23/locations.csv,/mnt/d/CPP-Projects/WorkloadAwareROAM/benchmark-output/cbt-2024/cbi-04/runs/peking547-dod-b200000/visual/run/frame-23.png
peking547-transactional-b200000,peking547,transactional,200000,2,warmup,200000,True,0,0,0.20915012134511052,0.1675816474447367,0.011188298892161082,0.6135531067848206,0.09798534959554672,aa8d08125e409ef497e2553319d62bb2c2a32fe7b5cb4b90b0f18f79238a914f,12881002172889809993,1790881,3166611947957068695,12300297263685901889,7457631040611022267,/mnt/d/CPP-Projects/WorkloadAwareROAM/benchmark-output/cbt-2024/cbi-04/quality/peking547-transactional-b200000/frame-2/errors.f64,/mnt/d/CPP-Projects/WorkloadAwareROAM/benchmark-output/cbt-2024/cbi-04/quality/peking547-transactional-b200000/frame-2/locations.csv,/mnt/d/CPP-Projects/WorkloadAwareROAM/benchmark-output/cbt-2024/cbi-04/runs/peking547-transactional-b200000/visual/run/frame-2.png
peking547-transactional-b200000,peking547,transactional,200000,15,move,200000,True,0,0,1.9965571109865088,0.1675816474447367,0.0995989540610598,0.9743589758872986,1,aa8d08125e409ef497e2553319d62bb2c2a32fe7b5cb4b90b0f18f79238a914f,12881002172889809993,1790881,13198516499610291869,489952494327513795,13058053244743975573,/mnt/d/CPP-Projects/WorkloadAwareROAM/benchmark-output/cbt-2024/cbi-04/quality/peking547-transactional-b200000/frame-15/errors.f64,/mnt/d/CPP-Projects/WorkloadAwareROAM/benchmark-output/cbt-2024/cbi-04/quality/peking547-transactional-b200000/frame-15/locations.csv,/mnt/d/CPP-Projects/WorkloadAwareROAM/benchmark-output/cbt-2024/cbi-04/runs/peking547-transactional-b200000/visual/run/frame-15.png
peking547-transactional-b200000,peking547,transactional,200000,16,recovery,200000,True,0,0,0.20915012134511052,0.1675816474447367,0.011030719324344596,0.6135531067848206,0.09798534959554672,aa8d08125e409ef497e2553319d62bb2c2a32fe7b5cb4b90b0f18f79238a914f,12881002172889809993,1790881,3166611947957068695,12300297263685901889,13058053244743975573,/mnt/d/CPP-Projects/WorkloadAwareROAM/benchmark-output/cbt-2024/cbi-04/quality/peking547-transactional-b200000/frame-16/errors.f64,/mnt/d/CPP-Projects/WorkloadAwareROAM/benchmark-output/cbt-2024/cbi-04/quality/peking547-transactional-b200000/frame-16/locations.csv,/mnt/d/CPP-Projects/WorkloadAwareROAM/benchmark-output/cbt-2024/cbi-04/runs/peking547-transactional-b200000/visual/run/frame-16.png
peking547-transactional-b200000,peking547,transactional,200000,23,recovery,200000,True,0,0,0.20915012134511052,0.1675816474447367,0.011030719324344596,0.6135531067848206,0.09798534959554672,aa8d08125e409ef497e2553319d62bb2c2a32fe7b5cb4b90b0f18f79238a914f,12881002172889809993,1790881,3166611947957068695,12300297263685901889,13058053244743975573,/mnt/d/CPP-Projects/WorkloadAwareROAM/benchmark-output/cbt-2024/cbi-04/quality/peking547-transactional-b200000/frame-23/errors.f64,/mnt/d/CPP-Projects/WorkloadAwareROAM/benchmark-output/cbt-2024/cbi-04/quality/peking547-transactional-b200000/frame-23/locations.csv,/mnt/d/CPP-Projects/WorkloadAwareROAM/benchmark-output/cbt-2024/cbi-04/runs/peking547-transactional-b200000/visual/run/frame-23.png
dem-canyon-cbt-a16,dem-canyon,cbt,16,2,reveal,48,True,0,0,63.06815471320398,6.420383776015284,10.541334021942662,0.171875,0.955078125,e1e8da6c861e3ec8c451aec601e569c6ab756a6e757a6eff27be7cea5efd7cf2,2831584742635955469,1574913,2444162831860700372,1695629951975481669,6390742029438717001,/mnt/d/CPP-Projects/WorkloadAwareROAM/benchmark-output/cbt-2024/cbi-04/quality/dem-canyon-cbt-a16/frame-2/errors.f64,/mnt/d/CPP-Projects/WorkloadAwareROAM/benchmark-output/cbt-2024/cbi-04/quality/dem-canyon-cbt-a16/frame-2/locations.csv,/mnt/d/CPP-Projects/WorkloadAwareROAM/benchmark-output/cbt-2024/cbi-04/runs/dem-canyon-cbt-a16/visual/run/frame-2.png
dem-canyon-cbt-a16,dem-canyon,cbt,16,32,return,12456,True,0,0,7.631885833797832,4.758042303022039,0.7779188927001522,0.8671875,0.828125,e1e8da6c861e3ec8c451aec601e569c6ab756a6e757a6eff27be7cea5efd7cf2,2831584742635955469,1574913,15911144475486726355,13613197345581950150,14293701836088822582,/mnt/d/CPP-Projects/WorkloadAwareROAM/benchmark-output/cbt-2024/cbi-04/quality/dem-canyon-cbt-a16/frame-32/errors.f64,/mnt/d/CPP-Projects/WorkloadAwareROAM/benchmark-output/cbt-2024/cbi-04/quality/dem-canyon-cbt-a16/frame-32/locations.csv,/mnt/d/CPP-Projects/WorkloadAwareROAM/benchmark-output/cbt-2024/cbi-04/runs/dem-canyon-cbt-a16/visual/run/frame-32.png
dem-canyon-cbt-a16,dem-canyon,cbt,16,64,recovery,34870,True,0,0,13.263264089582826,2.489405268470273,0.6697496226239261,0.12890625,0.927734375,e1e8da6c861e3ec8c451aec601e569c6ab756a6e757a6eff27be7cea5efd7cf2,2831584742635955469,1574913,3326756437934915451,3702007046620065566,8138932575232882940,/mnt/d/CPP-Projects/WorkloadAwareROAM/benchmark-output/cbt-2024/cbi-04/quality/dem-canyon-cbt-a16/frame-64/errors.f64,/mnt/d/CPP-Projects/WorkloadAwareROAM/benchmark-output/cbt-2024/cbi-04/quality/dem-canyon-cbt-a16/frame-64/locations.csv,/mnt/d/CPP-Projects/WorkloadAwareROAM/benchmark-output/cbt-2024/cbi-04/runs/dem-canyon-cbt-a16/visual/run/frame-64.png
dem-canyon-cbt-a16,dem-canyon,cbt,16,95,recovery,34973,True,0,0,9.069726118500801,2.4980040088904003,0.662754138865199,0.12955729166666666,0.9322916666666666,e1e8da6c861e3ec8c451aec601e569c6ab756a6e757a6eff27be7cea5efd7cf2,2831584742635955469,1574913,3326756437934915451,3702007046620065566,16577076264176203492,/mnt/d/CPP-Projects/WorkloadAwareROAM/benchmark-output/cbt-2024/cbi-04/quality/dem-canyon-cbt-a16/frame-95/errors.f64,/mnt/d/CPP-Projects/WorkloadAwareROAM/benchmark-output/cbt-2024/cbi-04/quality/dem-canyon-cbt-a16/frame-95/locations.csv,/mnt/d/CPP-Projects/WorkloadAwareROAM/benchmark-output/cbt-2024/cbi-04/runs/dem-canyon-cbt-a16/visual/run/frame-95.png
dem-canyon-cbt-a8,dem-canyon,cbt,8,2,reveal,48,True,0,0,63.06815471320398,6.420383776015284,10.541334021942662,0.171875,0.955078125,e1e8da6c861e3ec8c451aec601e569c6ab756a6e757a6eff27be7cea5efd7cf2,2831584742635955469,1574913,2444162831860700372,1695629951975481669,6390742029438717001,/mnt/d/CPP-Projects/WorkloadAwareROAM/benchmark-output/cbt-2024/cbi-04/quality/dem-canyon-cbt-a8/frame-2/errors.f64,/mnt/d/CPP-Projects/WorkloadAwareROAM/benchmark-output/cbt-2024/cbi-04/quality/dem-canyon-cbt-a8/frame-2/locations.csv,/mnt/d/CPP-Projects/WorkloadAwareROAM/benchmark-output/cbt-2024/cbi-04/runs/dem-canyon-cbt-a8/visual/run/frame-2.png
dem-canyon-cbt-a8,dem-canyon,cbt,8,32,return,23635,True,0,0,6.504416165650137,4.758042303022039,0.546510984434829,0.857421875,0.67578125,e1e8da6c861e3ec8c451aec601e569c6ab756a6e757a6eff27be7cea5efd7cf2,2831584742635955469,1574913,15911144475486726355,13613197345581950150,1794252980006799367,/mnt/d/CPP-Projects/WorkloadAwareROAM/benchmark-output/cbt-2024/cbi-04/quality/dem-canyon-cbt-a8/frame-32/errors.f64,/mnt/d/CPP-Projects/WorkloadAwareROAM/benchmark-output/cbt-2024/cbi-04/quality/dem-canyon-cbt-a8/frame-32/locations.csv,/mnt/d/CPP-Projects/WorkloadAwareROAM/benchmark-output/cbt-2024/cbi-04/runs/dem-canyon-cbt-a8/visual/run/frame-32.png
dem-canyon-cbt-a8,dem-canyon,cbt,8,64,recovery,66756,False,11,0,,,,0.1015625,0.890625,e1e8da6c861e3ec8c451aec601e569c6ab756a6e757a6eff27be7cea5efd7cf2,2831584742635955469,1574913,3326756437934915451,3702007046620065566,10263442426012286778,/mnt/d/CPP-Projects/WorkloadAwareROAM/benchmark-output/cbt-2024/cbi-04/quality/dem-canyon-cbt-a8/frame-64/errors.f64,/mnt/d/CPP-Projects/WorkloadAwareROAM/benchmark-output/cbt-2024/cbi-04/quality/dem-canyon-cbt-a8/frame-64/locations.csv,/mnt/d/CPP-Projects/WorkloadAwareROAM/benchmark-output/cbt-2024/cbi-04/runs/dem-canyon-cbt-a8/visual/run/frame-64.png
dem-canyon-cbt-a8,dem-canyon,cbt,8,95,recovery,67255,False,11,0,,,,0.12955729166666666,0.9322916666666666,e1e8da6c861e3ec8c451aec601e569c6ab756a6e757a6eff27be7cea5efd7cf2,2831584742635955469,1574913,3326756437934915451,3702007046620065566,13068314522289259923,/mnt/d/CPP-Projects/WorkloadAwareROAM/benchmark-output/cbt-2024/cbi-04/quality/dem-canyon-cbt-a8/frame-95/errors.f64,/mnt/d/CPP-Projects/WorkloadAwareROAM/benchmark-output/cbt-2024/cbi-04/quality/dem-canyon-cbt-a8/frame-95/locations.csv,/mnt/d/CPP-Projects/WorkloadAwareROAM/benchmark-output/cbt-2024/cbi-04/runs/dem-canyon-cbt-a8/visual/run/frame-95.png
dem-canyon-cbt-a4,dem-canyon,cbt,4,2,reveal,48,True,0,0,63.06815471320398,6.420383776015284,10.541334021942662,0.171875,0.955078125,e1e8da6c861e3ec8c451aec601e569c6ab756a6e757a6eff27be7cea5efd7cf2,2831584742635955469,1574913,2444162831860700372,1695629951975481669,6390742029438717001,/mnt/d/CPP-Projects/WorkloadAwareROAM/benchmark-output/cbt-2024/cbi-04/quality/dem-canyon-cbt-a4/frame-2/errors.f64,/mnt/d/CPP-Projects/WorkloadAwareROAM/benchmark-output/cbt-2024/cbi-04/quality/dem-canyon-cbt-a4/frame-2/locations.csv,/mnt/d/CPP-Projects/WorkloadAwareROAM/benchmark-output/cbt-2024/cbi-04/runs/dem-canyon-cbt-a4/visual/run/frame-2.png
dem-canyon-cbt-a4,dem-canyon,cbt,4,32,return,40956,False,1,0,,,,0.8645833333333334,0.6731770833333334,e1e8da6c861e3ec8c451aec601e569c6ab756a6e757a6eff27be7cea5efd7cf2,2831584742635955469,1574913,15911144475486726355,13613197345581950150,11529274519043356298,/mnt/d/CPP-Projects/WorkloadAwareROAM/benchmark-output/cbt-2024/cbi-04/quality/dem-canyon-cbt-a4/frame-32/errors.f64,/mnt/d/CPP-Projects/WorkloadAwareROAM/benchmark-output/cbt-2024/cbi-04/quality/dem-canyon-cbt-a4/frame-32/locations.csv,/mnt/d/CPP-Projects/WorkloadAwareROAM/benchmark-output/cbt-2024/cbi-04/runs/dem-canyon-cbt-a4/visual/run/frame-32.png
dem-canyon-cbt-a4,dem-canyon,cbt,4,64,recovery,123986,False,123,0,,,,0.1015625,0.890625,e1e8da6c861e3ec8c451aec601e569c6ab756a6e757a6eff27be7cea5efd7cf2,2831584742635955469,1574913,3326756437934915451,3702007046620065566,12165641252942238983,/mnt/d/CPP-Projects/WorkloadAwareROAM/benchmark-output/cbt-2024/cbi-04/quality/dem-canyon-cbt-a4/frame-64/errors.f64,/mnt/d/CPP-Projects/WorkloadAwareROAM/benchmark-output/cbt-2024/cbi-04/quality/dem-canyon-cbt-a4/frame-64/locations.csv,/mnt/d/CPP-Projects/WorkloadAwareROAM/benchmark-output/cbt-2024/cbi-04/runs/dem-canyon-cbt-a4/visual/run/frame-64.png
dem-canyon-cbt-a4,dem-canyon,cbt,4,95,recovery,125407,False,123,0,,,,0.107421875,0.892578125,e1e8da6c861e3ec8c451aec601e569c6ab756a6e757a6eff27be7cea5efd7cf2,2831584742635955469,1574913,3326756437934915451,3702007046620065566,15745037963994792725,/mnt/d/CPP-Projects/WorkloadAwareROAM/benchmark-output/cbt-2024/cbi-04/quality/dem-canyon-cbt-a4/frame-95/errors.f64,/mnt/d/CPP-Projects/WorkloadAwareROAM/benchmark-output/cbt-2024/cbi-04/quality/dem-canyon-cbt-a4/frame-95/locations.csv,/mnt/d/CPP-Projects/WorkloadAwareROAM/benchmark-output/cbt-2024/cbi-04/runs/dem-canyon-cbt-a4/visual/run/frame-95.png
dem-canyon-dod-b50000,dem-canyon,dod,50000,2,reveal,49996,True,0,0,2.3156938104516644,1.165875234581235,0.2981173392036623,0.8515625,0.841796875,e1e8da6c861e3ec8c451aec601e569c6ab756a6e757a6eff27be7cea5efd7cf2,2831584742635955469,1574913,2444162831860700372,1695629951975481669,14389074011157899099,/mnt/d/CPP-Projects/WorkloadAwareROAM/benchmark-output/cbt-2024/cbi-04/quality/dem-canyon-dod-b50000/frame-2/errors.f64,/mnt/d/CPP-Projects/WorkloadAwareROAM/benchmark-output/cbt-2024/cbi-04/quality/dem-canyon-dod-b50000/frame-2/locations.csv,/mnt/d/CPP-Projects/WorkloadAwareROAM/benchmark-output/cbt-2024/cbi-04/runs/dem-canyon-dod-b50000/visual/run/frame-2.png
dem-canyon-dod-b50000,dem-canyon,dod,50000,32,return,13017,True,0,0,1.814737852615923,5.824603926782208,0.2560926466225861,0.990234375,0.52734375,e1e8da6c861e3ec8c451aec601e569c6ab756a6e757a6eff27be7cea5efd7cf2,2831584742635955469,1574913,15911144475486726355,13613197345581950150,16192986662008611698,/mnt/d/CPP-Projects/WorkloadAwareROAM/benchmark-output/cbt-2024/cbi-04/quality/dem-canyon-dod-b50000/frame-32/errors.f64,/mnt/d/CPP-Projects/WorkloadAwareROAM/benchmark-output/cbt-2024/cbi-04/quality/dem-canyon-dod-b50000/frame-32/locations.csv,/mnt/d/CPP-Projects/WorkloadAwareROAM/benchmark-output/cbt-2024/cbi-04/runs/dem-canyon-dod-b50000/visual/run/frame-32.png
dem-canyon-dod-b50000,dem-canyon,dod,50000,64,recovery,50000,True,0,0,2.348192641609855,1.165875234581235,0.2990287537793469,0.92578125,0.681640625,e1e8da6c861e3ec8c451aec601e569c6ab756a6e757a6eff27be7cea5efd7cf2,2831584742635955469,1574913,3326756437934915451,3702007046620065566,10659550524320873762,/mnt/d/CPP-Projects/WorkloadAwareROAM/benchmark-output/cbt-2024/cbi-04/quality/dem-canyon-dod-b50000/frame-64/errors.f64,/mnt/d/CPP-Projects/WorkloadAwareROAM/benchmark-output/cbt-2024/cbi-04/quality/dem-canyon-dod-b50000/frame-64/locations.csv,/mnt/d/CPP-Projects/WorkloadAwareROAM/benchmark-output/cbt-2024/cbi-04/runs/dem-canyon-dod-b50000/visual/run/frame-64.png
dem-canyon-dod-b50000,dem-canyon,dod,50000,95,recovery,50000,True,0,0,2.348192641609855,1.165875234581235,0.2990287537793469,0.92578125,0.681640625,e1e8da6c861e3ec8c451aec601e569c6ab756a6e757a6eff27be7cea5efd7cf2,2831584742635955469,1574913,3326756437934915451,3702007046620065566,6910887810557670167,/mnt/d/CPP-Projects/WorkloadAwareROAM/benchmark-output/cbt-2024/cbi-04/quality/dem-canyon-dod-b50000/frame-95/errors.f64,/mnt/d/CPP-Projects/WorkloadAwareROAM/benchmark-output/cbt-2024/cbi-04/quality/dem-canyon-dod-b50000/frame-95/locations.csv,/mnt/d/CPP-Projects/WorkloadAwareROAM/benchmark-output/cbt-2024/cbi-04/runs/dem-canyon-dod-b50000/visual/run/frame-95.png
dem-canyon-transactional-b50000,dem-canyon,transactional,50000,2,reveal,50000,True,0,0,4.63692509577418,1.165875234581235,0.30282059154741237,0.96875,0.953125,e1e8da6c861e3ec8c451aec601e569c6ab756a6e757a6eff27be7cea5efd7cf2,2831584742635955469,1574913,2444162831860700372,1695629951975481669,18382944899644861613,/mnt/d/CPP-Projects/WorkloadAwareROAM/benchmark-output/cbt-2024/cbi-04/quality/dem-canyon-transactional-b50000/frame-2/errors.f64,/mnt/d/CPP-Projects/WorkloadAwareROAM/benchmark-output/cbt-2024/cbi-04/quality/dem-canyon-transactional-b50000/frame-2/locations.csv,/mnt/d/CPP-Projects/WorkloadAwareROAM/benchmark-output/cbt-2024/cbi-04/runs/dem-canyon-transactional-b50000/visual/run/frame-2.png
dem-canyon-transactional-b50000,dem-canyon,transactional,50000,32,return,50000,True,0,0,9.104802500681755,1.165875234581235,0.5271009117878793,0.98828125,1,e1e8da6c861e3ec8c451aec601e569c6ab756a6e757a6eff27be7cea5efd7cf2,2831584742635955469,1574913,15911144475486726355,13613197345581950150,11488816544551648613,/mnt/d/CPP-Projects/WorkloadAwareROAM/benchmark-output/cbt-2024/cbi-04/quality/dem-canyon-transactional-b50000/frame-32/errors.f64,/mnt/d/CPP-Projects/WorkloadAwareROAM/benchmark-output/cbt-2024/cbi-04/quality/dem-canyon-transactional-b50000/frame-32/locations.csv,/mnt/d/CPP-Projects/WorkloadAwareROAM/benchmark-output/cbt-2024/cbi-04/runs/dem-canyon-transactional-b50000/visual/run/frame-32.png
dem-canyon-transactional-b50000,dem-canyon,transactional,50000,64,recovery,50000,True,0,0,2.348192641609855,1.165875234581235,0.2991600830810882,0.92578125,0.681640625,e1e8da6c861e3ec8c451aec601e569c6ab756a6e757a6eff27be7cea5efd7cf2,2831584742635955469,1574913,3326756437934915451,3702007046620065566,14141856504628337756,/mnt/d/CPP-Projects/WorkloadAwareROAM/benchmark-output/cbt-2024/cbi-04/quality/dem-canyon-transactional-b50000/frame-64/errors.f64,/mnt/d/CPP-Projects/WorkloadAwareROAM/benchmark-output/cbt-2024/cbi-04/quality/dem-canyon-transactional-b50000/frame-64/locations.csv,/mnt/d/CPP-Projects/WorkloadAwareROAM/benchmark-output/cbt-2024/cbi-04/runs/dem-canyon-transactional-b50000/visual/run/frame-64.png
dem-canyon-transactional-b50000,dem-canyon,transactional,50000,95,recovery,50000,True,0,0,2.348192641609855,1.165875234581235,0.2991600830810882,0.92578125,0.681640625,e1e8da6c861e3ec8c451aec601e569c6ab756a6e757a6eff27be7cea5efd7cf2,2831584742635955469,1574913,3326756437934915451,3702007046620065566,14141856504628337756,/mnt/d/CPP-Projects/WorkloadAwareROAM/benchmark-output/cbt-2024/cbi-04/quality/dem-canyon-transactional-b50000/frame-95/errors.f64,/mnt/d/CPP-Projects/WorkloadAwareROAM/benchmark-output/cbt-2024/cbi-04/quality/dem-canyon-transactional-b50000/frame-95/locations.csv,/mnt/d/CPP-Projects/WorkloadAwareROAM/benchmark-output/cbt-2024/cbi-04/runs/dem-canyon-transactional-b50000/visual/run/frame-95.png
dem-canyon-dod-b200000,dem-canyon,dod,200000,2,reveal,61260,True,0,0,1.9695478307881868,1.165875234581235,0.24750318346717953,0.2890625,0.240234375,e1e8da6c861e3ec8c451aec601e569c6ab756a6e757a6eff27be7cea5efd7cf2,2831584742635955469,1574913,2444162831860700372,1695629951975481669,3562739811218754295,/mnt/d/CPP-Projects/WorkloadAwareROAM/benchmark-output/cbt-2024/cbi-04/quality/dem-canyon-dod-b200000/frame-2/errors.f64,/mnt/d/CPP-Projects/WorkloadAwareROAM/benchmark-output/cbt-2024/cbi-04/quality/dem-canyon-dod-b200000/frame-2/locations.csv,/mnt/d/CPP-Projects/WorkloadAwareROAM/benchmark-output/cbt-2024/cbi-04/runs/dem-canyon-dod-b200000/visual/run/frame-2.png
dem-canyon-dod-b200000,dem-canyon,dod,200000,32,return,13143,True,0,0,1.814737852615923,5.824603926782208,0.2529372031412547,0.990234375,0.52734375,e1e8da6c861e3ec8c451aec601e569c6ab756a6e757a6eff27be7cea5efd7cf2,2831584742635955469,1574913,15911144475486726355,13613197345581950150,8428050137515273519,/mnt/d/CPP-Projects/WorkloadAwareROAM/benchmark-output/cbt-2024/cbi-04/quality/dem-canyon-dod-b200000/frame-32/errors.f64,/mnt/d/CPP-Projects/WorkloadAwareROAM/benchmark-output/cbt-2024/cbi-04/quality/dem-canyon-dod-b200000/frame-32/locations.csv,/mnt/d/CPP-Projects/WorkloadAwareROAM/benchmark-output/cbt-2024/cbi-04/runs/dem-canyon-dod-b200000/visual/run/frame-32.png
dem-canyon-dod-b200000,dem-canyon,dod,200000,64,recovery,75764,True,0,0,1.8568843790084395,1.165875234581235,0.2009868543542334,0.2373046875,0.9150390625,e1e8da6c861e3ec8c451aec601e569c6ab756a6e757a6eff27be7cea5efd7cf2,2831584742635955469,1574913,3326756437934915451,3702007046620065566,16487487102970704196,/mnt/d/CPP-Projects/WorkloadAwareROAM/benchmark-output/cbt-2024/cbi-04/quality/dem-canyon-dod-b200000/frame-64/errors.f64,/mnt/d/CPP-Projects/WorkloadAwareROAM/benchmark-output/cbt-2024/cbi-04/quality/dem-canyon-dod-b200000/frame-64/locations.csv,/mnt/d/CPP-Projects/WorkloadAwareROAM/benchmark-output/cbt-2024/cbi-04/runs/dem-canyon-dod-b200000/visual/run/frame-64.png
dem-canyon-dod-b200000,dem-canyon,dod,200000,95,recovery,75764,True,0,0,1.8568843790084395,1.165875234581235,0.2009868543542334,0.2373046875,0.9150390625,e1e8da6c861e3ec8c451aec601e569c6ab756a6e757a6eff27be7cea5efd7cf2,2831584742635955469,1574913,3326756437934915451,3702007046620065566,16655958613608383178,/mnt/d/CPP-Projects/WorkloadAwareROAM/benchmark-output/cbt-2024/cbi-04/quality/dem-canyon-dod-b200000/frame-95/errors.f64,/mnt/d/CPP-Projects/WorkloadAwareROAM/benchmark-output/cbt-2024/cbi-04/quality/dem-canyon-dod-b200000/frame-95/locations.csv,/mnt/d/CPP-Projects/WorkloadAwareROAM/benchmark-output/cbt-2024/cbi-04/runs/dem-canyon-dod-b200000/visual/run/frame-95.png
dem-canyon-transactional-b200000,dem-canyon,transactional,200000,2,reveal,61010,True,0,0,4.63692509577418,1.165875234581235,0.2534290738514708,0.96875,0.953125,e1e8da6c861e3ec8c451aec601e569c6ab756a6e757a6eff27be7cea5efd7cf2,2831584742635955469,1574913,2444162831860700372,1695629951975481669,953557267206131185,/mnt/d/CPP-Projects/WorkloadAwareROAM/benchmark-output/cbt-2024/cbi-04/quality/dem-canyon-transactional-b200000/frame-2/errors.f64,/mnt/d/CPP-Projects/WorkloadAwareROAM/benchmark-output/cbt-2024/cbi-04/quality/dem-canyon-transactional-b200000/frame-2/locations.csv,/mnt/d/CPP-Projects/WorkloadAwareROAM/benchmark-output/cbt-2024/cbi-04/runs/dem-canyon-transactional-b200000/visual/run/frame-2.png
dem-canyon-transactional-b200000,dem-canyon,transactional,200000,32,return,61218,True,0,0,9.104802500681755,1.165875234581235,0.4889175665885831,0.98828125,1,e1e8da6c861e3ec8c451aec601e569c6ab756a6e757a6eff27be7cea5efd7cf2,2831584742635955469,1574913,15911144475486726355,13613197345581950150,4078209849434131450,/mnt/d/CPP-Projects/WorkloadAwareROAM/benchmark-output/cbt-2024/cbi-04/quality/dem-canyon-transactional-b200000/frame-32/errors.f64,/mnt/d/CPP-Projects/WorkloadAwareROAM/benchmark-output/cbt-2024/cbi-04/quality/dem-canyon-transactional-b200000/frame-32/locations.csv,/mnt/d/CPP-Projects/WorkloadAwareROAM/benchmark-output/cbt-2024/cbi-04/runs/dem-canyon-transactional-b200000/visual/run/frame-32.png
dem-canyon-transactional-b200000,dem-canyon,transactional,200000,64,recovery,61278,True,0,0,1.9416646862556237,1.165875234581235,0.2489841766926959,0.2890625,0.240234375,e1e8da6c861e3ec8c451aec601e569c6ab756a6e757a6eff27be7cea5efd7cf2,2831584742635955469,1574913,3326756437934915451,3702007046620065566,4702943126788928744,/mnt/d/CPP-Projects/WorkloadAwareROAM/benchmark-output/cbt-2024/cbi-04/quality/dem-canyon-transactional-b200000/frame-64/errors.f64,/mnt/d/CPP-Projects/WorkloadAwareROAM/benchmark-output/cbt-2024/cbi-04/quality/dem-canyon-transactional-b200000/frame-64/locations.csv,/mnt/d/CPP-Projects/WorkloadAwareROAM/benchmark-output/cbt-2024/cbi-04/runs/dem-canyon-transactional-b200000/visual/run/frame-64.png
dem-canyon-transactional-b200000,dem-canyon,transactional,200000,95,recovery,61278,True,0,0,1.9416646862556237,1.165875234581235,0.2489841766926959,0.2890625,0.240234375,e1e8da6c861e3ec8c451aec601e569c6ab756a6e757a6eff27be7cea5efd7cf2,2831584742635955469,1574913,3326756437934915451,3702007046620065566,4702943126788928744,/mnt/d/CPP-Projects/WorkloadAwareROAM/benchmark-output/cbt-2024/cbi-04/quality/dem-canyon-transactional-b200000/frame-95/errors.f64,/mnt/d/CPP-Projects/WorkloadAwareROAM/benchmark-output/cbt-2024/cbi-04/quality/dem-canyon-transactional-b200000/frame-95/locations.csv,/mnt/d/CPP-Projects/WorkloadAwareROAM/benchmark-output/cbt-2024/cbi-04/runs/dem-canyon-transactional-b200000/visual/run/frame-95.png
